policy_id,family,horizon_hours,lookback_hours,threshold,maximum_spread,exit_hours,risk_fraction,scenario,training_cash,training_pnl,total_fees,closed_trades,release_days,maximum_cost_drawdown,mean_daily_log_growth,simultaneous_lower_daily_log_growth,selection_rejections
86b823cc6273c088,momentum,24,1,0.03,0.03,1,0.005,costed,159.95,-40.05,11.81,238,155,0.20025,-0.0009010326619052805,-0.0013297585575515916,nonpositive_simultaneous_lower_bound;nonpositive_stress_profit
86b823cc6273c088,momentum,24,1,0.03,0.03,1,0.01,costed,159.8,-40.2,9.15,104,66,0.201,-0.0009048158597413788,-0.0018381778350120561,nonpositive_simultaneous_lower_bound;nonpositive_stress_profit
86b823cc6273c088,momentum,24,1,0.03,0.03,1,0.025,costed,158.26,-41.74,10.5,43,30,0.2087,-0.0009438633724475384,-0.002443190161882558,nonpositive_simultaneous_lower_bound;insufficient_release_days;nonpositive_stress_profit
86b823cc6273c088,momentum,24,1,0.03,0.03,1,0.05,costed,158.13,-41.87,9.76,19,14,0.20935,-0.0009471769637613376,-0.0031946576050589674,nonpositive_simultaneous_lower_bound;insufficient_release_days;nonpositive_stress_profit
86b823cc6273c088,momentum,24,1,0.03,0.03,1,0.005,stress,161.37,-38.63,7.08,163,124,0.19319034048297584,-0.0008653931515918386,-0.0012356894359437625,
86b823cc6273c088,momentum,24,1,0.03,0.03,1,0.01,stress,160.11,-39.89,6.49,85,60,0.20136979453082038,-0.0008970011594115876,-0.001706013806390546,
86b823cc6273c088,momentum,24,1,0.03,0.03,1,0.025,stress,158.91,-41.09,6.72,34,23,0.20576769292283087,-0.0009273361384011767,-0.0024284859422255838,
86b823cc6273c088,momentum,24,1,0.03,0.03,1,0.05,stress,157.23,-42.77,5.86,13,9,0.21475303401088747,-0.0009701921978461774,-0.003304238394553041,
8f23e52c07927c87,momentum,24,1,0.03,0.03,3,0.005,costed,159.65,-40.35,4.66,150,100,0.20175,-0.0009086026104324383,-0.0016331072858437705,nonpositive_simultaneous_lower_bound;nonpositive_stress_profit
8f23e52c07927c87,momentum,24,1,0.03,0.03,3,0.01,costed,159.5,-40.5,4.5,69,49,0.2028,-0.0009123929206578137,-0.0021649936543366604,nonpositive_simultaneous_lower_bound;insufficient_release_days;nonpositive_stress_profit
8f23e52c07927c87,momentum,24,1,0.03,0.03,3,0.025,costed,156.04,-43.96,2.85,17,12,0.2198,-0.0010008265399579872,-0.0034226708035407756,nonpositive_simultaneous_lower_bound;insufficient_release_days;nonpositive_stress_profit
8f23e52c07927c87,momentum,24,1,0.03,0.03,3,0.05,costed,156.36,-43.64,3.38,10,7,0.2182,-0.000992565829126139,-0.003916955638522451,nonpositive_simultaneous_lower_bound;insufficient_release_days;nonpositive_stress_profit
8f23e52c07927c87,momentum,24,1,0.03,0.03,3,0.005,stress,159.82,-40.18,4.27,147,105,0.2009,-0.0009043112282327368,-0.0015304001031528928,
8f23e52c07927c87,momentum,24,1,0.03,0.03,3,0.01,stress,155.7,-44.3,4.51,91,56,0.2215,-0.001009622127855177,-0.002313163539848849,
8f23e52c07927c87,momentum,24,1,0.03,0.03,3,0.025,stress,159.52,-40.48,2.59,17,10,0.2024,-0.0009118873400585019,-0.0030443505253765443,
8f23e52c07927c87,momentum,24,1,0.03,0.03,3,0.05,stress,154.76,-45.24,3.76,15,10,0.2345813343884465,-0.0010340396641763075,-0.0037270410203611246,
a6c966d20321869a,momentum,24,1,0.03,0.03,,0.005,costed,159.51,-40.49,4.18,150,99,0.20665472993136377,-0.0009121401224341926,-0.0016506877096631506,nonpositive_simultaneous_lower_bound;nonpositive_stress_profit
a6c966d20321869a,momentum,24,1,0.03,0.03,,0.01,costed,161.25,-38.75,3.61,67,46,0.20224607925592442,-0.0008683927857748171,-0.002145256873900925,nonpositive_simultaneous_lower_bound;insufficient_release_days;nonpositive_stress_profit
a6c966d20321869a,momentum,24,1,0.03,0.03,,0.025,costed,163.71,-36.29,2.55,17,13,0.20265926358854472,-0.0008073419221039784,-0.002938301661597535,nonpositive_simultaneous_lower_bound;insufficient_release_days;nonpositive_stress_profit
a6c966d20321869a,momentum,24,1,0.03,0.03,,0.05,costed,167.81,-32.19,6.35,25,20,0.20536982668813333,-0.0007076007239313168,-0.0033688597393806167,nonpositive_simultaneous_lower_bound;insufficient_release_days;nonpositive_stress_profit
a6c966d20321869a,momentum,24,1,0.03,0.03,,0.005,stress,160.36,-39.64,4.01,147,107,0.2012,-0.0008907099950553677,-0.001517480936211432,
a6c966d20321869a,momentum,24,1,0.03,0.03,,0.01,stress,159.52,-40.48,4.49,92,60,0.2024,-0.0009118873400585032,-0.0021708365300169277,
a6c966d20321869a,momentum,24,1,0.03,0.03,,0.025,stress,164.42,-35.58,4.51,40,28,0.21295,-0.000789892083967942,-0.0024894422363806756,
a6c966d20321869a,momentum,24,1,0.03,0.03,,0.05,stress,156.82,-43.18,5.39,26,23,0.23374054107522627,-0.0009807206280050842,-0.0034159566123683986,
78890181c26c3b59,momentum,24,1,0.03,0.08,1,0.005,costed,159.98,-40.02,11.1,231,114,0.2001,-0.000900276448094196,-0.001694827086746085,nonpositive_simultaneous_lower_bound;nonpositive_stress_profit
78890181c26c3b59,momentum,24,1,0.03,0.08,1,0.01,costed,158.97,-41.03,12.25,133,60,0.20515,-0.0009258139571582892,-0.002369925039766978,nonpositive_simultaneous_lower_bound;nonpositive_stress_profit
78890181c26c3b59,momentum,24,1,0.03,0.08,1,0.025,costed,158.9,-41.1,16.7,77,36,0.2055,-0.0009275898911506694,-0.0033895390680704256,nonpositive_simultaneous_lower_bound;insufficient_release_days;nonpositive_stress_profit
78890181c26c3b59,momentum,24,1,0.03,0.08,1,0.05,costed,160.28,-39.72,22.78,56,33,0.21684745431447278,-0.0008927220999197289,-0.0048236354034574686,nonpositive_simultaneous_lower_bound;insufficient_release_days;nonpositive_stress_profit
78890181c26c3b59,momentum,24,1,0.03,0.08,1,0.005,stress,159.96,-40.04,7.22,171,102,0.2002,-0.0009007805748766909,-0.0015460133423056538,
78890181c26c3b59,momentum,24,1,0.03,0.08,1,0.01,stress,159.7,-40.3,7.52,95,48,0.2015,-0.0009073399650285075,-0.002107988701520614,
78890181c26c3b59,momentum,24,1,0.03,0.08,1,0.025,stress,159.52,-40.48,7.39,38,18,0.2024,-0.0009118873400585021,-0.0031600039249332114,
78890181c26c3b59,momentum,24,1,0.03,0.08,1,0.05,stress,157.62,-42.38,10.5,35,22,0.2119,-0.000960202796865053,-0.0028591233756277844,
aeb312acb692c5ec,momentum,24,1,0.03,0.08,3,0.005,costed,159.51,-40.49,5.68,164,86,0.20245,-0.000912140122434194,-0.0018876272658212962,nonpositive_simultaneous_lower_bound;nonpositive_stress_profit
aeb312acb692c5ec,momentum,24,1,0.03,0.08,3,0.01,costed,160.44,-39.56,6.3,98,45,0.20165,-0.0008886988937346159,-0.002624927488891475,nonpositive_simultaneous_lower_bound;insufficient_release_days;nonpositive_stress_profit
aeb312acb692c5ec,momentum,24,1,0.03,0.08,3,0.025,costed,154.36,-45.64,9.93,67,33,0.23635641992458822,-0.0010444751204783014,-0.0042744915622477415,nonpositive_simultaneous_lower_bound;insufficient_release_days;nonpositive_stress_profit
aeb312acb692c5ec,momentum,24,1,0.03,0.08,3,0.05,costed,158.52,-41.48,4.61,20,10,0.2074,-0.0009372443476846875,-0.0035230324751654414,nonpositive_simultaneous_lower_bound;insufficient_release_days;nonpositive_stress_profit
aeb312acb692c5ec,momentum,24,1,0.03,0.08,3,0.005,stress,160.06,-39.94,5.0,191,105,0.20542096902303417,-0.0008982605710045826,-0.0017436051744757458,
aeb312acb692c5ec,momentum,24,1,0.03,0.08,3,0.01,stress,163.64,-36.36,6.3,129,63,0.20105458451323113,-0.0008090664253501569,-0.0020687946227826983,
aeb312acb692c5ec,momentum,24,1,0.03,0.08,3,0.025,stress,166.0,-34.0,6.51,58,30,0.21125154423643447,-0.0007513289443205384,-0.002880009336786279,
aeb312acb692c5ec,momentum,24,1,0.03,0.08,3,0.05,stress,149.93,-50.07,6.96,42,26,0.25035,-0.0011618905162952625,-0.0046333942366205555,
8badad8d1cfd3c35,momentum,24,1,0.03,0.08,,0.005,costed,158.43,-41.57,6.0,225,117,0.21119034558420186,-0.0009395343191979243,-0.001896671322828667,nonpositive_simultaneous_lower_bound;nonpositive_stress_profit
8badad8d1cfd3c35,momentum,24,1,0.03,0.08,,0.01,costed,157.37,-42.63,6.55,132,59,0.2153861494739991,-0.0009666034110292884,-0.0027139670214271806,nonpositive_simultaneous_lower_bound;insufficient_release_days;nonpositive_stress_profit
8badad8d1cfd3c35,momentum,24,1,0.03,0.08,,0.025,costed,178.15,-21.85,9.25,76,42,0.22165264633718892,-0.00046649788103302867,-0.0035048202449811435,nonpositive_simultaneous_lower_bound;insufficient_release_days;nonpositive_stress_profit
8badad8d1cfd3c35,momentum,24,1,0.03,0.08,,0.05,costed,195.05,-4.95,10.98,57,38,0.23138148948084153,-0.00010105415562649792,-0.004520467027734833,nonpositive_simultaneous_lower_bound;insufficient_release_days;nonpositive_stress_profit
8badad8d1cfd3c35,momentum,24,1,0.03,0.08,,0.005,stress,160.6,-39.4,4.99,198,113,0.2050685541751225,-0.0008846796977232895,-0.0017497846477313997,
8badad8d1cfd3c35,momentum,24,1,0.03,0.08,,0.01,stress,164.7,-35.3,6.42,137,72,0.20553398058252428,-0.0007830311667921017,-0.001990378500485686,
8badad8d1cfd3c35,momentum,24,1,0.03,0.08,,0.025,stress,168.13,-31.87,6.44,59,35,0.2172405715624268,-0.0006999188582951604,-0.0029040184983857823,
8badad8d1cfd3c35,momentum,24,1,0.03,0.08,,0.05,stress,149.98,-50.02,6.2,43,30,0.2501,-0.001160546026914491,-0.004682457803397055,
f785fde9292986c5,momentum,18,1,0.03,0.03,1,0.005,costed,175.13,-24.87,7.63,157,121,0.12435,-0.0005354387550946098,-0.0008176274176360362,nonpositive_simultaneous_lower_bound;nonpositive_stress_profit
f785fde9292986c5,momentum,18,1,0.03,0.03,1,0.01,costed,159.95,-40.05,12.11,136,109,0.20025,-0.0009010326619052817,-0.0014596143942656003,nonpositive_simultaneous_lower_bound;nonpositive_stress_profit
f785fde9292986c5,momentum,18,1,0.03,0.03,1,0.025,costed,159.91,-40.09,11.97,56,46,0.20045,-0.0009020411676479255,-0.001989005763260361,nonpositive_simultaneous_lower_bound;insufficient_release_days;nonpositive_stress_profit
f785fde9292986c5,momentum,18,1,0.03,0.03,1,0.05,costed,159.31,-40.69,10.86,26,23,0.20345,-0.0009171991006581985,-0.0023487509816194556,nonpositive_simultaneous_lower_bound;insufficient_release_days;nonpositive_stress_profit
f785fde9292986c5,momentum,18,1,0.03,0.03,1,0.005,stress,175.42,-24.58,5.74,125,101,0.1229,-0.000528767209777425,-0.0008351263739573905,
f785fde9292986c5,momentum,18,1,0.03,0.03,1,0.01,stress,159.3,-40.7,8.94,109,91,0.2035,-0.0009174522162582003,-0.0015015327154165657,
f785fde9292986c5,momentum,18,1,0.03,0.03,1,0.025,stress,159.07,-40.93,8.21,44,37,0.20465,-0.0009232782646684168,-0.001967673291328415,
f785fde9292986c5,momentum,18,1,0.03,0.03,1,0.05,stress,158.28,-41.72,6.79,17,16,0.2086,-0.0009433538307694067,-0.0022860578742345708,
22d68799cdd18612,momentum,18,1,0.03,0.03,3,0.005,costed,173.26,-26.74,7.23,158,121,0.1337,-0.0005787258471211395,-0.0010360620050207455,nonpositive_simultaneous_lower_bound;nonpositive_stress_profit
22d68799cdd18612,momentum,18,1,0.03,0.03,3,0.01,costed,159.27,-40.73,11.57,136,108,0.20365,-0.0009182116584046259,-0.0016938488097720517,nonpositive_simultaneous_lower_bound;nonpositive_stress_profit
22d68799cdd18612,momentum,18,1,0.03,0.03,3,0.025,costed,159.68,-40.32,12.06,60,47,0.2016,-0.0009078449757454965,-0.002448120154088772,nonpositive_simultaneous_lower_bound;insufficient_release_days;nonpositive_stress_profit
22d68799cdd18612,momentum,18,1,0.03,0.03,3,0.05,costed,159.03,-40.97,8.06,22,21,0.20485,-0.0009242923503234375,-0.00258040750338309,nonpositive_simultaneous_lower_bound;insufficient_release_days;nonpositive_stress_profit
22d68799cdd18612,momentum,18,1,0.03,0.03,3,0.005,stress,177.17,-22.83,5.43,129,99,0.11415,-0.0004887404957084294,-0.0009228505523073181,
22d68799cdd18612,momentum,18,1,0.03,0.03,3,0.01,stress,159.59,-40.41,9.08,119,93,0.20205,-0.000910118307003797,-0.0017959498196656702,
22d68799cdd18612,momentum,18,1,0.03,0.03,3,0.025,stress,158.63,-41.37,10.61,60,48,0.20685,-0.0009344472585793266,-0.002699297707088383,
22d68799cdd18612,momentum,18,1,0.03,0.03,3,0.05,stress,156.39,-43.61,6.89,19,16,0.2186,-0.0009917922544351305,-0.0029112154892499517,
aa1d58c826c17957,momentum,18,1,0.03,0.03,,0.005,costed,179.64,-20.36,4.21,164,129,0.11753125307609016,-0.0004329133803568546,-0.0012130373676804043,nonpositive_simultaneous_lower_bound;nonpositive_stress_profit
aa1d58c826c17957,momentum,18,1,0.03,0.03,,0.01,costed,166.33,-33.67,7.69,154,121,0.20361881785283473,-0.0007433209667161031,-0.002436007744194909,nonpositive_simultaneous_lower_bound;nonpositive_stress_profit
aa1d58c826c17957,momentum,18,1,0.03,0.03,,0.025,costed,172.36,-27.64,4.27,36,30,0.20750379327785184,-0.0005997260233887065,-0.0026613232611533834,nonpositive_simultaneous_lower_bound;insufficient_release_days;nonpositive_stress_profit
aa1d58c826c17957,momentum,18,1,0.03,0.03,,0.05,costed,188.79,-11.21,5.79,24,22,0.2116272176821781,-0.00023258903363340607,-0.003299509337313146,nonpositive_simultaneous_lower_bound;insufficient_release_days;nonpositive_stress_profit
aa1d58c826c17957,momentum,18,1,0.03,0.03,,0.005,stress,188.37,-11.63,3.43,137,110,0.08215173220289432,-0.00024156956755608234,-0.0008319144139799369,
aa1d58c826c17957,momentum,18,1,0.03,0.03,,0.01,stress,173.75,-26.25,6.82,137,110,0.17837045443798175,-0.0005673382342868325,-0.0019213441878551253,
aa1d58c826c17957,momentum,18,1,0.03,0.03,,0.025,stress,186.71,-13.29,10.7,86,73,0.21129556879145017,-0.0002772611111725493,-0.003082112723249954,
aa1d58c826c17957,momentum,18,1,0.03,0.03,,0.05,stress,196.31,-3.69,6.67,27,23,0.23588026935502704,-7.50900166455438e-05,-0.0035165546757717075,
c21a44b9a12e50e3,momentum,18,1,0.03,0.08,1,0.005,costed,169.71,-30.29,9.88,211,146,0.15145,-0.0006622026956647682,-0.0010147394695688037,nonpositive_simultaneous_lower_bound;nonpositive_stress_profit
c21a44b9a12e50e3,momentum,18,1,0.03,0.08,1,0.01,costed,159.82,-40.18,11.83,142,108,0.2009,-0.0009043112282327406,-0.0015434462932480543,nonpositive_simultaneous_lower_bound;nonpositive_stress_profit
c21a44b9a12e50e3,momentum,18,1,0.03,0.08,1,0.025,costed,159.05,-40.95,11.1,55,43,0.20475,-0.0009237852756164654,-0.002017973582651335,nonpositive_simultaneous_lower_bound;insufficient_release_days;nonpositive_stress_profit
c21a44b9a12e50e3,momentum,18,1,0.03,0.08,1,0.05,costed,159.35,-40.65,9.16,24,24,0.20325,-0.0009161867971156902,-0.0023714045320516936,nonpositive_simultaneous_lower_bound;insufficient_release_days;nonpositive_stress_profit
c21a44b9a12e50e3,momentum,18,1,0.03,0.08,1,0.005,stress,170.06,-29.94,7.41,168,127,0.1497,-0.0006538953652838325,-0.0010168697005032037,
c21a44b9a12e50e3,momentum,18,1,0.03,0.08,1,0.01,stress,160.06,-39.94,8.09,106,88,0.2,-0.0008982605710045847,-0.0016163414242787474,
c21a44b9a12e50e3,momentum,18,1,0.03,0.08,1,0.025,stress,159.66,-40.34,8.0,45,39,0.2017,-0.0009083500497192901,-0.0019683892244858068,
c21a44b9a12e50e3,momentum,18,1,0.03,0.08,1,0.05,stress,159.12,-40.88,6.27,19,19,0.2044,-0.0009220110161383868,-0.0023500681637459685,
06a5f8f7bf93f43d,momentum,18,1,0.03,0.08,3,0.005,costed,167.62,-32.38,9.39,211,146,0.1619,-0.000712168765634182,-0.0011810394316520624,nonpositive_simultaneous_lower_bound;nonpositive_stress_profit
06a5f8f7bf93f43d,momentum,18,1,0.03,0.08,3,0.01,costed,159.44,-40.56,11.08,141,104,0.2028,-0.0009139100429173282,-0.0017681123601403794,nonpositive_simultaneous_lower_bound;nonpositive_stress_profit
06a5f8f7bf93f43d,momentum,18,1,0.03,0.08,3,0.025,costed,157.0,-43.0,7.12,39,33,0.215,-0.0009760950048376152,-0.0023895581903639763,nonpositive_simultaneous_lower_bound;insufficient_release_days;nonpositive_stress_profit
06a5f8f7bf93f43d,momentum,18,1,0.03,0.08,3,0.05,costed,159.77,-40.23,7.26,22,22,0.20115,-0.0009055729254377282,-0.0024980763652061675,nonpositive_simultaneous_lower_bound;insufficient_release_days;nonpositive_stress_profit
06a5f8f7bf93f43d,momentum,18,1,0.03,0.08,3,0.005,stress,174.01,-25.99,7.04,172,128,0.13198982391380257,-0.0005613088617764111,-0.0011052284828867763,
06a5f8f7bf93f43d,momentum,18,1,0.03,0.08,3,0.01,stress,160.67,-39.33,9.53,130,105,0.20056722061896706,-0.0008829225584386817,-0.001930313624485262,
06a5f8f7bf93f43d,momentum,18,1,0.03,0.08,3,0.025,stress,158.52,-41.48,13.78,79,65,0.21872843765401676,-0.0009372443476846882,-0.0029438916018990754,
06a5f8f7bf93f43d,momentum,18,1,0.03,0.08,3,0.05,stress,164.21,-35.79,11.48,34,29,0.20374684527276257,-0.0007950454437269786,-0.0030219986338377424,
2f304aed11e0515a,momentum,18,1,0.03,0.08,,0.005,costed,173.98,-26.02,5.45,220,152,0.14344909234411996,-0.0005620040986638813,-0.0014350621250087126,nonpositive_simultaneous_lower_bound;nonpositive_stress_profit
2f304aed11e0515a,momentum,18,1,0.03,0.08,,0.01,costed,163.17,-36.83,9.25,200,142,0.21170104835982415,-0.0008206643727623262,-0.0024310501166697673,nonpositive_simultaneous_lower_bound;nonpositive_stress_profit
2f304aed11e0515a,momentum,18,1,0.03,0.08,,0.025,costed,169.03,-30.97,7.16,60,48,0.21922357343311505,-0.0006783917442981873,-0.002918703459668099,nonpositive_simultaneous_lower_bound;insufficient_release_days;nonpositive_stress_profit
2f304aed11e0515a,momentum,18,1,0.03,0.08,,0.05,costed,171.85,-28.15,8.43,36,31,0.24893270542669776,-0.000611674851823361,-0.004263385811356973,nonpositive_simultaneous_lower_bound;insufficient_release_days
2f304aed11e0515a,momentum,18,1,0.03,0.08,,0.005,stress,184.89,-15.11,4.3,179,137,0.10251929517984563,-0.00031675932623296605,-0.0010162648058262304,
2f304aed11e0515a,momentum,18,1,0.03,0.08,,0.01,stress,174.44,-25.56,7.71,160,128,0.20191027230564357,-0.0005513569498930267,-0.0021218599427784155,
2f304aed11e0515a,momentum,18,1,0.03,0.08,,0.025,stress,190.73,-9.27,11.87,97,81,0.22325391977194053,-0.00019136512564395795,-0.0034386211678517887,
2f304aed11e0515a,momentum,18,1,0.03,0.08,,0.05,stress,216.06,16.06,10.01,45,39,0.20220700152207002,0.0003114466949225898,-0.0038956341891926843,
16673ca4bee05298,momentum,12,1,0.03,0.03,1,0.005,costed,176.72,-23.28,3.71,102,82,0.1164,-0.0004989951912748985,-0.0007958112633969794,nonpositive_simultaneous_lower_bound;nonpositive_stress_profit
16673ca4bee05298,momentum,12,1,0.03,0.03,1,0.01,costed,159.82,-40.18,6.87,106,83,0.2009,-0.0009043112282327415,-0.0014940384562367767,nonpositive_simultaneous_lower_bound;nonpositive_stress_profit
16673ca4bee05298,momentum,12,1,0.03,0.03,1,0.025,costed,159.91,-40.09,5.69,36,27,0.20045,-0.000902041167647928,-0.0023836727755595175,nonpositive_simultaneous_lower_bound;insufficient_release_days;nonpositive_stress_profit
16673ca4bee05298,momentum,12,1,0.03,0.03,1,0.05,costed,158.52,-41.48,5.32,17,15,0.2074,-0.0009372443476846863,-0.0026748781513644066,nonpositive_simultaneous_lower_bound;insufficient_release_days;nonpositive_stress_profit
16673ca4bee05298,momentum,12,1,0.03,0.03,1,0.005,stress,181.26,-18.74,3.17,89,77,0.0937,-0.0003967133141991991,-0.0007523900462258341,
16673ca4bee05298,momentum,12,1,0.03,0.03,1,0.01,stress,161.18,-38.82,6.07,96,82,0.1941,-0.0008701436034341561,-0.0016616273077003606,
16673ca4bee05298,momentum,12,1,0.03,0.03,1,0.025,stress,159.54,-40.46,8.73,52,43,0.2023,-0.0009113818228429571,-0.0024434836944006648,
16673ca4bee05298,momentum,12,1,0.03,0.03,1,0.05,stress,159.43,-40.57,7.07,21,18,0.20285,-0.0009141629521321077,-0.0029975013232989936,
6cffba7ff2409182,momentum,12,1,0.03,0.03,3,0.005,costed,182.58,-17.42,2.94,104,83,0.0873,-0.0003674553766576699,-0.0007278554376491365,nonpositive_simultaneous_lower_bound;nonpositive_stress_profit
6cffba7ff2409182,momentum,12,1,0.03,0.03,3,0.01,costed,160.47,-39.53,5.41,115,88,0.19765,-0.0008879449892611612,-0.001673717850013477,nonpositive_simultaneous_lower_bound;nonpositive_stress_profit
6cffba7ff2409182,momentum,12,1,0.03,0.03,3,0.025,costed,159.6,-40.4,4.58,36,26,0.202,-0.0009098656513400341,-0.0026460467229672984,nonpositive_simultaneous_lower_bound;insufficient_release_days;nonpositive_stress_profit
6cffba7ff2409182,momentum,12,1,0.03,0.03,3,0.05,costed,157.83,-42.17,6.44,25,20,0.21085,-0.0009548341215210137,-0.0031772640719945175,nonpositive_simultaneous_lower_bound;insufficient_release_days;nonpositive_stress_profit
6cffba7ff2409182,momentum,12,1,0.03,0.03,3,0.005,stress,186.71,-13.29,2.35,91,72,0.07266315684911095,-0.0002772611111725493,-0.0007877163415428011,
6cffba7ff2409182,momentum,12,1,0.03,0.03,3,0.01,stress,173.27,-26.73,4.52,96,75,0.14855036855036854,-0.000578493125101937,-0.001715161525521473,
6cffba7ff2409182,momentum,12,1,0.03,0.03,3,0.025,stress,164.46,-35.54,7.49,58,42,0.21945894636924537,-0.0007889112379245451,-0.003459950333190384,
6cffba7ff2409182,momentum,12,1,0.03,0.03,3,0.05,stress,165.9,-34.1,4.99,20,16,0.20879435330026708,-0.0007537587473856371,-0.0037743616899170856,
aa7b5bd63e756eaf,momentum,12,1,0.03,0.03,,0.005,costed,182.91,-17.09,2.16,103,81,0.08673494878840869,-0.0003601739433879144,-0.0008014494099061245,nonpositive_simultaneous_lower_bound;nonpositive_stress_profit
aa7b5bd63e756eaf,momentum,12,1,0.03,0.03,,0.01,costed,161.99,-38.01,4.24,115,89,0.19005,-0.0008499304903870588,-0.0018085103282918825,nonpositive_simultaneous_lower_bound;nonpositive_stress_profit
aa7b5bd63e756eaf,momentum,12,1,0.03,0.03,,0.025,costed,158.24,-41.76,2.68,27,20,0.2088,-0.0009443729785227209,-0.003119063934624076,nonpositive_simultaneous_lower_bound;insufficient_release_days;nonpositive_stress_profit
aa7b5bd63e756eaf,momentum,12,1,0.03,0.03,,0.05,costed,158.18,-41.82,4.09,24,19,0.2260873819658496,-0.0009459021832934107,-0.003849660998145783,nonpositive_simultaneous_lower_bound;insufficient_release_days;nonpositive_stress_profit
aa7b5bd63e756eaf,momentum,12,1,0.03,0.03,,0.005,stress,185.81,-14.19,2.04,91,76,0.08323465561476219,-0.00029674483993295667,-0.0008330779176735153,
aa7b5bd63e756eaf,momentum,12,1,0.03,0.03,,0.01,stress,170.11,-29.89,3.97,96,80,0.17431014380101048,-0.0006527099997038139,-0.0018265993605896687,
aa7b5bd63e756eaf,momentum,12,1,0.03,0.03,,0.025,stress,170.85,-29.15,6.02,53,44,0.2129267056709817,-0.0006352072096239352,-0.003064905792268224,
aa7b5bd63e756eaf,momentum,12,1,0.03,0.03,,0.05,stress,177.66,-22.34,4.6,21,18,0.2159060817371348,-0.00047760385163903984,-0.003801040284692826,
1c374765214d3178,momentum,12,1,0.03,0.08,1,0.005,costed,159.78,-40.22,8.08,212,124,0.2011,-0.0009053205544118582,-0.0015608270172093775,nonpositive_simultaneous_lower_bound;nonpositive_stress_profit
1c374765214d3178,momentum,12,1,0.03,0.08,1,0.01,costed,159.05,-40.95,7.32,119,63,0.20475,-0.0009237852756164657,-0.002073276507186809,nonpositive_simultaneous_lower_bound;nonpositive_stress_profit
1c374765214d3178,momentum,12,1,0.03,0.08,1,0.025,costed,159.16,-40.84,7.97,50,30,0.2042,-0.0009209975039891488,-0.0025300849836896165,nonpositive_simultaneous_lower_bound;insufficient_release_days;nonpositive_stress_profit
1c374765214d3178,momentum,12,1,0.03,0.08,1,0.05,costed,158.45,-41.55,5.25,24,17,0.20775,-0.0009390253242383337,-0.0031543624618516172,nonpositive_simultaneous_lower_bound;insufficient_release_days;nonpositive_stress_profit
1c374765214d3178,momentum,12,1,0.03,0.08,1,0.005,stress,159.81,-40.19,5.87,177,112,0.20095,-0.0009045635360928215,-0.0015517913944802348,
1c374765214d3178,momentum,12,1,0.03,0.08,1,0.01,stress,159.88,-40.12,4.61,82,48,0.2006,-0.0009027977125198134,-0.002090197899092918,
1c374765214d3178,momentum,12,1,0.03,0.08,1,0.025,stress,159.45,-40.55,3.81,29,19,0.20275,-0.0009136571495643948,-0.0027649673553107974,
1c374765214d3178,momentum,12,1,0.03,0.08,1,0.05,stress,157.39,-42.61,3.2,17,13,0.21305,-0.0009660909878408356,-0.0029998340085706805,
b28a0e66ddefbd9a,momentum,12,1,0.03,0.08,3,0.005,costed,159.92,-40.08,7.55,259,163,0.20063980805758272,-0.0009017890175640851,-0.0017714321470763206,nonpositive_simultaneous_lower_bound;nonpositive_stress_profit
b28a0e66ddefbd9a,momentum,12,1,0.03,0.08,3,0.01,costed,159.15,-40.85,4.8,102,50,0.2047669015140159,-0.000921250858144898,-0.002367153498816023,nonpositive_simultaneous_lower_bound;insufficient_release_days;nonpositive_stress_profit
b28a0e66ddefbd9a,momentum,12,1,0.03,0.08,3,0.025,costed,159.45,-40.55,5.04,44,26,0.20402356230031948,-0.0009136571495643957,-0.0027801371376924055,nonpositive_simultaneous_lower_bound;insufficient_release_days;nonpositive_stress_profit
b28a0e66ddefbd9a,momentum,12,1,0.03,0.08,3,0.05,costed,155.15,-44.85,2.85,18,13,0.22425,-0.0010238910308614832,-0.003815417459633209,nonpositive_simultaneous_lower_bound;insufficient_release_days;nonpositive_stress_profit
b28a0e66ddefbd9a,momentum,12,1,0.03,0.08,3,0.005,stress,160.49,-39.51,6.04,239,151,0.2009061939852619,-0.0008874424645764993,-0.0015824022217412414,
b28a0e66ddefbd9a,momentum,12,1,0.03,0.08,3,0.01,stress,160.62,-39.38,4.28,95,51,0.20665810530475157,-0.0008841775797891953,-0.0021692398388472585,
b28a0e66ddefbd9a,momentum,12,1,0.03,0.08,3,0.025,stress,160.07,-39.93,3.41,31,17,0.2039486771434255,-0.0008980086572154449,-0.002861903036129675,
b28a0e66ddefbd9a,momentum,12,1,0.03,0.08,3,0.05,stress,157.46,-42.54,2.9,19,13,0.2127,-0.0009642980193214319,-0.003313448930260801,
23a7e785641302db,momentum,12,1,0.03,0.08,,0.005,costed,166.21,-33.79,6.49,285,171,0.16919924022793162,-0.0007462311188105566,-0.0016992538533643206,nonpositive_simultaneous_lower_bound;nonpositive_stress_profit
23a7e785641302db,momentum,12,1,0.03,0.08,,0.01,costed,160.01,-39.99,8.42,229,120,0.200469694698446,-0.0008995203760776338,-0.002717543593263688,nonpositive_simultaneous_lower_bound;nonpositive_stress_profit
23a7e785641302db,momentum,12,1,0.03,0.08,,0.025,costed,157.37,-42.63,5.55,56,32,0.214446163829681,-0.000966603411029291,-0.00356843422348396,nonpositive_simultaneous_lower_bound;insufficient_release_days;nonpositive_stress_profit
23a7e785641302db,momentum,12,1,0.03,0.08,,0.05,costed,155.3,-44.7,2.27,15,10,0.2235,-0.0010199945015862716,-0.0035204296771460157,nonpositive_simultaneous_lower_bound;insufficient_release_days;nonpositive_stress_profit
23a7e785641302db,momentum,12,1,0.03,0.08,,0.005,stress,165.72,-34.28,5.58,250,154,0.17486556462856004,-0.000758136086043691,-0.0014138905486824538,
23a7e785641302db,momentum,12,1,0.03,0.08,,0.01,stress,161.08,-38.92,7.12,182,100,0.20438605156574138,-0.0008726460909870274,-0.0021454001071479854,
23a7e785641302db,momentum,12,1,0.03,0.08,,0.025,stress,158.56,-41.44,4.63,46,27,0.21145812611895762,-0.0009362269998643486,-0.0029306648027620998,
23a7e785641302db,momentum,12,1,0.03,0.08,,0.05,stress,153.08,-46.92,3.1,23,16,0.2346,-0.0010780512338328017,-0.003755499631800475,
4ee64e10b49fb4c8,momentum,6,1,0.03,0.03,1,0.005,costed,199.46,-0.54,0.07,2,2,0.0027,-1.0901820864172338e-05,-5.0189441716926494e-05,nonpositive_simultaneous_lower_bound;insufficient_release_days;nonpositive_stress_profit
4ee64e10b49fb4c8,momentum,6,1,0.03,0.03,1,0.01,costed,198.95,-1.05,0.11,2,2,0.00525,-2.122511965765747e-05,-9.77703628955607e-05,nonpositive_simultaneous_lower_bound;insufficient_release_days;nonpositive_stress_profit
4ee64e10b49fb4c8,momentum,6,1,0.03,0.03,1,0.025,costed,197.21,-2.79,0.26,2,2,0.01395,-5.6646031153463794e-05,-0.0002602556758134387,nonpositive_simultaneous_lower_bound;insufficient_release_days;nonpositive_stress_profit
4ee64e10b49fb4c8,momentum,6,1,0.03,0.03,1,0.05,costed,194.12,-5.88,0.53,2,2,0.0294,-0.00012032597585089243,-0.000553572266317207,nonpositive_simultaneous_lower_bound;insufficient_release_days;nonpositive_stress_profit
4ee64e10b49fb4c8,momentum,6,1,0.03,0.03,1,0.005,stress,199.06,-0.94,0.11,3,3,0.0047,-1.8996289234351756e-05,-7.862581011828103e-05,
4ee64e10b49fb4c8,momentum,6,1,0.03,0.03,1,0.01,stress,197.8,-2.2,0.2,3,3,0.011,-4.460059419122932e-05,-0.00018966728637337897,
4ee64e10b49fb4c8,momentum,6,1,0.03,0.03,1,0.025,stress,194.27,-5.73,0.45,3,3,0.02865,-0.00011721138103769104,-0.000497615285754183,
4ee64e10b49fb4c8,momentum,6,1,0.03,0.03,1,0.05,stress,188.48,-11.52,0.92,3,3,0.0576,-0.0002392155890516728,-0.0010141305817444354,
8bac534ae972c599,momentum,6,1,0.03,0.03,3,0.005,costed,199.91,-0.09,0.04,2,2,0.0014,-1.8149245176825532e-06,-1.6411230338442295e-05,nonpositive_simultaneous_lower_bound;insufficient_release_days;nonpositive_stress_profit
8bac534ae972c599,momentum,6,1,0.03,0.03,3,0.01,costed,199.84,-0.16,0.06,2,2,0.0027,-3.2270974627793197e-06,-3.183116923447925e-05,nonpositive_simultaneous_lower_bound;insufficient_release_days;nonpositive_stress_profit
8bac534ae972c599,momentum,6,1,0.03,0.03,3,0.025,costed,199.37,-0.63,0.14,2,2,0.0079,-1.272166005363414e-05,-9.916778394391108e-05,nonpositive_simultaneous_lower_bound;insufficient_release_days;nonpositive_stress_profit
8bac534ae972c599,momentum,6,1,0.03,0.03,3,0.05,costed,198.93,-1.07,0.28,2,2,0.0158,-2.1630493948188807e-05,-0.00019355479007284728,nonpositive_simultaneous_lower_bound;insufficient_release_days;nonpositive_stress_profit
8bac534ae972c599,momentum,6,1,0.03,0.03,3,0.005,stress,199.43,-0.57,0.07,3,3,0.0036968576709796672,-1.1508342673010102e-05,-7.30661379693653e-05,
8bac534ae972c599,momentum,6,1,0.03,0.03,3,0.01,stress,198.51,-1.49,0.14,3,3,0.009134471398622342,-3.0152781677253137e-05,-0.0001801743770157788,
8bac534ae972c599,momentum,6,1,0.03,0.03,3,0.025,stress,195.98,-4.02,0.34,3,3,0.02371226462090266,-8.18740054046944e-05,-0.0004726915062943415,
8bac534ae972c599,momentum,6,1,0.03,0.03,3,0.05,stress,192.27,-7.73,0.7,3,3,0.04717775905644482,-0.00015893843695077205,-0.0009511136184384827,
546a51009fec9b8b,momentum,6,1,0.03,0.03,,0.005,costed,199.91,-0.09,0.04,2,2,0.0014,-1.8149245176825532e-06,-1.6411230338442295e-05,nonpositive_simultaneous_lower_bound;insufficient_release_days;nonpositive_stress_profit
546a51009fec9b8b,momentum,6,1,0.03,0.03,,0.01,costed,199.84,-0.16,0.06,2,2,0.0027,-3.2270974627793197e-06,-3.183116923447925e-05,nonpositive_simultaneous_lower_bound;insufficient_release_days;nonpositive_stress_profit
546a51009fec9b8b,momentum,6,1,0.03,0.03,,0.025,costed,199.37,-0.63,0.14,2,2,0.0079,-1.272166005363414e-05,-9.916778394391108e-05,nonpositive_simultaneous_lower_bound;insufficient_release_days;nonpositive_stress_profit
546a51009fec9b8b,momentum,6,1,0.03,0.03,,0.05,costed,198.93,-1.07,0.28,2,2,0.0158,-2.1630493948188807e-05,-0.00019355479007284728,nonpositive_simultaneous_lower_bound;insufficient_release_days;nonpositive_stress_profit
546a51009fec9b8b,momentum,6,1,0.03,0.03,,0.005,stress,199.43,-0.57,0.07,3,3,0.0036968576709796672,-1.1508342673010102e-05,-7.30661379693653e-05,
546a51009fec9b8b,momentum,6,1,0.03,0.03,,0.01,stress,198.51,-1.49,0.14,3,3,0.009134471398622342,-3.0152781677253137e-05,-0.0001801743770157788,
546a51009fec9b8b,momentum,6,1,0.03,0.03,,0.025,stress,195.98,-4.02,0.34,3,3,0.02371226462090266,-8.18740054046944e-05,-0.0004726915062943415,
546a51009fec9b8b,momentum,6,1,0.03,0.03,,0.05,stress,192.27,-7.73,0.7,3,3,0.04717775905644482,-0.00015893843695077205,-0.0009511136184384827,
23953bf22e526799,momentum,6,1,0.03,0.08,1,0.005,costed,198.49,-1.51,0.3,7,6,0.00755,-3.05590545304453e-05,-9.347447364959434e-05,nonpositive_simultaneous_lower_bound;insufficient_release_days;nonpositive_stress_profit
23953bf22e526799,momentum,6,1,0.03,0.08,1,0.01,costed,196.87,-3.13,0.6,7,6,0.01565,-6.360384724210026e-05,-0.00019496594448489311,nonpositive_simultaneous_lower_bound;insufficient_release_days;nonpositive_stress_profit
23953bf22e526799,momentum,6,1,0.03,0.08,1,0.025,costed,191.76,-8.24,1.46,7,6,0.0412,-0.00016964829202382128,-0.000520251157373268,nonpositive_simultaneous_lower_bound;insufficient_release_days;nonpositive_stress_profit
23953bf22e526799,momentum,6,1,0.03,0.08,1,0.05,costed,183.99,-16.01,2.78,7,6,0.08005,-0.00033643531549207566,-0.001032289353302007,nonpositive_simultaneous_lower_bound;insufficient_release_days;nonpositive_stress_profit
23953bf22e526799,momentum,6,1,0.03,0.08,1,0.005,stress,196.64,-3.36,0.31,9,9,0.0168,-6.831742229964494e-05,-0.00018909092504804456,
23953bf22e526799,momentum,6,1,0.03,0.08,1,0.01,stress,193.02,-6.98,0.57,9,9,0.0349,-0.0001432401454397048,-0.00039808490661196095,
23953bf22e526799,momentum,6,1,0.03,0.08,1,0.025,stress,182.9,-17.1,1.3,9,9,0.0855,-0.0003603943998032933,-0.001002699204446508,
23953bf22e526799,momentum,6,1,0.03,0.08,1,0.05,stress,166.44,-33.56,2.46,9,9,0.1678,-0.0007406551711020003,-0.002057039714297648,
373c4adcf8fcfb9e,momentum,6,1,0.03,0.08,3,0.005,costed,201.12,1.12,0.17,7,6,0.00845,2.2517654410888836e-05,-0.00013453612477274074,nonpositive_simultaneous_lower_bound;insufficient_release_days;nonpositive_stress_profit
373c4adcf8fcfb9e,momentum,6,1,0.03,0.08,3,0.01,costed,202.66,2.66,0.35,7,6,0.01695,5.327553012957492e-05,-0.0002625294530379364,nonpositive_simultaneous_lower_bound;insufficient_release_days
373c4adcf8fcfb9e,momentum,6,1,0.03,0.08,3,0.025,costed,207.03,7.03,0.84,7,6,0.04385,0.00013929977319590163,-0.0006921054709446836,nonpositive_simultaneous_lower_bound;insufficient_release_days
373c4adcf8fcfb9e,momentum,6,1,0.03,0.08,3,0.05,costed,213.96,13.96,1.66,7,6,0.09,0.000272063367399245,-0.0014107044650608306,nonpositive_simultaneous_lower_bound;insufficient_release_days
373c4adcf8fcfb9e,momentum,6,1,0.03,0.08,3,0.005,stress,199.87,-0.13,0.22,9,9,0.01425,-2.6218199257504418e-06,-0.00017743034556883853,
373c4adcf8fcfb9e,momentum,6,1,0.03,0.08,3,0.01,stress,200.24,0.24,0.42,9,9,0.0285,4.835808772106032e-06,-0.0003486652041610361,
373c4adcf8fcfb9e,momentum,6,1,0.03,0.08,3,0.025,stress,200.49,0.49,0.96,9,9,0.07085,9.866950173595195e-06,-0.00087328666418712,
373c4adcf8fcfb9e,momentum,6,1,0.03,0.08,3,0.05,stress,201.03,1.03,1.84,9,9,0.1386,2.0712839133679e-05,-0.0017888110136061322,
d09ee3d99438c15a,momentum,6,1,0.03,0.08,,0.005,costed,201.12,1.12,0.17,7,6,0.00845,2.2517654410888836e-05,-0.00013453612477274074,nonpositive_simultaneous_lower_bound;insufficient_release_days;nonpositive_stress_profit
d09ee3d99438c15a,momentum,6,1,0.03,0.08,,0.01,costed,202.66,2.66,0.35,7,6,0.01695,5.327553012957492e-05,-0.0002625294530379364,nonpositive_simultaneous_lower_bound;insufficient_release_days
d09ee3d99438c15a,momentum,6,1,0.03,0.08,,0.025,costed,207.03,7.03,0.84,7,6,0.04385,0.00013929977319590163,-0.0006921054709446836,nonpositive_simultaneous_lower_bound;insufficient_release_days
d09ee3d99438c15a,momentum,6,1,0.03,0.08,,0.05,costed,213.96,13.96,1.66,7,6,0.09,0.000272063367399245,-0.0014107044650608306,nonpositive_simultaneous_lower_bound;insufficient_release_days
d09ee3d99438c15a,momentum,6,1,0.03,0.08,,0.005,stress,199.87,-0.13,0.22,9,9,0.01425,-2.6218199257504418e-06,-0.00017743034556883853,
d09ee3d99438c15a,momentum,6,1,0.03,0.08,,0.01,stress,200.24,0.24,0.42,9,9,0.0285,4.835808772106032e-06,-0.0003486652041610361,
d09ee3d99438c15a,momentum,6,1,0.03,0.08,,0.025,stress,200.49,0.49,0.96,9,9,0.07085,9.866950173595195e-06,-0.00087328666418712,
d09ee3d99438c15a,momentum,6,1,0.03,0.08,,0.05,stress,201.03,1.03,1.84,9,9,0.1386,2.0712839133679e-05,-0.0017888110136061322,
839aacb16bd3ee89,momentum,24,1,0.08,0.03,1,0.005,costed,192.64,-7.36,2.33,46,41,0.03945,-0.0001511863081757275,-0.0003908492432809688,nonpositive_simultaneous_lower_bound;insufficient_release_days;nonpositive_stress_profit
839aacb16bd3ee89,momentum,24,1,0.08,0.03,1,0.01,costed,182.84,-17.16,4.55,46,41,0.08705,-0.00036171739146972887,-0.0008503200416502077,nonpositive_simultaneous_lower_bound;insufficient_release_days;nonpositive_stress_profit
839aacb16bd3ee89,momentum,24,1,0.08,0.03,1,0.025,costed,159.89,-40.11,7.51,32,31,0.20055,-0.0009025455151238212,-0.0017917362755103467,nonpositive_simultaneous_lower_bound;insufficient_release_days;nonpositive_stress_profit
839aacb16bd3ee89,momentum,24,1,0.08,0.03,1,0.05,costed,159.68,-40.32,7.7,15,15,0.2016,-0.0009078449757454952,-0.002284956150301934,nonpositive_simultaneous_lower_bound;insufficient_release_days;nonpositive_stress_profit
839aacb16bd3ee89,momentum,24,1,0.08,0.03,1,0.005,stress,192.24,-7.76,1.23,32,29,0.0388,-0.00015956764161218975,-0.0003381226886459024,
839aacb16bd3ee89,momentum,24,1,0.08,0.03,1,0.01,stress,184.16,-15.84,2.57,33,30,0.0792,-0.00033271137731638605,-0.0007079694401316203,
839aacb16bd3ee89,momentum,24,1,0.08,0.03,1,0.025,stress,159.64,-40.36,5.52,32,29,0.2018,-0.0009088551869657418,-0.0019313063390834424,
839aacb16bd3ee89,momentum,24,1,0.08,0.03,1,0.05,stress,157.36,-42.64,5.92,14,14,0.2132,-0.0009668596470452951,-0.0025213288554586004,
c93b697a6825a431,momentum,24,1,0.08,0.03,3,0.005,costed,191.74,-8.26,1.56,46,40,0.0418,-0.00017006886652897574,-0.0005008754861907243,nonpositive_simultaneous_lower_bound;insufficient_release_days;nonpositive_stress_profit
c93b697a6825a431,momentum,24,1,0.08,0.03,3,0.01,costed,180.68,-19.32,3.06,46,40,0.0966,-0.00040963651516787923,-0.0011283806717776433,nonpositive_simultaneous_lower_bound;insufficient_release_days;nonpositive_stress_profit
c93b697a6825a431,momentum,24,1,0.08,0.03,3,0.025,costed,157.37,-42.63,4.7,30,28,0.21315,-0.0009666034110292899,-0.0025500739387693348,nonpositive_simultaneous_lower_bound;insufficient_release_days;nonpositive_stress_profit
c93b697a6825a431,momentum,24,1,0.08,0.03,3,0.05,costed,155.51,-44.49,5.07,13,13,0.22245,-0.0010145456786886705,-0.0031486303154268213,nonpositive_simultaneous_lower_bound;insufficient_release_days;nonpositive_stress_profit
c93b697a6825a431,momentum,24,1,0.08,0.03,3,0.005,stress,191.64,-8.36,0.91,32,29,0.0418,-0.00017217239731095045,-0.00040120911333318065,
c93b697a6825a431,momentum,24,1,0.08,0.03,3,0.01,stress,182.5,-17.5,1.83,33,29,0.0875,-0.00036922255453826784,-0.0009020292510694875,
c93b697a6825a431,momentum,24,1,0.08,0.03,3,0.025,stress,158.69,-41.31,2.6,23,22,0.21035,-0.0009329223910213138,-0.0023399077599656117,
c93b697a6825a431,momentum,24,1,0.08,0.03,3,0.05,stress,155.07,-44.93,3.13,12,12,0.22465,-0.0010259707204515285,-0.003486450123979003,
290fda1b968f5d23,momentum,24,1,0.08,0.03,,0.005,costed,192.56,-7.44,1.29,46,40,0.04242514672237143,-0.00015286118174685602,-0.0005404326497249028,nonpositive_simultaneous_lower_bound;insufficient_release_days;nonpositive_stress_profit
290fda1b968f5d23,momentum,24,1,0.08,0.03,,0.01,costed,182.69,-17.31,2.53,46,40,0.09617572849156483,-0.00036502677096596176,-0.001196122042107962,nonpositive_simultaneous_lower_bound;insufficient_release_days;nonpositive_stress_profit
290fda1b968f5d23,momentum,24,1,0.08,0.03,,0.025,costed,161.87,-38.13,4.26,30,28,0.21162088447301772,-0.0008529186395248689,-0.0025577592910857668,nonpositive_simultaneous_lower_bound;insufficient_release_days;nonpositive_stress_profit
290fda1b968f5d23,momentum,24,1,0.08,0.03,,0.05,costed,167.15,-32.85,4.25,13,13,0.2084951226441898,-0.000723490942265844,-0.0031710925813632548,nonpositive_simultaneous_lower_bound;insufficient_release_days;nonpositive_stress_profit
290fda1b968f5d23,momentum,24,1,0.08,0.03,,0.005,stress,191.68,-8.32,0.75,32,29,0.0416,-0.000171330853310292,-0.0004236731596274386,
290fda1b968f5d23,momentum,24,1,0.08,0.03,,0.01,stress,182.63,-17.37,1.56,33,29,0.08685,-0.0003663512836455095,-0.0009416341550798383,
290fda1b968f5d23,momentum,24,1,0.08,0.03,,0.025,stress,158.69,-41.31,2.6,23,22,0.21035,-0.0009329223910213138,-0.0023399077599656117,
290fda1b968f5d23,momentum,24,1,0.08,0.03,,0.05,stress,155.07,-44.93,3.13,12,12,0.22465,-0.0010259707204515285,-0.003486450123979003,
8a52bf421103f749,momentum,24,1,0.08,0.08,1,0.005,costed,184.83,-15.17,4.27,89,72,0.07585,-0.0003180680760219674,-0.0005860310912975355,nonpositive_simultaneous_lower_bound;nonpositive_stress_profit
8a52bf421103f749,momentum,24,1,0.08,0.08,1,0.01,costed,168.63,-31.37,8.4,94,77,0.16235,-0.0006879451647820292,-0.0013256274837632415,nonpositive_simultaneous_lower_bound;nonpositive_stress_profit
8a52bf421103f749,momentum,24,1,0.08,0.08,1,0.025,costed,159.85,-40.15,7.84,36,29,0.20075,-0.0009035543993636543,-0.002081656599328189,nonpositive_simultaneous_lower_bound;insufficient_release_days;nonpositive_stress_profit
8a52bf421103f749,momentum,24,1,0.08,0.08,1,0.05,costed,159.66,-40.34,9.26,23,17,0.2017,-0.0009083500497192896,-0.002607379893089504,nonpositive_simultaneous_lower_bound;insufficient_release_days;nonpositive_stress_profit
8a52bf421103f749,momentum,24,1,0.08,0.08,1,0.005,stress,187.02,-12.98,2.61,68,59,0.0649,-0.0002705717884707096,-0.0005451795446436095,
8a52bf421103f749,momentum,24,1,0.08,0.08,1,0.01,stress,172.0,-28.0,5.3,72,62,0.14,-0.0006081568134459013,-0.0011723450736810647,
8a52bf421103f749,momentum,24,1,0.08,0.08,1,0.025,stress,159.23,-40.77,6.65,35,31,0.20385,-0.0009192244704826699,-0.002060018691366077,
8a52bf421103f749,momentum,24,1,0.08,0.08,1,0.05,stress,158.76,-41.24,5.37,15,13,0.2062,-0.000931144107391822,-0.002876060629700204,
1ed7a6e84fb6166c,momentum,24,1,0.08,0.08,3,0.005,costed,181.88,-18.12,2.67,88,71,0.09119072602808174,-0.00038294450641623937,-0.0008294623861687701,nonpositive_simultaneous_lower_bound;nonpositive_stress_profit
1ed7a6e84fb6166c,momentum,24,1,0.08,0.08,3,0.01,costed,163.32,-36.68,5.3,94,76,0.18462306540189716,-0.0008169592745833135,-0.0017772867028396154,nonpositive_simultaneous_lower_bound;nonpositive_stress_profit
1ed7a6e84fb6166c,momentum,24,1,0.08,0.08,3,0.025,costed,155.54,-44.46,5.0,32,25,0.22655395325708602,-0.0010137678761340306,-0.002880664599764911,nonpositive_simultaneous_lower_bound;insufficient_release_days;nonpositive_stress_profit
1ed7a6e84fb6166c,momentum,24,1,0.08,0.08,3,0.05,costed,162.84,-37.16,2.36,12,8,0.2035605986501027,-0.0008288275923921708,-0.0032103612660449206,nonpositive_simultaneous_lower_bound;insufficient_release_days;nonpositive_stress_profit
1ed7a6e84fb6166c,momentum,24,1,0.08,0.08,3,0.005,stress,190.45,-9.55,1.75,68,58,0.04984035122729994,-0.00019728900654606256,-0.0005909072766430835,
1ed7a6e84fb6166c,momentum,24,1,0.08,0.08,3,0.01,stress,179.92,-20.08,3.56,72,61,0.10434090003982477,-0.0004266333020039356,-0.0011950597968101394,
1ed7a6e84fb6166c,momentum,24,1,0.08,0.08,3,0.025,stress,159.98,-40.02,6.3,55,48,0.21489915100358248,-0.0009002764480941976,-0.002953812014865033,
1ed7a6e84fb6166c,momentum,24,1,0.08,0.08,3,0.05,stress,165.46,-34.54,8.23,39,35,0.2050160957094124,-0.0007644673096209675,-0.0038380834845623824,
3fb89253633aca19,momentum,24,1,0.08,0.08,,0.005,costed,186.79,-13.21,2.29,89,72,0.07382982943276478,-0.0002755337716807447,-0.0008023369968871876,nonpositive_simultaneous_lower_bound;nonpositive_stress_profit
3fb89253633aca19,momentum,24,1,0.08,0.08,,0.01,costed,173.37,-26.63,4.57,94,77,0.1481954961156456,-0.0005761666433477437,-0.0017236698567222443,nonpositive_simultaneous_lower_bound;nonpositive_stress_profit
3fb89253633aca19,momentum,24,1,0.08,0.08,,0.025,costed,166.31,-33.69,5.82,49,40,0.2034580200201159,-0.000743805846233824,-0.003301874830375372,nonpositive_simultaneous_lower_bound;insufficient_release_days;nonpositive_stress_profit
3fb89253633aca19,momentum,24,1,0.08,0.08,,0.05,costed,170.45,-29.55,2.27,13,10,0.20060981511954312,-0.0006446587417908257,-0.003048059862959773,nonpositive_simultaneous_lower_bound;insufficient_release_days;nonpositive_stress_profit
3fb89253633aca19,momentum,24,1,0.08,0.08,,0.005,stress,191.03,-8.97,1.57,68,58,0.04844342446617442,-0.00018502775311482196,-0.0005885675718064731,
3fb89253633aca19,momentum,24,1,0.08,0.08,,0.01,stress,180.89,-19.11,3.25,72,61,0.10205097570688969,-0.00040495264046166497,-0.0011970091625222623,
3fb89253633aca19,momentum,24,1,0.08,0.08,,0.025,stress,159.98,-40.02,6.3,55,48,0.21489915100358248,-0.0009002764480941976,-0.002953812014865033,
3fb89253633aca19,momentum,24,1,0.08,0.08,,0.05,stress,165.46,-34.54,8.23,39,35,0.2050160957094124,-0.0007644673096209675,-0.0038380834845623824,
8f552417b131dd69,momentum,18,1,0.08,0.03,1,0.005,costed,186.66,-13.34,3.91,83,75,0.0667,-0.00027834107423562886,-0.0004711849741938074,nonpositive_simultaneous_lower_bound;nonpositive_stress_profit
8f552417b131dd69,momentum,18,1,0.08,0.03,1,0.01,costed,173.0,-27.0,7.55,84,76,0.135,-0.0005847813389123316,-0.0009871580732616749,nonpositive_simultaneous_lower_bound;nonpositive_stress_profit
8f552417b131dd69,momentum,18,1,0.08,0.03,1,0.025,costed,158.4,-41.6,11.81,59,54,0.208,-0.0009402979321278683,-0.0017555239656534033,nonpositive_simultaneous_lower_bound;insufficient_release_days;nonpositive_stress_profit
8f552417b131dd69,momentum,18,1,0.08,0.03,1,0.05,costed,159.35,-40.65,11.28,28,25,0.20325,-0.0009161867971156902,-0.0020754098635623083,nonpositive_simultaneous_lower_bound;insufficient_release_days;nonpositive_stress_profit
8f552417b131dd69,momentum,18,1,0.08,0.03,1,0.005,stress,188.67,-11.33,2.81,63,57,0.05665,-0.0002351528601794968,-0.0004258192422208855,
8f552417b131dd69,momentum,18,1,0.08,0.03,1,0.01,stress,176.4,-23.6,5.47,67,61,0.118,-0.0005063033184489746,-0.000897027374850947,
8f552417b131dd69,momentum,18,1,0.08,0.03,1,0.025,stress,159.29,-40.71,8.33,45,41,0.20355,-0.0009177053477479447,-0.001849716197867425,
8f552417b131dd69,momentum,18,1,0.08,0.03,1,0.05,stress,159.8,-40.2,8.13,23,21,0.201,-0.0009048158597413799,-0.0020853787463475616,
94e42f051fb5b27d,momentum,18,1,0.08,0.03,3,0.005,costed,185.56,-14.44,3.72,82,73,0.0722,-0.0003021737365503776,-0.0005308117094986842,nonpositive_simultaneous_lower_bound;nonpositive_stress_profit
94e42f051fb5b27d,momentum,18,1,0.08,0.03,3,0.01,costed,171.41,-28.59,7.14,84,75,0.14295,-0.0006220121735043193,-0.0010889600676537796,nonpositive_simultaneous_lower_bound;nonpositive_stress_profit
94e42f051fb5b27d,momentum,18,1,0.08,0.03,3,0.025,costed,158.23,-41.77,9.52,51,46,0.20885,-0.0009446278057142923,-0.0019721678033594973,nonpositive_simultaneous_lower_bound;insufficient_release_days;nonpositive_stress_profit
94e42f051fb5b27d,momentum,18,1,0.08,0.03,3,0.05,costed,159.82,-40.18,8.24,24,21,0.2009,-0.000904311228232742,-0.002382655934378254,nonpositive_simultaneous_lower_bound;insufficient_release_days;nonpositive_stress_profit
94e42f051fb5b27d,momentum,18,1,0.08,0.03,3,0.005,stress,186.95,-13.05,2.57,63,53,0.06525,-0.0002720813109875553,-0.00048722227298335304,
94e42f051fb5b27d,momentum,18,1,0.08,0.03,3,0.01,stress,172.18,-27.82,5.02,67,57,0.1391,-0.0006039392149928544,-0.0010780805172434147,
94e42f051fb5b27d,momentum,18,1,0.08,0.03,3,0.025,stress,158.1,-41.9,7.95,45,38,0.2095,-0.0009479420255347206,-0.002010291531581782,
94e42f051fb5b27d,momentum,18,1,0.08,0.03,3,0.05,stress,159.98,-40.02,8.42,25,21,0.2001,-0.0009002764480941962,-0.002233041799660403,
e71a3b2f4d40d1e7,momentum,18,1,0.08,0.03,,0.005,costed,194.76,-5.24,2.14,84,77,0.04748849505532165,-0.0001070537711029683,-0.0006071862604020382,nonpositive_simultaneous_lower_bound;nonpositive_stress_profit
e71a3b2f4d40d1e7,momentum,18,1,0.08,0.03,,0.01,costed,189.15,-10.85,4.26,84,77,0.10916927157336365,-0.0002249073204395035,-0.0013447519961960826,nonpositive_simultaneous_lower_bound;nonpositive_stress_profit
e71a3b2f4d40d1e7,momentum,18,1,0.08,0.03,,0.025,costed,176.21,-23.79,7.89,64,58,0.22247716542381857,-0.0005106487942233766,-0.0028207692472786844,nonpositive_simultaneous_lower_bound;insufficient_release_days;nonpositive_stress_profit
e71a3b2f4d40d1e7,momentum,18,1,0.08,0.03,,0.05,costed,204.73,4.73,12.66,51,48,0.22611982611982612,9.425270692117078e-05,-0.003811148229930411,nonpositive_simultaneous_lower_bound;insufficient_release_days
e71a3b2f4d40d1e7,momentum,18,1,0.08,0.03,,0.005,stress,198.17,-1.83,1.57,67,61,0.03463561964146532,-3.706499342304351e-05,-0.0003980141122525502,
e71a3b2f4d40d1e7,momentum,18,1,0.08,0.03,,0.01,stress,195.75,-4.25,3.13,67,61,0.07958558982811396,-8.660899869807997e-05,-0.0009265805470022339,
e71a3b2f4d40d1e7,momentum,18,1,0.08,0.03,,0.025,stress,186.87,-13.13,7.63,64,58,0.20021399529210357,-0.00027380717183013014,-0.0025055940271652955,
e71a3b2f4d40d1e7,momentum,18,1,0.08,0.03,,0.05,stress,217.32,17.32,10.89,44,40,0.21403254972875227,0.00033489336748099107,-0.003321626271775454,
3c2163ba668a9e13,momentum,18,1,0.08,0.08,1,0.005,costed,184.7,-15.3,5.02,111,99,0.0765,-0.0003209051586404938,-0.0005109540260540056,nonpositive_simultaneous_lower_bound;nonpositive_stress_profit
3c2163ba668a9e13,momentum,18,1,0.08,0.08,1,0.01,costed,169.24,-30.76,9.64,115,101,0.1538,-0.000673385244742622,-0.001061862981905601,nonpositive_simultaneous_lower_bound;nonpositive_stress_profit
3c2163ba668a9e13,momentum,18,1,0.08,0.08,1,0.025,costed,159.98,-40.02,11.38,60,54,0.2001,-0.0009002764480941971,-0.0016945871194987711,nonpositive_simultaneous_lower_bound;insufficient_release_days;nonpositive_stress_profit
3c2163ba668a9e13,momentum,18,1,0.08,0.08,1,0.05,costed,159.94,-40.06,9.45,24,21,0.2003,-0.0009012847646947289,-0.00218431451193917,nonpositive_simultaneous_lower_bound;insufficient_release_days;nonpositive_stress_profit
3c2163ba668a9e13,momentum,18,1,0.08,0.08,1,0.005,stress,188.2,-11.8,3.42,83,76,0.059,-0.0002452102395030547,-0.000419859955162153,
3c2163ba668a9e13,momentum,18,1,0.08,0.08,1,0.01,stress,174.95,-25.05,6.78,89,82,0.12525,-0.0005395852731223386,-0.0009129809593939018,
3c2163ba668a9e13,momentum,18,1,0.08,0.08,1,0.025,stress,159.77,-40.23,8.99,52,48,0.20115,-0.0009055729254377295,-0.001729148916604943,
3c2163ba668a9e13,momentum,18,1,0.08,0.08,1,0.05,stress,159.69,-40.31,8.94,28,26,0.20155,-0.0009075924624808931,-0.00201164224468419,
6ccce66c97d6dfc6,momentum,18,1,0.08,0.08,3,0.005,costed,182.22,-17.78,4.76,111,96,0.0889,-0.0003754137833158247,-0.0006051016219781766,nonpositive_simultaneous_lower_bound;nonpositive_stress_profit
6ccce66c97d6dfc6,momentum,18,1,0.08,0.08,3,0.01,costed,165.02,-34.98,9.12,115,99,0.1749,-0.0007752043865799975,-0.001241165264066921,nonpositive_simultaneous_lower_bound;nonpositive_stress_profit
6ccce66c97d6dfc6,momentum,18,1,0.08,0.08,3,0.025,costed,159.0,-41.0,8.37,48,41,0.205,-0.0009250530819669554,-0.001924062770107603,nonpositive_simultaneous_lower_bound;insufficient_release_days;nonpositive_stress_profit
6ccce66c97d6dfc6,momentum,18,1,0.08,0.08,3,0.05,costed,153.92,-46.08,5.8,17,17,0.2304,-0.0010559854017364522,-0.002961671761889568,nonpositive_simultaneous_lower_bound;insufficient_release_days;nonpositive_stress_profit
6ccce66c97d6dfc6,momentum,18,1,0.08,0.08,3,0.005,stress,188.04,-11.96,3.19,84,75,0.06200428991869108,-0.0002486397596455927,-0.00048763168236701487,
6ccce66c97d6dfc6,momentum,18,1,0.08,0.08,3,0.01,stress,174.54,-25.46,6.27,89,79,0.13155537864464126,-0.0005490460677938379,-0.0010765181741394575,
6ccce66c97d6dfc6,momentum,18,1,0.08,0.08,3,0.025,stress,162.05,-37.95,9.68,59,51,0.20133070478068013,-0.0008484372458083881,-0.0020196855412719468,
6ccce66c97d6dfc6,momentum,18,1,0.08,0.08,3,0.05,stress,164.68,-35.32,14.06,43,38,0.20073772083090663,-0.000783520845348115,-0.002462573894949187,
5bf889435b1ec999,momentum,18,1,0.08,0.08,,0.005,costed,194.33,-5.67,2.71,115,102,0.04894043948514658,-0.00011596621641703447,-0.0006389182803811486,nonpositive_simultaneous_lower_bound
5bf889435b1ec999,momentum,18,1,0.08,0.08,,0.01,costed,188.09,-11.91,5.47,115,102,0.11180535832623308,-0.00024756772123114395,-0.0014260599915016275,nonpositive_simultaneous_lower_bound
5bf889435b1ec999,momentum,18,1,0.08,0.08,,0.025,costed,179.42,-20.58,9.42,82,73,0.20169076751946607,-0.0004378545984552414,-0.0028282283987714615,nonpositive_simultaneous_lower_bound
5bf889435b1ec999,momentum,18,1,0.08,0.08,,0.05,costed,195.31,-4.69,14.13,61,56,0.21584293572088167,-9.56827689485313e-05,-0.004537314881901178,nonpositive_simultaneous_lower_bound;insufficient_release_days
5bf889435b1ec999,momentum,18,1,0.08,0.08,,0.005,stress,202.86,2.86,1.88,89,82,0.03143352267257148,5.72529008056961e-05,-0.00037203773252969714,
5bf889435b1ec999,momentum,18,1,0.08,0.08,,0.01,stress,205.69,5.69,3.85,89,82,0.0814555696892604,0.00011311618726627245,-0.0009228689611015944,
5bf889435b1ec999,momentum,18,1,0.08,0.08,,0.025,stress,212.63,12.63,10.33,89,82,0.19784598390405556,0.0002469201591555423,-0.0024624594318805597,
5bf889435b1ec999,momentum,18,1,0.08,0.08,,0.05,stress,261.51,61.51,13.84,53,49,0.20605379804481147,0.0010812707949336992,-0.003209458809694638,
dad8f1a6db573da5,momentum,12,1,0.08,0.03,1,0.005,costed,185.7,-14.3,2.22,65,57,0.0715,-0.0002991326539894235,-0.0005644669149192365,nonpositive_simultaneous_lower_bound;insufficient_release_days;nonpositive_stress_profit
dad8f1a6db573da5,momentum,12,1,0.08,0.03,1,0.01,costed,170.98,-29.02,4.21,67,59,0.1451,-0.0006321402256046321,-0.001150239519721966,nonpositive_simultaneous_lower_bound;insufficient_release_days;nonpositive_stress_profit
dad8f1a6db573da5,momentum,12,1,0.08,0.03,1,0.025,costed,159.08,-40.92,5.81,37,31,0.2046,-0.000923024783098979,-0.002371353922743059,nonpositive_simultaneous_lower_bound;insufficient_release_days;nonpositive_stress_profit
dad8f1a6db573da5,momentum,12,1,0.08,0.03,1,0.05,costed,155.09,-44.91,6.45,24,19,0.22935,-0.001025450697486593,-0.0033681238994592052,nonpositive_simultaneous_lower_bound;insufficient_release_days;nonpositive_stress_profit
dad8f1a6db573da5,momentum,12,1,0.08,0.03,1,0.005,stress,190.51,-9.49,2.0,57,50,0.04783086765293883,-0.00019601887064795464,-0.0004294324291068402,
dad8f1a6db573da5,momentum,12,1,0.08,0.03,1,0.01,stress,179.61,-20.39,3.73,58,51,0.10289196343838969,-0.0004335868263817196,-0.0009168571485657746,
dad8f1a6db573da5,momentum,12,1,0.08,0.03,1,0.025,stress,159.52,-40.48,7.41,47,40,0.20545898291577427,-0.0009118873400585014,-0.0022252426926388275,
dad8f1a6db573da5,momentum,12,1,0.08,0.03,1,0.05,stress,159.56,-40.44,11.53,37,31,0.20833540064500125,-0.0009108763689952858,-0.0030755603915127235,
a7d7d1687fc2f134,momentum,12,1,0.08,0.03,3,0.005,costed,189.58,-10.42,1.64,66,52,0.05438912217556489,-0.0002157510787223431,-0.0005068671001099352,nonpositive_simultaneous_lower_bound;insufficient_release_days;nonpositive_stress_profit
a7d7d1687fc2f134,momentum,12,1,0.08,0.03,3,0.01,costed,178.3,-21.7,3.07,67,53,0.1124381590125431,-0.00046310420031831406,-0.0010534000958047711,nonpositive_simultaneous_lower_bound;insufficient_release_days;nonpositive_stress_profit
a7d7d1687fc2f134,momentum,12,1,0.08,0.03,3,0.025,costed,158.74,-41.26,4.83,39,29,0.2094621513944223,-0.000931652108408496,-0.002474384333253303,nonpositive_simultaneous_lower_bound;insufficient_release_days;nonpositive_stress_profit
a7d7d1687fc2f134,momentum,12,1,0.08,0.03,3,0.05,costed,158.18,-41.82,5.0,20,15,0.22491179929439437,-0.0009459021832934095,-0.003483365149273318,nonpositive_simultaneous_lower_bound;insufficient_release_days;nonpositive_stress_profit
a7d7d1687fc2f134,momentum,12,1,0.08,0.03,3,0.005,stress,196.24,-3.76,1.46,58,47,0.02755203171456888,-7.65280911201716e-05,-0.00043938993108310796,
a7d7d1687fc2f134,momentum,12,1,0.08,0.03,3,0.01,stress,192.34,-7.66,2.84,58,47,0.06083984375,-0.0001574706744504067,-0.0009634421950126635,
a7d7d1687fc2f134,momentum,12,1,0.08,0.03,3,0.025,stress,180.3,-19.7,7.07,58,47,0.14972883753831642,-0.0004181259529788911,-0.0026421060769448615,
a7d7d1687fc2f134,momentum,12,1,0.08,0.03,3,0.05,stress,185.05,-14.95,11.12,39,33,0.21482518669382214,-0.0003132714020801283,-0.00416315238746705,
1c12d22582ad0eff,momentum,12,1,0.08,0.03,,0.005,costed,189.35,-10.65,1.25,66,54,0.06044776119402985,-0.00022064601693642163,-0.0005760633147458718,nonpositive_simultaneous_lower_bound;insufficient_release_days;nonpositive_stress_profit
1c12d22582ad0eff,momentum,12,1,0.08,0.03,,0.01,costed,177.33,-22.67,2.41,67,55,0.1264168687818641,-0.00048510065743406766,-0.00124867417807371,nonpositive_simultaneous_lower_bound;insufficient_release_days;nonpositive_stress_profit
1c12d22582ad0eff,momentum,12,1,0.08,0.03,,0.025,costed,163.56,-36.44,2.4,27,20,0.20171799502171897,-0.0008110381897241742,-0.0027476497181659443,nonpositive_simultaneous_lower_bound;insufficient_release_days;nonpositive_stress_profit
1c12d22582ad0eff,momentum,12,1,0.08,0.03,,0.05,costed,157.93,-42.07,3.4,20,15,0.24196025727176732,-0.000952280119621265,-0.0037721763670976348,nonpositive_simultaneous_lower_bound;insufficient_release_days;nonpositive_stress_profit
1c12d22582ad0eff,momentum,12,1,0.08,0.03,,0.005,stress,194.5,-5.5,1.23,58,51,0.03679492893576982,-0.00011244033665135279,-0.0004740777963281365,
1c12d22582ad0eff,momentum,12,1,0.08,0.03,,0.01,stress,187.32,-12.68,2.43,58,51,0.08122424955856386,-0.00026410879932538695,-0.0010446696851069148,
1c12d22582ad0eff,momentum,12,1,0.08,0.03,,0.025,stress,169.04,-30.96,5.86,58,51,0.19871065604854002,-0.0006781531985493348,-0.0028299177703443026,
1c12d22582ad0eff,momentum,12,1,0.08,0.03,,0.05,stress,173.33,-26.67,7.35,36,31,0.21948034403566444,-0.0005770970749791026,-0.0038292600334059,
e63c869c8737b7a8,momentum,12,1,0.08,0.08,1,0.005,costed,169.23,-30.77,5.73,157,119,0.15385,-0.0006736235085808137,-0.0010353390652987418,nonpositive_simultaneous_lower_bound;nonpositive_stress_profit
e63c869c8737b7a8,momentum,12,1,0.08,0.08,1,0.01,costed,159.14,-40.86,7.2,113,74,0.2043,-0.000921504228220353,-0.001832199050552409,nonpositive_simultaneous_lower_bound;nonpositive_stress_profit
e63c869c8737b7a8,momentum,12,1,0.08,0.08,1,0.025,costed,156.41,-43.59,7.2,51,37,0.21795,-0.0009912766204108337,-0.002662018642820651,nonpositive_simultaneous_lower_bound;insufficient_release_days;nonpositive_stress_profit
e63c869c8737b7a8,momentum,12,1,0.08,0.08,1,0.05,costed,155.35,-44.65,8.45,31,26,0.22325,-0.0010186964947942758,-0.0031301150345091626,nonpositive_simultaneous_lower_bound;insufficient_release_days;nonpositive_stress_profit
e63c869c8737b7a8,momentum,12,1,0.08,0.08,1,0.005,stress,171.82,-28.18,4.42,139,111,0.1422,-0.0006123788279763151,-0.000963986383042056,
e63c869c8737b7a8,momentum,12,1,0.08,0.08,1,0.01,stress,159.04,-40.96,6.57,122,94,0.2048,-0.0009240388049990846,-0.0017017428203527345,
e63c869c8737b7a8,momentum,12,1,0.08,0.08,1,0.025,stress,159.86,-40.14,3.73,27,25,0.2007,-0.0009033021546377563,-0.0023576989253988323,
e63c869c8737b7a8,momentum,12,1,0.08,0.08,1,0.05,stress,155.19,-44.81,4.58,16,16,0.22405,-0.0010228515881633203,-0.0031718996166796073,
4fbb1f2cb71de003,momentum,12,1,0.08,0.08,3,0.005,costed,181.25,-18.75,4.63,169,129,0.0940217934619614,-0.0003969357774727898,-0.0009710823128526646,nonpositive_simultaneous_lower_bound;nonpositive_stress_profit
4fbb1f2cb71de003,momentum,12,1,0.08,0.08,3,0.01,costed,159.4,-40.6,8.36,189,139,0.20351771348623396,-0.0009149217749674221,-0.0022577799177280404,nonpositive_simultaneous_lower_bound;nonpositive_stress_profit
4fbb1f2cb71de003,momentum,12,1,0.08,0.08,3,0.025,costed,158.0,-42.0,5.41,48,34,0.21126198083067094,-0.0009504932803268958,-0.002860952676176493,nonpositive_simultaneous_lower_bound;insufficient_release_days;nonpositive_stress_profit
4fbb1f2cb71de003,momentum,12,1,0.08,0.08,3,0.05,costed,159.95,-40.05,6.63,31,25,0.20025,-0.0009010326619052813,-0.0034085202704631466,nonpositive_simultaneous_lower_bound;insufficient_release_days;nonpositive_stress_profit
4fbb1f2cb71de003,momentum,12,1,0.08,0.08,3,0.005,stress,180.25,-19.75,3.49,148,112,0.09906532713550258,-0.0004192443160603957,-0.0008725359007302946,
4fbb1f2cb71de003,momentum,12,1,0.08,0.08,3,0.01,stress,160.46,-39.54,6.88,170,124,0.1982211562484385,-0.000888196275090833,-0.0019754495189985084,
4fbb1f2cb71de003,momentum,12,1,0.08,0.08,3,0.025,stress,159.96,-40.04,5.87,57,39,0.2014377714542459,-0.0009007805748766897,-0.002881714585252561,
4fbb1f2cb71de003,momentum,12,1,0.08,0.08,3,0.05,stress,157.29,-42.71,4.86,23,20,0.21355,-0.0009686537552237312,-0.0033530022191773645,
aaf5463da94fe6d0,momentum,12,1,0.08,0.08,,0.005,costed,182.8,-17.2,3.53,175,129,0.08773330671723725,-0.0003625996271289757,-0.0010018002867835264,nonpositive_simultaneous_lower_bound;nonpositive_stress_profit
aaf5463da94fe6d0,momentum,12,1,0.08,0.08,,0.01,costed,164.7,-35.3,6.91,194,139,0.18181818181818182,-0.0007830311667921069,-0.0022502173767746,nonpositive_simultaneous_lower_bound;nonpositive_stress_profit
aaf5463da94fe6d0,momentum,12,1,0.08,0.08,,0.025,costed,161.95,-38.05,3.99,48,35,0.20044433473216489,-0.0008509262940753967,-0.002939182888702329,nonpositive_simultaneous_lower_bound;insufficient_release_days;nonpositive_stress_profit
aaf5463da94fe6d0,momentum,12,1,0.08,0.08,,0.05,costed,161.73,-38.27,6.29,39,33,0.22368357893726298,-0.0008564076145820559,-0.003513851874279424,nonpositive_simultaneous_lower_bound;insufficient_release_days;nonpositive_stress_profit
aaf5463da94fe6d0,momentum,12,1,0.08,0.08,,0.005,stress,181.46,-18.54,3.09,149,116,0.09473684210526316,-0.00039226662421997926,-0.0008186862511305876,
aaf5463da94fe6d0,momentum,12,1,0.08,0.08,,0.01,stress,163.27,-36.73,6.16,170,129,0.18605114911012513,-0.0008181939290724365,-0.0017946667289737428,
aaf5463da94fe6d0,momentum,12,1,0.08,0.08,,0.025,stress,160.35,-39.65,5.2,57,41,0.20457363956545463,-0.0008909614532615839,-0.0025742326943538818,
aaf5463da94fe6d0,momentum,12,1,0.08,0.08,,0.05,stress,158.12,-41.88,4.61,24,22,0.2155189521730502,-0.0009474319682239985,-0.0037949286620051793,
006c4dc46782fcdb,momentum,6,1,0.08,0.03,1,0.005,costed,199.79,-0.21,0.03,1,1,0.00105,-4.236095307173901e-06,-2.0677779019969052e-05,nonpositive_simultaneous_lower_bound;insufficient_release_days;nonpositive_stress_profit
006c4dc46782fcdb,momentum,6,1,0.08,0.03,1,0.01,costed,199.6,-0.4,0.04,1,1,0.002,-8.072591414004351e-06,-3.940498248341912e-05,nonpositive_simultaneous_lower_bound;insufficient_release_days;nonpositive_stress_profit
006c4dc46782fcdb,momentum,6,1,0.08,0.03,1,0.025,costed,198.81,-1.19,0.11,1,1,0.00595,-2.406359588625605e-05,-0.00011746235202007277,nonpositive_simultaneous_lower_bound;insufficient_release_days;nonpositive_stress_profit
006c4dc46782fcdb,momentum,6,1,0.08,0.03,1,0.05,costed,197.63,-2.37,0.21,1,1,0.01185,-4.8067624579409966e-05,-0.00023463393691464668,nonpositive_simultaneous_lower_bound;insufficient_release_days;nonpositive_stress_profit
006c4dc46782fcdb,momentum,6,1,0.08,0.03,1,0.005,stress,199.87,-0.13,0.02,1,1,0.00065,-2.6218199257514353e-06,-1.2797968205065771e-05,
006c4dc46782fcdb,momentum,6,1,0.08,0.03,1,0.01,stress,199.75,-0.25,0.03,1,1,0.00125,-5.043475409889526e-06,-2.461886772040522e-05,
006c4dc46782fcdb,momentum,6,1,0.08,0.03,1,0.025,stress,199.28,-0.72,0.06,1,1,0.0036,-1.4542320943998968e-05,-7.098586719902941e-05,
006c4dc46782fcdb,momentum,6,1,0.08,0.03,1,0.05,stress,198.56,-1.44,0.12,1,1,0.0072,-2.9137278595724123e-05,-0.00014222867153751802,
d5c936c4fb6a5c0d,momentum,6,1,0.08,0.03,3,0.005,costed,199.74,-0.26,0.02,1,1,0.0013,-5.245345697774474e-06,-2.5604263208677914e-05,nonpositive_simultaneous_lower_bound;insufficient_release_days;nonpositive_stress_profit
d5c936c4fb6a5c0d,momentum,6,1,0.08,0.03,3,0.01,costed,199.49,-0.51,0.03,1,1,0.00255,-1.0295390273053584e-05,-5.025519719304125e-05,nonpositive_simultaneous_lower_bound;insufficient_release_days;nonpositive_stress_profit
d5c936c4fb6a5c0d,momentum,6,1,0.08,0.03,3,0.025,costed,198.48,-1.52,0.08,1,1,0.0076,-3.076220630843211e-05,-0.00015016047989647923,nonpositive_simultaneous_lower_bound;insufficient_release_days;nonpositive_stress_profit
d5c936c4fb6a5c0d,momentum,6,1,0.08,0.03,3,0.05,costed,196.96,-3.04,0.16,1,1,0.0152,-6.176090367698907e-05,-0.0003014753506946878,nonpositive_simultaneous_lower_bound;insufficient_release_days;nonpositive_stress_profit
d5c936c4fb6a5c0d,momentum,6,1,0.08,0.03,3,0.005,stress,199.86,-0.14,0.01,1,1,0.0007,-2.823569009650911e-06,-1.3782772056690553e-05,
d5c936c4fb6a5c0d,momentum,6,1,0.08,0.03,3,0.01,stress,199.72,-0.28,0.02,1,1,0.0014,-5.649116595274598e-06,-2.757520219559421e-05,
d5c936c4fb6a5c0d,momentum,6,1,0.08,0.03,3,0.025,stress,199.17,-0.83,0.05,1,1,0.00415,-1.67686901163669e-05,-8.185350978609115e-05,
d5c936c4fb6a5c0d,momentum,6,1,0.08,0.03,3,0.05,stress,198.34,-1.66,0.1,1,1,0.0083,-3.360740641152269e-05,-0.00016404884045807182,
ebc40f46e9c45382,momentum,6,1,0.08,0.03,,0.005,costed,199.74,-0.26,0.02,1,1,0.0013,-5.245345697774474e-06,-2.5604263208677914e-05,nonpositive_simultaneous_lower_bound;insufficient_release_days;nonpositive_stress_profit
ebc40f46e9c45382,momentum,6,1,0.08,0.03,,0.01,costed,199.49,-0.51,0.03,1,1,0.00255,-1.0295390273053584e-05,-5.025519719304125e-05,nonpositive_simultaneous_lower_bound;insufficient_release_days;nonpositive_stress_profit
ebc40f46e9c45382,momentum,6,1,0.08,0.03,,0.025,costed,198.48,-1.52,0.08,1,1,0.0076,-3.076220630843211e-05,-0.00015016047989647923,nonpositive_simultaneous_lower_bound;insufficient_release_days;nonpositive_stress_profit
ebc40f46e9c45382,momentum,6,1,0.08,0.03,,0.05,costed,196.96,-3.04,0.16,1,1,0.0152,-6.176090367698907e-05,-0.0003014753506946878,nonpositive_simultaneous_lower_bound;insufficient_release_days;nonpositive_stress_profit
ebc40f46e9c45382,momentum,6,1,0.08,0.03,,0.005,stress,199.86,-0.14,0.01,1,1,0.0007,-2.823569009650911e-06,-1.3782772056690553e-05,
ebc40f46e9c45382,momentum,6,1,0.08,0.03,,0.01,stress,199.72,-0.28,0.02,1,1,0.0014,-5.649116595274598e-06,-2.757520219559421e-05,
ebc40f46e9c45382,momentum,6,1,0.08,0.03,,0.025,stress,199.17,-0.83,0.05,1,1,0.00415,-1.67686901163669e-05,-8.185350978609115e-05,
ebc40f46e9c45382,momentum,6,1,0.08,0.03,,0.05,stress,198.34,-1.66,0.1,1,1,0.0083,-3.360740641152269e-05,-0.00016404884045807182,
375a65836840d70d,momentum,6,1,0.08,0.08,1,0.005,costed,198.71,-1.29,0.22,5,5,0.00645,-2.609230294480583e-05,-8.141723474694889e-05,nonpositive_simultaneous_lower_bound;insufficient_release_days;nonpositive_stress_profit
375a65836840d70d,momentum,6,1,0.08,0.08,1,0.01,costed,197.3,-2.7,0.45,5,5,0.0135,-5.480626419139927e-05,-0.00017015674852653413,nonpositive_simultaneous_lower_bound;insufficient_release_days;nonpositive_stress_profit
375a65836840d70d,momentum,6,1,0.08,0.08,1,0.025,costed,192.87,-7.13,1.11,5,5,0.03565,-0.0001463749182513372,-0.0004526752763430518,nonpositive_simultaneous_lower_bound;insufficient_release_days;nonpositive_stress_profit
375a65836840d70d,momentum,6,1,0.08,0.08,1,0.05,costed,186.14,-13.86,2.12,5,5,0.0693,-0.0002895898701228729,-0.000900290192132479,nonpositive_simultaneous_lower_bound;insufficient_release_days;nonpositive_stress_profit
375a65836840d70d,momentum,6,1,0.08,0.08,1,0.005,stress,198.54,-1.46,0.2,5,5,0.0073,-2.9543449138955324e-05,-9.949076724627993e-05,
375a65836840d70d,momentum,6,1,0.08,0.08,1,0.01,stress,196.78,-3.22,0.39,5,5,0.0161,-6.544763350974729e-05,-0.0002187762335457993,
375a65836840d70d,momentum,6,1,0.08,0.08,1,0.025,stress,192.09,-7.91,0.87,5,5,0.03955,-0.00016271513850490418,-0.0005405306471252583,
375a65836840d70d,momentum,6,1,0.08,0.08,1,0.05,stress,183.73,-16.27,1.71,5,5,0.08135,-0.0003421374109531989,-0.001141819723433906,
1fb30fc68c550bc6,momentum,6,1,0.08,0.08,3,0.005,costed,201.51,1.51,0.13,5,5,0.00605,3.0329199188895227e-05,-0.00012174523870141444,nonpositive_simultaneous_lower_bound;insufficient_release_days
1fb30fc68c550bc6,momentum,6,1,0.08,0.08,3,0.01,costed,203.44,3.44,0.27,5,5,0.01215,6.876513937833691e-05,-0.00023963715535114873,nonpositive_simultaneous_lower_bound;insufficient_release_days
1fb30fc68c550bc6,momentum,6,1,0.08,0.08,3,0.025,costed,208.82,8.82,0.67,5,5,0.03265,0.0001740131867497079,-0.0006318299369150626,nonpositive_simultaneous_lower_bound;insufficient_release_days
1fb30fc68c550bc6,momentum,6,1,0.08,0.08,3,0.05,costed,218.83,18.83,1.32,5,5,0.06515,0.0003628137343477093,-0.001288912031290789,nonpositive_simultaneous_lower_bound;insufficient_release_days
1fb30fc68c550bc6,momentum,6,1,0.08,0.08,3,0.005,stress,201.73,1.73,0.13,5,5,0.00465,3.472904475089826e-05,-0.00010891339504036589,
1fb30fc68c550bc6,momentum,6,1,0.08,0.08,3,0.01,stress,203.94,3.94,0.26,5,5,0.00935,7.866317091952841e-05,-0.00021604190338935073,
1fb30fc68c550bc6,momentum,6,1,0.08,0.08,3,0.025,stress,210.43,10.43,0.6,5,5,0.02315,0.00020498261976812645,-0.0005441766933640538,
1fb30fc68c550bc6,momentum,6,1,0.08,0.08,3,0.05,stress,221.73,21.73,1.23,5,5,0.048,0.0004158994311164048,-0.0011127357704515768,
e4aa937cad9828e8,momentum,6,1,0.08,0.08,,0.005,costed,201.51,1.51,0.13,5,5,0.00605,3.0329199188895227e-05,-0.00012174523870141444,nonpositive_simultaneous_lower_bound;insufficient_release_days
e4aa937cad9828e8,momentum,6,1,0.08,0.08,,0.01,costed,203.44,3.44,0.27,5,5,0.01215,6.876513937833691e-05,-0.00023963715535114873,nonpositive_simultaneous_lower_bound;insufficient_release_days
e4aa937cad9828e8,momentum,6,1,0.08,0.08,,0.025,costed,208.82,8.82,0.67,5,5,0.03265,0.0001740131867497079,-0.0006318299369150626,nonpositive_simultaneous_lower_bound;insufficient_release_days
e4aa937cad9828e8,momentum,6,1,0.08,0.08,,0.05,costed,218.83,18.83,1.32,5,5,0.06515,0.0003628137343477093,-0.001288912031290789,nonpositive_simultaneous_lower_bound;insufficient_release_days
e4aa937cad9828e8,momentum,6,1,0.08,0.08,,0.005,stress,201.73,1.73,0.13,5,5,0.00465,3.472904475089826e-05,-0.00010891339504036589,
e4aa937cad9828e8,momentum,6,1,0.08,0.08,,0.01,stress,203.94,3.94,0.26,5,5,0.00935,7.866317091952841e-05,-0.00021604190338935073,
e4aa937cad9828e8,momentum,6,1,0.08,0.08,,0.025,stress,210.43,10.43,0.6,5,5,0.02315,0.00020498261976812645,-0.0005441766933640538,
e4aa937cad9828e8,momentum,6,1,0.08,0.08,,0.05,stress,221.73,21.73,1.23,5,5,0.048,0.0004158994311164048,-0.0011127357704515768,
20ed2be1c6e15f84,momentum,24,1,0.15,0.03,1,0.005,costed,198.63,-1.37,0.4,7,7,0.00685,-2.7716003803114406e-05,-8.480479622432796e-05,nonpositive_simultaneous_lower_bound;insufficient_release_days;nonpositive_stress_profit
20ed2be1c6e15f84,momentum,24,1,0.15,0.03,1,0.01,costed,196.98,-3.02,0.88,7,7,0.0151,-6.135147502613106e-05,-0.0001818214613024007,nonpositive_simultaneous_lower_bound;insufficient_release_days;nonpositive_stress_profit
20ed2be1c6e15f84,momentum,24,1,0.15,0.03,1,0.025,costed,192.2,-7.8,2.19,7,7,0.039,-0.0001604067339187281,-0.0004813550515951247,nonpositive_simultaneous_lower_bound;insufficient_release_days;nonpositive_stress_profit
20ed2be1c6e15f84,momentum,24,1,0.15,0.03,1,0.05,costed,184.51,-15.49,4.35,7,7,0.07745,-0.0003250552580413131,-0.0009675141317848729,nonpositive_simultaneous_lower_bound;insufficient_release_days;nonpositive_stress_profit
20ed2be1c6e15f84,momentum,24,1,0.15,0.03,1,0.005,stress,198.63,-1.37,0.31,7,7,0.00685,-2.771600380311408e-05,-7.687777534676818e-05,
20ed2be1c6e15f84,momentum,24,1,0.15,0.03,1,0.01,stress,196.61,-3.39,0.71,7,7,0.01695,-6.893264285740828e-05,-0.0001932798549001592,
20ed2be1c6e15f84,momentum,24,1,0.15,0.03,1,0.025,stress,191.72,-8.28,1.65,7,7,0.0414,-0.0001704894849056699,-0.000480961298343652,
20ed2be1c6e15f84,momentum,24,1,0.15,0.03,1,0.05,stress,182.97,-17.03,3.33,7,7,0.08515,-0.00035885145794984735,-0.0010069457081822249,
54b94d99733e27dd,momentum,24,1,0.15,0.03,3,0.005,costed,196.65,-3.35,0.24,7,7,0.01861463219882224,-6.81123696379771e-05,-0.00020836546866954525,nonpositive_simultaneous_lower_bound;insufficient_release_days;nonpositive_stress_profit
54b94d99733e27dd,momentum,24,1,0.15,0.03,3,0.01,costed,191.91,-8.09,0.52,7,7,0.04588843591528289,-0.00016649538071726014,-0.0005272322689441922,nonpositive_simultaneous_lower_bound;insufficient_release_days;nonpositive_stress_profit
54b94d99733e27dd,momentum,24,1,0.15,0.03,3,0.025,costed,180.54,-19.46,1.26,7,7,0.11090318132571654,-0.00041276212370172514,-0.0013171831316576362,nonpositive_simultaneous_lower_bound;insufficient_release_days;nonpositive_stress_profit
54b94d99733e27dd,momentum,24,1,0.15,0.03,3,0.05,costed,161.06,-38.94,2.44,7,7,0.2186484257507398,-0.000873146774921927,-0.002764855474170128,nonpositive_simultaneous_lower_bound;insufficient_release_days;nonpositive_stress_profit
54b94d99733e27dd,momentum,24,1,0.15,0.03,3,0.005,stress,198.07,-1.93,0.22,7,7,0.01202714841800579,-3.910025394703275e-05,-0.00014987624108842826,
54b94d99733e27dd,momentum,24,1,0.15,0.03,3,0.01,stress,195.33,-4.67,0.47,7,7,0.02992940240628418,-9.526988157724244e-05,-0.00039035424572697255,
54b94d99733e27dd,momentum,24,1,0.15,0.03,3,0.025,stress,187.29,-12.71,1.09,7,7,0.07859680284191829,-0.0002647546322833642,-0.0010632662713358472,
54b94d99733e27dd,momentum,24,1,0.15,0.03,3,0.05,stress,173.62,-26.38,2.16,7,7,0.1611256926217556,-0.0005703563047757046,-0.0022851942627668017,
63ad63d282f7f236,momentum,24,1,0.15,0.03,,0.005,costed,198.28,-1.72,0.21,7,7,0.01636889909172572,-3.482739272445047e-05,-0.00017360683906734602,nonpositive_simultaneous_lower_bound;insufficient_release_days;nonpositive_stress_profit
63ad63d282f7f236,momentum,24,1,0.15,0.03,,0.01,costed,195.14,-4.86,0.47,7,7,0.0415630903848066,-9.919401962996947e-05,-0.0004533594930151319,nonpositive_simultaneous_lower_bound;insufficient_release_days;nonpositive_stress_profit
63ad63d282f7f236,momentum,24,1,0.15,0.03,,0.025,costed,188.63,-11.37,1.13,7,7,0.10011819166748744,-0.00023600783141291756,-0.0011229793370510326,nonpositive_simultaneous_lower_bound;insufficient_release_days;nonpositive_stress_profit
63ad63d282f7f236,momentum,24,1,0.15,0.03,,0.05,costed,175.59,-24.41,2.21,7,7,0.1996798137097948,-0.0005248614297451511,-0.002373684478853535,nonpositive_simultaneous_lower_bound;insufficient_release_days;nonpositive_stress_profit
63ad63d282f7f236,momentum,24,1,0.15,0.03,,0.005,stress,199.29,-0.71,0.16,7,7,0.012825631300528995,-1.4339984688618565e-05,-0.0001561120172589768,
63ad63d282f7f236,momentum,24,1,0.15,0.03,,0.01,stress,197.69,-2.31,0.37,7,7,0.03186835040270458,-4.684362637173661e-05,-0.00038900138961239913,
63ad63d282f7f236,momentum,24,1,0.15,0.03,,0.025,stress,193.2,-6.8,0.86,7,7,0.08328399447404776,-0.00013948163213556156,-0.0010592054265106856,
63ad63d282f7f236,momentum,24,1,0.15,0.03,,0.05,stress,184.86,-15.14,1.73,7,7,0.1698259939729756,-0.0003174136480298598,-0.002268384680689848,
ffaf839433346c22,momentum,24,1,0.15,0.08,1,0.005,costed,197.79,-2.21,0.71,16,16,0.01105,-4.4804454656123886e-05,-0.00010937875756035715,nonpositive_simultaneous_lower_bound;insufficient_release_days;nonpositive_stress_profit
ffaf839433346c22,momentum,24,1,0.15,0.08,1,0.01,costed,195.17,-4.83,1.47,17,17,0.02415,-9.857416493921835e-05,-0.00023495310712650129,nonpositive_simultaneous_lower_bound;insufficient_release_days;nonpositive_stress_profit
ffaf839433346c22,momentum,24,1,0.15,0.08,1,0.025,costed,187.5,-12.5,3.6,17,17,0.0625,-0.00026023597232891665,-0.0006152961589434325,nonpositive_simultaneous_lower_bound;insufficient_release_days;nonpositive_stress_profit
ffaf839433346c22,momentum,24,1,0.15,0.08,1,0.05,costed,174.84,-25.16,7.07,17,17,0.1258,-0.0005421213570682375,-0.0012800938751585127,nonpositive_simultaneous_lower_bound;insufficient_release_days;nonpositive_stress_profit
ffaf839433346c22,momentum,24,1,0.15,0.08,1,0.005,stress,199.29,-0.71,0.5,13,13,0.0067,-1.433998468861758e-05,-0.00014064723094947746,
ffaf839433346c22,momentum,24,1,0.15,0.08,1,0.01,stress,197.58,-2.42,1.12,14,14,0.01805,-4.908790698269684e-05,-0.0003198407562913302,
ffaf839433346c22,momentum,24,1,0.15,0.08,1,0.025,stress,193.92,-6.08,2.64,14,14,0.0459,-0.00012448251478664179,-0.0008098760804036647,
ffaf839433346c22,momentum,24,1,0.15,0.08,1,0.05,stress,186.24,-13.76,5.32,14,14,0.09505,-0.00028742420163291814,-0.0016710193675159824,
9d2306772a753090,momentum,24,1,0.15,0.08,3,0.005,costed,198.48,-1.52,0.44,17,17,0.011996615062969784,-3.0762206308431704e-05,-0.00024041739101650348,nonpositive_simultaneous_lower_bound;insufficient_release_days;nonpositive_stress_profit
9d2306772a753090,momentum,24,1,0.15,0.08,3,0.01,costed,196.06,-3.94,0.86,17,17,0.027865926219754065,-8.022835368732524e-05,-0.0005387735766758648,nonpositive_simultaneous_lower_bound;insufficient_release_days;nonpositive_stress_profit
9d2306772a753090,momentum,24,1,0.15,0.08,3,0.025,costed,189.68,-10.32,2.11,17,17,0.07441565412579905,-0.0002136246967374446,-0.0014153660019791496,nonpositive_simultaneous_lower_bound;insufficient_release_days;nonpositive_stress_profit
9d2306772a753090,momentum,24,1,0.15,0.08,3,0.05,costed,179.45,-20.55,4.2,17,17,0.14612676056338028,-0.00043718043933233956,-0.0028920969291695593,nonpositive_simultaneous_lower_bound;insufficient_release_days;nonpositive_stress_profit
9d2306772a753090,momentum,24,1,0.15,0.08,3,0.005,stress,199.82,-0.18,0.34,14,14,0.006812869859266995,-3.6306663030806075e-06,-0.0001722154415385869,
9d2306772a753090,momentum,24,1,0.15,0.08,3,0.01,stress,198.32,-1.68,0.7,14,14,0.017754127710364033,-3.401402750444204e-05,-0.00043378568157981896,
9d2306772a753090,momentum,24,1,0.15,0.08,3,0.025,stress,194.05,-5.95,1.69,14,14,0.05074817877534948,-0.00012178027714968383,-0.0012028719302689924,
9d2306772a753090,momentum,24,1,0.15,0.08,3,0.05,stress,187.65,-12.35,3.36,14,14,0.10518934081346423,-0.00025701145551212365,-0.0025123108359160974,
a35c2bac7de63d6b,momentum,24,1,0.15,0.08,,0.005,costed,200.22,0.22,0.4,17,17,0.010796019900497512,4.433046142343769e-06,-0.0002022592888855525,nonpositive_simultaneous_lower_bound;insufficient_release_days
a35c2bac7de63d6b,momentum,24,1,0.15,0.08,,0.01,costed,199.51,-0.49,0.79,17,17,0.02451708766716196,-9.891153875267485e-06,-0.0004586845337003254,nonpositive_simultaneous_lower_bound;insufficient_release_days
a35c2bac7de63d6b,momentum,24,1,0.15,0.08,,0.025,costed,198.86,-1.14,1.96,17,17,0.06375626612157492,-2.3049624984309903e-05,-0.0012070880668913777,nonpositive_simultaneous_lower_bound;insufficient_release_days;nonpositive_stress_profit
a35c2bac7de63d6b,momentum,24,1,0.15,0.08,,0.05,costed,197.6,-2.4,3.92,17,17,0.12484052355526154,-4.8679763041408066e-05,-0.0024462908935817375,nonpositive_simultaneous_lower_bound;insufficient_release_days;nonpositive_stress_profit
a35c2bac7de63d6b,momentum,24,1,0.15,0.08,,0.005,stress,201.04,1.04,0.28,14,14,0.00760853349246606,2.0913414061694658e-05,-0.0001668376349175419,
a35c2bac7de63d6b,momentum,24,1,0.15,0.08,,0.01,stress,200.68,0.68,0.6,14,14,0.017754127710364033,1.3686423661352862e-05,-0.00041742817405572325,
a35c2bac7de63d6b,momentum,24,1,0.15,0.08,,0.025,stress,199.91,-0.09,1.45,14,14,0.05242173656231541,-1.8149245176833594e-06,-0.0011583407901168956,
a35c2bac7de63d6b,momentum,24,1,0.15,0.08,,0.05,stress,199.4,-0.6,2.91,14,14,0.10722058325675872,-1.2114955727009863e-05,-0.0024227913464100487,
026ad648f49a6443,momentum,18,1,0.15,0.03,1,0.005,costed,197.46,-2.54,1.0,29,27,0.0127,-5.1537638567472484e-05,-0.0001030948390403443,nonpositive_simultaneous_lower_bound;insufficient_release_days;nonpositive_stress_profit
026ad648f49a6443,momentum,18,1,0.15,0.03,1,0.01,costed,194.82,-5.18,1.97,29,27,0.0259,-0.00010581173873075473,-0.0002166379167887309,nonpositive_simultaneous_lower_bound;insufficient_release_days;nonpositive_stress_profit
026ad648f49a6443,momentum,18,1,0.15,0.03,1,0.025,costed,186.03,-13.97,4.91,29,27,0.06985,-0.0002919734496699203,-0.0006003195621122879,nonpositive_simultaneous_lower_bound;insufficient_release_days;nonpositive_stress_profit
026ad648f49a6443,momentum,18,1,0.15,0.03,1,0.05,costed,172.25,-27.75,9.76,29,27,0.13875,-0.0006023002284446313,-0.0012396042006139613,nonpositive_simultaneous_lower_bound;insufficient_release_days;nonpositive_stress_profit
026ad648f49a6443,momentum,18,1,0.15,0.03,1,0.005,stress,198.13,-1.87,0.65,19,18,0.00935,-3.7878974362375565e-05,-8.862943362533629e-05,
026ad648f49a6443,momentum,18,1,0.15,0.03,1,0.01,stress,196.15,-3.85,1.2,19,18,0.01925,-7.837779795352883e-05,-0.00018540197791198633,
026ad648f49a6443,momentum,18,1,0.15,0.03,1,0.025,stress,190.05,-9.95,2.95,19,18,0.04975,-0.0002057668190031414,-0.000491584126194145,
026ad648f49a6443,momentum,18,1,0.15,0.03,1,0.05,stress,180.4,-19.6,5.73,19,18,0.098,-0.0004158901569335206,-0.0009964067968562152,
38f0ce362836774e,momentum,18,1,0.15,0.03,3,0.005,costed,197.05,-2.95,0.95,29,28,0.01475,-5.991880204445035e-05,-0.0001311120754207511,nonpositive_simultaneous_lower_bound;insufficient_release_days;nonpositive_stress_profit
38f0ce362836774e,momentum,18,1,0.15,0.03,3,0.01,costed,194.09,-5.91,1.85,29,28,0.02955,-0.00012094918361048735,-0.0002648151820104025,nonpositive_simultaneous_lower_bound;insufficient_release_days;nonpositive_stress_profit
38f0ce362836774e,momentum,18,1,0.15,0.03,3,0.025,costed,183.01,-16.99,4.61,29,28,0.08495,-0.0003579700418985703,-0.0008084624877392425,nonpositive_simultaneous_lower_bound;insufficient_release_days;nonpositive_stress_profit
38f0ce362836774e,momentum,18,1,0.15,0.03,3,0.05,costed,166.48,-33.52,8.89,29,28,0.1676,-0.000739686227672008,-0.0016662202189509508,nonpositive_simultaneous_lower_bound;insufficient_release_days;nonpositive_stress_profit
38f0ce362836774e,momentum,18,1,0.15,0.03,3,0.005,stress,198.1,-1.9,0.61,19,18,0.009698060387922416,-3.8489567917464246e-05,-0.00010919812643191034,
38f0ce362836774e,momentum,18,1,0.15,0.03,3,0.01,stress,195.77,-4.23,1.09,19,18,0.021590284372032587,-8.619703935316796e-05,-0.0002626820142418765,
38f0ce362836774e,momentum,18,1,0.15,0.03,3,0.025,stress,188.91,-11.09,2.71,19,18,0.05653498476751735,-0.00023002683620675776,-0.0007138272034115744,
38f0ce362836774e,momentum,18,1,0.15,0.03,3,0.05,stress,177.75,-22.25,5.29,19,18,0.11328943430110745,-0.00047556168493825064,-0.0014730814355722887,
8f52b845fdb64dc7,momentum,18,1,0.15,0.03,,0.005,costed,198.86,-1.14,0.5,29,27,0.00803272963129272,-2.3049624984312115e-05,-0.00019243240038210725,nonpositive_simultaneous_lower_bound;insufficient_release_days
8f52b845fdb64dc7,momentum,18,1,0.15,0.03,,0.01,costed,197.87,-2.13,0.96,29,27,0.01885014137606032,-4.3173859450355876e-05,-0.00042554902664201,nonpositive_simultaneous_lower_bound;insufficient_release_days
8f52b845fdb64dc7,momentum,18,1,0.15,0.03,,0.025,costed,189.72,-10.28,2.45,29,27,0.058601697017813724,-0.0002127744578171602,-0.0013766568586239083,nonpositive_simultaneous_lower_bound;insufficient_release_days
8f52b845fdb64dc7,momentum,18,1,0.15,0.03,,0.05,costed,180.83,-19.17,4.84,29,27,0.1148151779586234,-0.00040629033528688817,-0.002770157679659376,nonpositive_simultaneous_lower_bound;insufficient_release_days
8f52b845fdb64dc7,momentum,18,1,0.15,0.03,,0.005,stress,201.54,1.54,0.33,19,18,0.006167053135329814,3.092946090411058e-05,-0.00017360797650929163,
8f52b845fdb64dc7,momentum,18,1,0.15,0.03,,0.01,stress,202.99,2.99,0.58,19,18,0.014819493707788737,5.9836089502578886e-05,-0.000370914579913096,
8f52b845fdb64dc7,momentum,18,1,0.15,0.03,,0.025,stress,205.35,5.35,1.48,19,18,0.0455286826040356,0.00010644545909084803,-0.0011108936008278954,
8f52b845fdb64dc7,momentum,18,1,0.15,0.03,,0.05,stress,210.16,10.16,3.13,19,18,0.09079450625869263,0.00019980555979535441,-0.0022499279891679174,
dffa5bcb2386a646,momentum,18,1,0.15,0.08,1,0.005,costed,196.82,-3.18,1.29,38,35,0.0159,-6.462806885966755e-05,-0.00011731057411822277,nonpositive_simultaneous_lower_bound;insufficient_release_days;nonpositive_stress_profit
dffa5bcb2386a646,momentum,18,1,0.15,0.08,1,0.01,costed,193.71,-6.29,2.44,38,35,0.03145,-0.00012885149694173904,-0.00023951323409917067,nonpositive_simultaneous_lower_bound;insufficient_release_days;nonpositive_stress_profit
dffa5bcb2386a646,momentum,18,1,0.15,0.08,1,0.025,costed,183.24,-16.76,6.06,38,35,0.0838,-0.0003529056351995782,-0.0006606591506304302,nonpositive_simultaneous_lower_bound;insufficient_release_days;nonpositive_stress_profit
dffa5bcb2386a646,momentum,18,1,0.15,0.08,1,0.05,costed,167.32,-32.68,11.75,38,35,0.1634,-0.0007193920160243516,-0.0013441735669685027,nonpositive_simultaneous_lower_bound;insufficient_release_days;nonpositive_stress_profit
dffa5bcb2386a646,momentum,18,1,0.15,0.08,1,0.005,stress,197.24,-2.76,0.9,27,26,0.0138,-5.603268222625607e-05,-0.00011129221220740088,
dffa5bcb2386a646,momentum,18,1,0.15,0.08,1,0.01,stress,194.54,-5.46,1.59,27,26,0.0273,-0.00011161116575299287,-0.0002256835789933039,
dffa5bcb2386a646,momentum,18,1,0.15,0.08,1,0.025,stress,186.2,-13.8,3.84,27,26,0.069,-0.00028829032945592925,-0.0005907733252339682,
dffa5bcb2386a646,momentum,18,1,0.15,0.08,1,0.05,stress,171.86,-28.14,7.53,27,26,0.1407,-0.0006114402204151608,-0.0012524054161503419,
612c5882bca98d77,momentum,18,1,0.15,0.08,3,0.005,costed,195.77,-4.23,1.23,38,36,0.02115,-8.61970393531676e-05,-0.00017052085325446363,nonpositive_simultaneous_lower_bound;insufficient_release_days;nonpositive_stress_profit
612c5882bca98d77,momentum,18,1,0.15,0.08,3,0.01,costed,191.54,-8.46,2.33,38,36,0.0423,-0.0001742770260264651,-0.0003454897104924624,nonpositive_simultaneous_lower_bound;insufficient_release_days;nonpositive_stress_profit
612c5882bca98d77,momentum,18,1,0.15,0.08,3,0.025,costed,176.57,-23.43,5.71,38,36,0.11715,-0.0005024192267472983,-0.0010120167307850893,nonpositive_simultaneous_lower_bound;insufficient_release_days;nonpositive_stress_profit
612c5882bca98d77,momentum,18,1,0.15,0.08,3,0.05,costed,159.5,-40.5,10.09,36,34,0.2025,-0.0009123929206578123,-0.0019211878982836133,nonpositive_simultaneous_lower_bound;insufficient_release_days;nonpositive_stress_profit
612c5882bca98d77,momentum,18,1,0.15,0.08,3,0.005,stress,198.53,-1.47,0.79,27,26,0.012239414896263496,-2.9746549754229867e-05,-0.0001279331080603225,
612c5882bca98d77,momentum,18,1,0.15,0.08,3,0.01,stress,197.27,-2.73,1.35,27,26,0.026067637620340655,-5.541942658169072e-05,-0.0002969259819430776,
612c5882bca98d77,momentum,18,1,0.15,0.08,3,0.025,stress,192.68,-7.32,3.35,27,26,0.06737657308809293,-0.00015034913220168214,-0.0007794438253416003,
612c5882bca98d77,momentum,18,1,0.15,0.08,3,0.05,stress,184.56,-15.44,6.84,27,26,0.13732822286622418,-0.0003239627124295901,-0.0016543938704179702,
7cd268331a53665d,momentum,18,1,0.15,0.08,,0.005,costed,198.6,-1.4,0.64,38,35,0.009997500624843789,-2.8325060229695384e-05,-0.0002097246691087446,nonpositive_simultaneous_lower_bound;insufficient_release_days
7cd268331a53665d,momentum,18,1,0.15,0.08,,0.01,costed,196.49,-3.51,1.18,38,35,0.023886862225775823,-7.139446418924359e-05,-0.00046842606845113645,nonpositive_simultaneous_lower_bound;insufficient_release_days
7cd268331a53665d,momentum,18,1,0.15,0.08,,0.025,costed,187.65,-12.35,2.94,38,35,0.07794088276413022,-0.0002570114555121235,-0.0014723712159627898,nonpositive_simultaneous_lower_bound;insufficient_release_days
7cd268331a53665d,momentum,18,1,0.15,0.08,,0.05,costed,175.59,-24.41,5.65,38,35,0.15850618268847227,-0.000524861429745151,-0.0030258403131259454,nonpositive_simultaneous_lower_bound;insufficient_release_days
7cd268331a53665d,momentum,18,1,0.15,0.08,,0.005,stress,201.87,1.87,0.45,27,26,0.00616370808678501,3.7526448872174205e-05,-0.00018077959280493402,
7cd268331a53665d,momentum,18,1,0.15,0.08,,0.01,stress,203.35,3.35,0.75,27,26,0.01482669777842594,6.698091050482647e-05,-0.0003850286913014029,
7cd268331a53665d,momentum,18,1,0.15,0.08,,0.025,stress,207.45,7.45,1.92,27,26,0.04539330019049389,0.000147471694479196,-0.0011482858659291073,
7cd268331a53665d,momentum,18,1,0.15,0.08,,0.05,stress,213.98,13.98,4.07,27,26,0.09258060339246407,0.00027244026678396676,-0.0023862254783381786,
06723b60d0f6327b,momentum,12,1,0.15,0.03,1,0.005,costed,191.08,-8.92,1.21,36,34,0.0446,-0.00018397249204143426,-0.0003763432163017884,nonpositive_simultaneous_lower_bound;insufficient_release_days;nonpositive_stress_profit
06723b60d0f6327b,momentum,12,1,0.15,0.03,1,0.01,costed,181.64,-18.36,2.4,36,34,0.0918,-0.0003882687916059925,-0.0007888501989270975,nonpositive_simultaneous_lower_bound;insufficient_release_days;nonpositive_stress_profit
06723b60d0f6327b,momentum,12,1,0.15,0.03,1,0.025,costed,158.18,-41.82,5.15,35,33,0.2091,-0.0009459021832934085,-0.001969724084440246,nonpositive_simultaneous_lower_bound;insufficient_release_days;nonpositive_stress_profit
06723b60d0f6327b,momentum,12,1,0.15,0.03,1,0.05,costed,158.77,-41.23,3.77,15,14,0.20615,-0.0009308901308815189,-0.0029371341227642975,nonpositive_simultaneous_lower_bound;insufficient_release_days;nonpositive_stress_profit
06723b60d0f6327b,momentum,12,1,0.15,0.03,1,0.005,stress,194.02,-5.98,0.92,31,30,0.0299,-0.00012240370973749494,-0.0002842315167292754,
06723b60d0f6327b,momentum,12,1,0.15,0.03,1,0.01,stress,186.16,-13.84,1.67,31,30,0.0692,-0.0002891566433629037,-0.0006345727517325394,
06723b60d0f6327b,momentum,12,1,0.15,0.03,1,0.025,stress,166.49,-33.51,3.88,31,30,0.16755,-0.0007394440281906294,-0.0016684660825193958,
06723b60d0f6327b,momentum,12,1,0.15,0.03,1,0.05,stress,159.78,-40.22,4.84,21,20,0.2011,-0.0009053205544118565,-0.00256882121574305,
19e0ac633ce3ad32,momentum,12,1,0.15,0.03,3,0.005,costed,194.45,-5.55,0.86,36,30,0.02915,-0.00011347704010597006,-0.00036067227540030876,nonpositive_simultaneous_lower_bound;insufficient_release_days;nonpositive_stress_profit
19e0ac633ce3ad32,momentum,12,1,0.15,0.03,3,0.01,costed,188.61,-11.39,1.62,36,30,0.0598,-0.0002364353850199902,-0.0007498605444276989,nonpositive_simultaneous_lower_bound;insufficient_release_days;nonpositive_stress_profit
19e0ac633ce3ad32,momentum,12,1,0.15,0.03,3,0.025,costed,170.73,-29.27,3.73,36,30,0.1549,-0.0006380403438100595,-0.0020906390739408864,nonpositive_simultaneous_lower_bound;insufficient_release_days;nonpositive_stress_profit
19e0ac633ce3ad32,momentum,12,1,0.15,0.03,3,0.05,costed,158.01,-41.99,1.99,9,7,0.20995,-0.0009502380821960846,-0.003115305404095806,nonpositive_simultaneous_lower_bound;insufficient_release_days;nonpositive_stress_profit
19e0ac633ce3ad32,momentum,12,1,0.15,0.03,3,0.005,stress,195.7,-4.3,0.66,31,28,0.0231,-8.76390812338971e-05,-0.0002982209542715178,
19e0ac633ce3ad32,momentum,12,1,0.15,0.03,3,0.01,stress,189.19,-10.81,1.24,31,28,0.056,-0.00022405469939398615,-0.0006593796983880157,
19e0ac633ce3ad32,momentum,12,1,0.15,0.03,3,0.025,stress,174.03,-25.97,2.99,31,28,0.13855,-0.0005608454371046535,-0.0017316285284764304,
19e0ac633ce3ad32,momentum,12,1,0.15,0.03,3,0.05,stress,159.01,-40.99,3.9,22,19,0.20495,-0.0009247994888053682,-0.0030237928547050394,
882dfadfeacbd214,momentum,12,1,0.15,0.03,,0.005,costed,193.69,-6.31,0.68,35,30,0.034,-0.0001292678374753584,-0.00040733750614373746,nonpositive_simultaneous_lower_bound;insufficient_release_days;nonpositive_stress_profit
882dfadfeacbd214,momentum,12,1,0.15,0.03,,0.01,costed,187.46,-12.54,1.37,36,31,0.0663,-0.0002610962791520034,-0.00084568243776423,nonpositive_simultaneous_lower_bound;insufficient_release_days;nonpositive_stress_profit
882dfadfeacbd214,momentum,12,1,0.15,0.03,,0.025,costed,168.14,-31.86,3.05,36,31,0.17705,-0.0006996790356487303,-0.0023576627524589393,nonpositive_simultaneous_lower_bound;insufficient_release_days;nonpositive_stress_profit
882dfadfeacbd214,momentum,12,1,0.15,0.03,,0.05,costed,156.48,-43.52,1.12,6,6,0.2176,-0.000989472420409393,-0.00308462160010546,nonpositive_simultaneous_lower_bound;insufficient_release_days;nonpositive_stress_profit
882dfadfeacbd214,momentum,12,1,0.15,0.03,,0.005,stress,195.35,-4.65,0.6,31,30,0.02485,-9.485703647966547e-05,-0.0003122568693234243,
882dfadfeacbd214,momentum,12,1,0.15,0.03,,0.01,stress,188.43,-11.57,1.14,31,30,0.0598,-0.00024028540892595808,-0.0006829203877404948,
882dfadfeacbd214,momentum,12,1,0.15,0.03,,0.025,stress,172.06,-27.94,2.69,31,30,0.1484,-0.0006067504570759469,-0.0018073398113359162,
882dfadfeacbd214,momentum,12,1,0.15,0.03,,0.05,stress,158.35,-41.65,3.09,18,18,0.20825,-0.0009415709417878548,-0.003017843771410278,
8b13797f708b03a4,momentum,12,1,0.15,0.08,1,0.005,costed,181.99,-18.01,3.13,92,79,0.09005,-0.0003805065565956498,-0.0006418665410230881,nonpositive_simultaneous_lower_bound;nonpositive_stress_profit
8b13797f708b03a4,momentum,12,1,0.15,0.08,1,0.01,costed,164.56,-35.44,5.68,99,85,0.1772,-0.0007864601661424796,-0.0013114486324643459,nonpositive_simultaneous_lower_bound;nonpositive_stress_profit
8b13797f708b03a4,momentum,12,1,0.15,0.08,1,0.025,costed,159.54,-40.46,6.88,50,42,0.2023,-0.0009113818228429564,-0.002235221083920435,nonpositive_simultaneous_lower_bound;insufficient_release_days;nonpositive_stress_profit
8b13797f708b03a4,momentum,12,1,0.15,0.08,1,0.05,costed,155.57,-44.43,7.54,30,24,0.2241671653700379,-0.0010129902235847027,-0.0033627185416778907,nonpositive_simultaneous_lower_bound;insufficient_release_days;nonpositive_stress_profit
8b13797f708b03a4,momentum,12,1,0.15,0.08,1,0.005,stress,186.32,-13.68,2.0,70,68,0.0697,-0.0002856925039191568,-0.0005265972161673765,
8b13797f708b03a4,momentum,12,1,0.15,0.08,1,0.01,stress,171.85,-28.15,3.77,82,76,0.1434,-0.0006116748518233622,-0.001135982207820482,
8b13797f708b03a4,momentum,12,1,0.15,0.08,1,0.025,stress,159.99,-40.01,3.83,32,30,0.20005,-0.0009000244083363569,-0.002067148580034845,
8b13797f708b03a4,momentum,12,1,0.15,0.08,1,0.05,stress,159.34,-40.66,2.53,12,12,0.2033,-0.00091643984917668,-0.0024588060109499627,
c3c0a90a662f865a,momentum,12,1,0.15,0.08,3,0.005,costed,188.79,-11.21,2.32,94,82,0.05807513845232749,-0.00023258903363341027,-0.0006130446850568002,nonpositive_simultaneous_lower_bound;nonpositive_stress_profit
c3c0a90a662f865a,momentum,12,1,0.15,0.08,3,0.01,costed,178.51,-21.49,4.4,99,84,0.11149270817779106,-0.00045835784067973904,-0.0013070363280181612,nonpositive_simultaneous_lower_bound;nonpositive_stress_profit
c3c0a90a662f865a,momentum,12,1,0.15,0.08,3,0.025,costed,161.51,-38.49,7.36,69,58,0.2023803644624426,-0.000861896396361348,-0.002999101416696629,nonpositive_simultaneous_lower_bound;insufficient_release_days;nonpositive_stress_profit
c3c0a90a662f865a,momentum,12,1,0.15,0.08,3,0.05,costed,159.51,-40.49,5.26,25,22,0.22439949431099873,-0.0009121401224341931,-0.0033607283241622924,nonpositive_simultaneous_lower_bound;insufficient_release_days;nonpositive_stress_profit
c3c0a90a662f865a,momentum,12,1,0.15,0.08,3,0.005,stress,187.88,-12.12,1.48,71,67,0.0606,-0.000252072199150168,-0.0005210842045463896,
c3c0a90a662f865a,momentum,12,1,0.15,0.08,3,0.01,stress,174.7,-25.3,2.91,82,75,0.1265,-0.000545351408903325,-0.0011662999587757593,
c3c0a90a662f865a,momentum,12,1,0.15,0.08,3,0.025,stress,157.28,-42.72,3.37,38,34,0.2136,-0.0009689101215692729,-0.0021946325577152114,
c3c0a90a662f865a,momentum,12,1,0.15,0.08,3,0.05,stress,157.47,-42.53,2.04,11,11,0.21265,-0.0009640419460311237,-0.0026933813173471268,
c4f76e3fbfd0eb13,momentum,12,1,0.15,0.08,,0.005,costed,190.51,-9.49,1.74,93,78,0.047735679296211135,-0.0001960188706479541,-0.000619924627251922,nonpositive_simultaneous_lower_bound;nonpositive_stress_profit
c4f76e3fbfd0eb13,momentum,12,1,0.15,0.08,,0.01,costed,181.46,-18.54,3.51,99,83,0.09328936191475541,-0.0003922666242199756,-0.001381089745740609,nonpositive_simultaneous_lower_bound;nonpositive_stress_profit
c4f76e3fbfd0eb13,momentum,12,1,0.15,0.08,,0.025,costed,159.96,-40.04,2.4,30,24,0.2014776357827476,-0.0009007805748766886,-0.002762464582306898,nonpositive_simultaneous_lower_bound;insufficient_release_days;nonpositive_stress_profit
c4f76e3fbfd0eb13,momentum,12,1,0.15,0.08,,0.05,costed,155.57,-44.43,3.78,25,20,0.22466982307500624,-0.0010129902235847033,-0.003867029286851966,nonpositive_simultaneous_lower_bound;insufficient_release_days;nonpositive_stress_profit
c4f76e3fbfd0eb13,momentum,12,1,0.15,0.08,,0.005,stress,190.29,-9.71,1.38,75,71,0.04855,-0.0002006779928795218,-0.0004621658529822463,
c4f76e3fbfd0eb13,momentum,12,1,0.15,0.08,,0.01,stress,178.56,-21.44,2.68,82,76,0.1072,-0.0004572285780447189,-0.0010696677290086094,
c4f76e3fbfd0eb13,momentum,12,1,0.15,0.08,,0.025,stress,158.39,-41.61,3.17,39,35,0.20805,-0.000940552501910112,-0.0021995679097931765,
c4f76e3fbfd0eb13,momentum,12,1,0.15,0.08,,0.05,stress,159.19,-40.81,1.82,10,10,0.20405,-0.0009202375370201303,-0.0025881968289423346,
59b831490e3a8b56,momentum,6,1,0.15,0.03,1,0.005,costed,200.0,0.0,0.0,0,0,0.0,0.0,,nonpositive_simultaneous_lower_bound;insufficient_release_days;nonpositive_stress_profit
59b831490e3a8b56,momentum,6,1,0.15,0.03,1,0.01,costed,200.0,0.0,0.0,0,0,0.0,0.0,,nonpositive_simultaneous_lower_bound;insufficient_release_days;nonpositive_stress_profit
59b831490e3a8b56,momentum,6,1,0.15,0.03,1,0.025,costed,200.0,0.0,0.0,0,0,0.0,0.0,,nonpositive_simultaneous_lower_bound;insufficient_release_days;nonpositive_stress_profit
59b831490e3a8b56,momentum,6,1,0.15,0.03,1,0.05,costed,200.0,0.0,0.0,0,0,0.0,0.0,,nonpositive_simultaneous_lower_bound;insufficient_release_days;nonpositive_stress_profit
59b831490e3a8b56,momentum,6,1,0.15,0.03,1,0.005,stress,200.0,0.0,0.0,0,0,0.0,0.0,,
59b831490e3a8b56,momentum,6,1,0.15,0.03,1,0.01,stress,200.0,0.0,0.0,0,0,0.0,0.0,,
59b831490e3a8b56,momentum,6,1,0.15,0.03,1,0.025,stress,200.0,0.0,0.0,0,0,0.0,0.0,,
59b831490e3a8b56,momentum,6,1,0.15,0.03,1,0.05,stress,200.0,0.0,0.0,0,0,0.0,0.0,,
57bf9b4f170946a2,momentum,6,1,0.15,0.03,3,0.005,costed,200.0,0.0,0.0,0,0,0.0,0.0,,nonpositive_simultaneous_lower_bound;insufficient_release_days;nonpositive_stress_profit
57bf9b4f170946a2,momentum,6,1,0.15,0.03,3,0.01,costed,200.0,0.0,0.0,0,0,0.0,0.0,,nonpositive_simultaneous_lower_bound;insufficient_release_days;nonpositive_stress_profit
57bf9b4f170946a2,momentum,6,1,0.15,0.03,3,0.025,costed,200.0,0.0,0.0,0,0,0.0,0.0,,nonpositive_simultaneous_lower_bound;insufficient_release_days;nonpositive_stress_profit
57bf9b4f170946a2,momentum,6,1,0.15,0.03,3,0.05,costed,200.0,0.0,0.0,0,0,0.0,0.0,,nonpositive_simultaneous_lower_bound;insufficient_release_days;nonpositive_stress_profit
57bf9b4f170946a2,momentum,6,1,0.15,0.03,3,0.005,stress,200.0,0.0,0.0,0,0,0.0,0.0,,
57bf9b4f170946a2,momentum,6,1,0.15,0.03,3,0.01,stress,200.0,0.0,0.0,0,0,0.0,0.0,,
57bf9b4f170946a2,momentum,6,1,0.15,0.03,3,0.025,stress,200.0,0.0,0.0,0,0,0.0,0.0,,
57bf9b4f170946a2,momentum,6,1,0.15,0.03,3,0.05,stress,200.0,0.0,0.0,0,0,0.0,0.0,,
9b1cabd68e434547,momentum,6,1,0.15,0.03,,0.005,costed,200.0,0.0,0.0,0,0,0.0,0.0,,nonpositive_simultaneous_lower_bound;insufficient_release_days;nonpositive_stress_profit
9b1cabd68e434547,momentum,6,1,0.15,0.03,,0.01,costed,200.0,0.0,0.0,0,0,0.0,0.0,,nonpositive_simultaneous_lower_bound;insufficient_release_days;nonpositive_stress_profit
9b1cabd68e434547,momentum,6,1,0.15,0.03,,0.025,costed,200.0,0.0,0.0,0,0,0.0,0.0,,nonpositive_simultaneous_lower_bound;insufficient_release_days;nonpositive_stress_profit
9b1cabd68e434547,momentum,6,1,0.15,0.03,,0.05,costed,200.0,0.0,0.0,0,0,0.0,0.0,,nonpositive_simultaneous_lower_bound;insufficient_release_days;nonpositive_stress_profit
9b1cabd68e434547,momentum,6,1,0.15,0.03,,0.005,stress,200.0,0.0,0.0,0,0,0.0,0.0,,
9b1cabd68e434547,momentum,6,1,0.15,0.03,,0.01,stress,200.0,0.0,0.0,0,0,0.0,0.0,,
9b1cabd68e434547,momentum,6,1,0.15,0.03,,0.025,stress,200.0,0.0,0.0,0,0,0.0,0.0,,
9b1cabd68e434547,momentum,6,1,0.15,0.03,,0.05,stress,200.0,0.0,0.0,0,0,0.0,0.0,,
30ad54877089f8c8,momentum,6,1,0.15,0.08,1,0.005,costed,199.48,-0.52,0.11,3,3,0.0026,-1.0497523669818027e-05,-3.7658281932049976e-05,nonpositive_simultaneous_lower_bound;insufficient_release_days;nonpositive_stress_profit
30ad54877089f8c8,momentum,6,1,0.15,0.08,1,0.01,costed,198.82,-1.18,0.25,3,3,0.0059,-2.3860781306603428e-05,-8.397899662505818e-05,nonpositive_simultaneous_lower_bound;insufficient_release_days;nonpositive_stress_profit
30ad54877089f8c8,momentum,6,1,0.15,0.08,1,0.025,costed,196.98,-3.02,0.6,3,3,0.0151,-6.13514750261304e-05,-0.00021377122503751783,nonpositive_simultaneous_lower_bound;insufficient_release_days;nonpositive_stress_profit
30ad54877089f8c8,momentum,6,1,0.15,0.08,1,0.05,costed,193.98,-6.02,1.18,3,3,0.0301,-0.00012323510315580648,-0.00042990556117603865,nonpositive_simultaneous_lower_bound;insufficient_release_days;nonpositive_stress_profit
30ad54877089f8c8,momentum,6,1,0.15,0.08,1,0.005,stress,199.44,-0.56,0.13,3,3,0.0028,-1.1306158599735121e-05,-4.117866223993104e-05,
30ad54877089f8c8,momentum,6,1,0.15,0.08,1,0.01,stress,198.56,-1.44,0.27,3,3,0.0072,-2.9137278595724096e-05,-0.00011312740570925827,
30ad54877089f8c8,momentum,6,1,0.15,0.08,1,0.025,stress,196.15,-3.85,0.65,3,3,0.01925,-7.837779795352838e-05,-0.00030273478803871645,
30ad54877089f8c8,momentum,6,1,0.15,0.08,1,0.05,stress,192.35,-7.65,1.25,3,3,0.03825,-0.00015726103770053438,-0.0006081496209152163,
8d0fcb97a132eab7,momentum,6,1,0.15,0.08,3,0.005,costed,202.7,2.7,0.06,3,3,0.00014903870038253267,5.4071318185151876e-05,-7.686149385351514e-05,nonpositive_simultaneous_lower_bound;insufficient_release_days
8d0fcb97a132eab7,momentum,6,1,0.15,0.08,3,0.01,costed,205.81,5.81,0.14,3,3,0.0003,0.00011546792958198474,-0.00015247356085415357,nonpositive_simultaneous_lower_bound;insufficient_release_days
8d0fcb97a132eab7,momentum,6,1,0.15,0.08,3,0.025,costed,215.64,15.64,0.34,3,3,0.0007191140514885661,0.000303600742078352,-0.00038808527292292496,nonpositive_simultaneous_lower_bound;insufficient_release_days
8d0fcb97a132eab7,momentum,6,1,0.15,0.08,3,0.05,costed,233.6,33.6,0.69,3,3,0.001467351430667645,0.0006261809855082066,-0.000805501966122401,nonpositive_simultaneous_lower_bound;insufficient_release_days
8d0fcb97a132eab7,momentum,6,1,0.15,0.08,3,0.005,stress,202.64,2.64,0.07,3,3,0.0001490979573579842,5.287757719912491e-05,-7.565065502025593e-05,
8d0fcb97a132eab7,momentum,6,1,0.15,0.08,3,0.01,stress,205.75,5.75,0.15,3,3,0.0003,0.00011429222987557391,-0.0001517437567982729,
8d0fcb97a132eab7,momentum,6,1,0.15,0.08,3,0.025,stress,215.4,15.4,0.36,3,3,0.0007,0.00029911047650907834,-0.00038125878652008305,
8d0fcb97a132eab7,momentum,6,1,0.15,0.08,3,0.05,stress,232.99,32.99,0.76,3,3,0.0014269931872583318,0.0006156377727488096,-0.0007886708668538834,
ec27aa21bf5518fd,momentum,6,1,0.15,0.08,,0.005,costed,202.7,2.7,0.06,3,3,0.00014903870038253267,5.4071318185151876e-05,-7.686149385351514e-05,nonpositive_simultaneous_lower_bound;insufficient_release_days
ec27aa21bf5518fd,momentum,6,1,0.15,0.08,,0.01,costed,205.81,5.81,0.14,3,3,0.0003,0.00011546792958198474,-0.00015247356085415357,nonpositive_simultaneous_lower_bound;insufficient_release_days
ec27aa21bf5518fd,momentum,6,1,0.15,0.08,,0.025,costed,215.64,15.64,0.34,3,3,0.0007191140514885661,0.000303600742078352,-0.00038808527292292496,nonpositive_simultaneous_lower_bound;insufficient_release_days
ec27aa21bf5518fd,momentum,6,1,0.15,0.08,,0.05,costed,233.6,33.6,0.69,3,3,0.001467351430667645,0.0006261809855082066,-0.000805501966122401,nonpositive_simultaneous_lower_bound;insufficient_release_days
ec27aa21bf5518fd,momentum,6,1,0.15,0.08,,0.005,stress,202.64,2.64,0.07,3,3,0.0001490979573579842,5.287757719912491e-05,-7.565065502025593e-05,
ec27aa21bf5518fd,momentum,6,1,0.15,0.08,,0.01,stress,205.75,5.75,0.15,3,3,0.0003,0.00011429222987557391,-0.0001517437567982729,
ec27aa21bf5518fd,momentum,6,1,0.15,0.08,,0.025,stress,215.4,15.4,0.36,3,3,0.0007,0.00029911047650907834,-0.00038125878652008305,
ec27aa21bf5518fd,momentum,6,1,0.15,0.08,,0.05,stress,232.99,32.99,0.76,3,3,0.0014269931872583318,0.0006156377727488096,-0.0007886708668538834,
cd099e4457eebd1b,momentum,24,3,0.03,0.03,1,0.005,costed,200.0,0.0,0.0,0,0,0.0,0.0,,nonpositive_simultaneous_lower_bound;insufficient_release_days;nonpositive_stress_profit
cd099e4457eebd1b,momentum,24,3,0.03,0.03,1,0.01,costed,200.0,0.0,0.0,0,0,0.0,0.0,,nonpositive_simultaneous_lower_bound;insufficient_release_days;nonpositive_stress_profit
cd099e4457eebd1b,momentum,24,3,0.03,0.03,1,0.025,costed,200.0,0.0,0.0,0,0,0.0,0.0,,nonpositive_simultaneous_lower_bound;insufficient_release_days;nonpositive_stress_profit
cd099e4457eebd1b,momentum,24,3,0.03,0.03,1,0.05,costed,200.0,0.0,0.0,0,0,0.0,0.0,,nonpositive_simultaneous_lower_bound;insufficient_release_days;nonpositive_stress_profit
cd099e4457eebd1b,momentum,24,3,0.03,0.03,1,0.005,stress,200.0,0.0,0.0,0,0,0.0,0.0,,
cd099e4457eebd1b,momentum,24,3,0.03,0.03,1,0.01,stress,200.0,0.0,0.0,0,0,0.0,0.0,,
cd099e4457eebd1b,momentum,24,3,0.03,0.03,1,0.025,stress,200.0,0.0,0.0,0,0,0.0,0.0,,
cd099e4457eebd1b,momentum,24,3,0.03,0.03,1,0.05,stress,200.0,0.0,0.0,0,0,0.0,0.0,,
5888b4f0db71cc89,momentum,24,3,0.03,0.03,3,0.005,costed,200.0,0.0,0.0,0,0,0.0,0.0,,nonpositive_simultaneous_lower_bound;insufficient_release_days;nonpositive_stress_profit
5888b4f0db71cc89,momentum,24,3,0.03,0.03,3,0.01,costed,200.0,0.0,0.0,0,0,0.0,0.0,,nonpositive_simultaneous_lower_bound;insufficient_release_days;nonpositive_stress_profit
5888b4f0db71cc89,momentum,24,3,0.03,0.03,3,0.025,costed,200.0,0.0,0.0,0,0,0.0,0.0,,nonpositive_simultaneous_lower_bound;insufficient_release_days;nonpositive_stress_profit
5888b4f0db71cc89,momentum,24,3,0.03,0.03,3,0.05,costed,200.0,0.0,0.0,0,0,0.0,0.0,,nonpositive_simultaneous_lower_bound;insufficient_release_days;nonpositive_stress_profit
5888b4f0db71cc89,momentum,24,3,0.03,0.03,3,0.005,stress,200.0,0.0,0.0,0,0,0.0,0.0,,
5888b4f0db71cc89,momentum,24,3,0.03,0.03,3,0.01,stress,200.0,0.0,0.0,0,0,0.0,0.0,,
5888b4f0db71cc89,momentum,24,3,0.03,0.03,3,0.025,stress,200.0,0.0,0.0,0,0,0.0,0.0,,
5888b4f0db71cc89,momentum,24,3,0.03,0.03,3,0.05,stress,200.0,0.0,0.0,0,0,0.0,0.0,,
8970c9fd8636001c,momentum,24,3,0.03,0.03,,0.005,costed,200.0,0.0,0.0,0,0,0.0,0.0,,nonpositive_simultaneous_lower_bound;insufficient_release_days;nonpositive_stress_profit
8970c9fd8636001c,momentum,24,3,0.03,0.03,,0.01,costed,200.0,0.0,0.0,0,0,0.0,0.0,,nonpositive_simultaneous_lower_bound;insufficient_release_days;nonpositive_stress_profit
8970c9fd8636001c,momentum,24,3,0.03,0.03,,0.025,costed,200.0,0.0,0.0,0,0,0.0,0.0,,nonpositive_simultaneous_lower_bound;insufficient_release_days;nonpositive_stress_profit
8970c9fd8636001c,momentum,24,3,0.03,0.03,,0.05,costed,200.0,0.0,0.0,0,0,0.0,0.0,,nonpositive_simultaneous_lower_bound;insufficient_release_days;nonpositive_stress_profit
8970c9fd8636001c,momentum,24,3,0.03,0.03,,0.005,stress,200.0,0.0,0.0,0,0,0.0,0.0,,
8970c9fd8636001c,momentum,24,3,0.03,0.03,,0.01,stress,200.0,0.0,0.0,0,0,0.0,0.0,,
8970c9fd8636001c,momentum,24,3,0.03,0.03,,0.025,stress,200.0,0.0,0.0,0,0,0.0,0.0,,
8970c9fd8636001c,momentum,24,3,0.03,0.03,,0.05,stress,200.0,0.0,0.0,0,0,0.0,0.0,,
0eb49820f5ba94d5,momentum,24,3,0.03,0.08,1,0.005,costed,200.0,0.0,0.0,0,0,0.0,0.0,,nonpositive_simultaneous_lower_bound;insufficient_release_days;nonpositive_stress_profit
0eb49820f5ba94d5,momentum,24,3,0.03,0.08,1,0.01,costed,200.0,0.0,0.0,0,0,0.0,0.0,,nonpositive_simultaneous_lower_bound;insufficient_release_days;nonpositive_stress_profit
0eb49820f5ba94d5,momentum,24,3,0.03,0.08,1,0.025,costed,200.0,0.0,0.0,0,0,0.0,0.0,,nonpositive_simultaneous_lower_bound;insufficient_release_days;nonpositive_stress_profit
0eb49820f5ba94d5,momentum,24,3,0.03,0.08,1,0.05,costed,200.0,0.0,0.0,0,0,0.0,0.0,,nonpositive_simultaneous_lower_bound;insufficient_release_days;nonpositive_stress_profit
0eb49820f5ba94d5,momentum,24,3,0.03,0.08,1,0.005,stress,200.0,0.0,0.0,0,0,0.0,0.0,,
0eb49820f5ba94d5,momentum,24,3,0.03,0.08,1,0.01,stress,200.0,0.0,0.0,0,0,0.0,0.0,,
0eb49820f5ba94d5,momentum,24,3,0.03,0.08,1,0.025,stress,200.0,0.0,0.0,0,0,0.0,0.0,,
0eb49820f5ba94d5,momentum,24,3,0.03,0.08,1,0.05,stress,200.0,0.0,0.0,0,0,0.0,0.0,,
0497af5574c573b0,momentum,24,3,0.03,0.08,3,0.005,costed,200.0,0.0,0.0,0,0,0.0,0.0,,nonpositive_simultaneous_lower_bound;insufficient_release_days;nonpositive_stress_profit
0497af5574c573b0,momentum,24,3,0.03,0.08,3,0.01,costed,200.0,0.0,0.0,0,0,0.0,0.0,,nonpositive_simultaneous_lower_bound;insufficient_release_days;nonpositive_stress_profit
0497af5574c573b0,momentum,24,3,0.03,0.08,3,0.025,costed,200.0,0.0,0.0,0,0,0.0,0.0,,nonpositive_simultaneous_lower_bound;insufficient_release_days;nonpositive_stress_profit
0497af5574c573b0,momentum,24,3,0.03,0.08,3,0.05,costed,200.0,0.0,0.0,0,0,0.0,0.0,,nonpositive_simultaneous_lower_bound;insufficient_release_days;nonpositive_stress_profit
0497af5574c573b0,momentum,24,3,0.03,0.08,3,0.005,stress,200.0,0.0,0.0,0,0,0.0,0.0,,
0497af5574c573b0,momentum,24,3,0.03,0.08,3,0.01,stress,200.0,0.0,0.0,0,0,0.0,0.0,,
0497af5574c573b0,momentum,24,3,0.03,0.08,3,0.025,stress,200.0,0.0,0.0,0,0,0.0,0.0,,
0497af5574c573b0,momentum,24,3,0.03,0.08,3,0.05,stress,200.0,0.0,0.0,0,0,0.0,0.0,,
1e5a94d5e7525ced,momentum,24,3,0.03,0.08,,0.005,costed,200.0,0.0,0.0,0,0,0.0,0.0,,nonpositive_simultaneous_lower_bound;insufficient_release_days;nonpositive_stress_profit
1e5a94d5e7525ced,momentum,24,3,0.03,0.08,,0.01,costed,200.0,0.0,0.0,0,0,0.0,0.0,,nonpositive_simultaneous_lower_bound;insufficient_release_days;nonpositive_stress_profit
1e5a94d5e7525ced,momentum,24,3,0.03,0.08,,0.025,costed,200.0,0.0,0.0,0,0,0.0,0.0,,nonpositive_simultaneous_lower_bound;insufficient_release_days;nonpositive_stress_profit
1e5a94d5e7525ced,momentum,24,3,0.03,0.08,,0.05,costed,200.0,0.0,0.0,0,0,0.0,0.0,,nonpositive_simultaneous_lower_bound;insufficient_release_days;nonpositive_stress_profit
1e5a94d5e7525ced,momentum,24,3,0.03,0.08,,0.005,stress,200.0,0.0,0.0,0,0,0.0,0.0,,
1e5a94d5e7525ced,momentum,24,3,0.03,0.08,,0.01,stress,200.0,0.0,0.0,0,0,0.0,0.0,,
1e5a94d5e7525ced,momentum,24,3,0.03,0.08,,0.025,stress,200.0,0.0,0.0,0,0,0.0,0.0,,
1e5a94d5e7525ced,momentum,24,3,0.03,0.08,,0.05,stress,200.0,0.0,0.0,0,0,0.0,0.0,,
0882bf5fa6489967,momentum,18,3,0.03,0.03,1,0.005,costed,192.17,-7.83,2.41,47,27,0.03915,-0.00016103616775685803,-0.0004376827070907737,nonpositive_simultaneous_lower_bound;insufficient_release_days;nonpositive_stress_profit
0882bf5fa6489967,momentum,18,3,0.03,0.03,1,0.01,costed,183.43,-16.57,4.95,47,27,0.08285,-0.00034872678718458655,-0.0009410593110910518,nonpositive_simultaneous_lower_bound;insufficient_release_days;nonpositive_stress_profit
0882bf5fa6489967,momentum,18,3,0.03,0.03,1,0.025,costed,159.25,-40.75,11.91,47,27,0.20375,-0.0009187180326442089,-0.002483966658787892,nonpositive_simultaneous_lower_bound;insufficient_release_days;nonpositive_stress_profit
0882bf5fa6489967,momentum,18,3,0.03,0.03,1,0.05,costed,154.4,-45.6,12.92,25,16,0.228,-0.001043430358699036,-0.0031025225533136084,nonpositive_simultaneous_lower_bound;insufficient_release_days;nonpositive_stress_profit
0882bf5fa6489967,momentum,18,3,0.03,0.03,1,0.005,stress,190.38,-9.62,1.85,39,23,0.0481,-0.00019877133760031284,-0.0005429134662280825,
0882bf5fa6489967,momentum,18,3,0.03,0.03,1,0.01,stress,179.28,-20.72,3.86,41,24,0.1036,-0.0004410021655458272,-0.0012131755773705842,
0882bf5fa6489967,momentum,18,3,0.03,0.03,1,0.025,stress,158.42,-41.58,7.39,34,19,0.2079,-0.0009397888407738014,-0.002679879511820719,
0882bf5fa6489967,momentum,18,3,0.03,0.03,1,0.05,stress,157.73,-42.27,5.73,13,11,0.21135,-0.0009573897421316686,-0.0028860347150997884,
419131d303d3df5c,momentum,18,3,0.03,0.03,3,0.005,costed,191.74,-8.26,2.34,46,28,0.04149170165966807,-0.00017006886652897672,-0.00048732460428346086,nonpositive_simultaneous_lower_bound;insufficient_release_days;nonpositive_stress_profit
419131d303d3df5c,momentum,18,3,0.03,0.03,3,0.01,costed,183.02,-16.98,4.68,47,28,0.08531160977560098,-0.00035774971798711435,-0.0010174879849302258,nonpositive_simultaneous_lower_bound;insufficient_release_days;nonpositive_stress_profit
419131d303d3df5c,momentum,18,3,0.03,0.03,3,0.025,costed,159.89,-40.11,10.67,46,27,0.20146831144184188,-0.0009025455151238218,-0.0026177075663265394,nonpositive_simultaneous_lower_bound;insufficient_release_days;nonpositive_stress_profit
419131d303d3df5c,momentum,18,3,0.03,0.03,3,0.05,costed,156.32,-43.68,7.2,16,12,0.220193554823905,-0.000993597492957919,-0.0035116480701000625,nonpositive_simultaneous_lower_bound;insufficient_release_days;nonpositive_stress_profit
419131d303d3df5c,momentum,18,3,0.03,0.03,3,0.005,stress,190.24,-9.76,1.67,39,22,0.0495603517186251,-0.00020173763550631,-0.0005820919351733782,
419131d303d3df5c,momentum,18,3,0.03,0.03,3,0.01,stress,178.23,-21.77,3.52,41,23,0.11093929266224373,-0.00046468756254950197,-0.0013532011359393753,
419131d303d3df5c,momentum,18,3,0.03,0.03,3,0.025,stress,159.52,-40.48,5.3,29,16,0.20747217806041335,-0.0009118873400585,-0.0028927759753235565,
419131d303d3df5c,momentum,18,3,0.03,0.03,3,0.05,stress,158.83,-41.17,4.75,13,11,0.2159253591351138,-0.0009293666076652129,-0.0031120221610310933,
4ffaac212ee7ce34,momentum,18,3,0.03,0.03,,0.005,costed,196.81,-3.19,1.3,47,28,0.027988425463979245,-6.483294440601168e-05,-0.0003434620674175195,nonpositive_simultaneous_lower_bound;insufficient_release_days;nonpositive_stress_profit
4ffaac212ee7ce34,momentum,18,3,0.03,0.03,,0.01,costed,195.82,-4.18,2.71,47,28,0.05628694917780317,-8.516732508915799e-05,-0.0007229043755518,nonpositive_simultaneous_lower_bound;insufficient_release_days;nonpositive_stress_profit
4ffaac212ee7ce34,momentum,18,3,0.03,0.03,,0.025,costed,188.38,-11.62,6.33,47,28,0.12703247040330107,-0.0002413555127151816,-0.0016817053656106868,nonpositive_simultaneous_lower_bound;insufficient_release_days;nonpositive_stress_profit
4ffaac212ee7ce34,momentum,18,3,0.03,0.03,,0.05,costed,202.91,2.91,8.57,40,28,0.1457225712904785,5.824663077216246e-05,-0.002206445961027262,nonpositive_simultaneous_lower_bound;insufficient_release_days;nonpositive_stress_profit
4ffaac212ee7ce34,momentum,18,3,0.03,0.03,,0.005,stress,189.31,-10.69,1.03,38,22,0.0599561053471668,-0.0002214979174444272,-0.0008135165148197517,
4ffaac212ee7ce34,momentum,18,3,0.03,0.03,,0.01,stress,178.42,-21.58,2.2,41,23,0.13131764472247046,-0.00046039131073548144,-0.0018452708481343717,
4ffaac212ee7ce34,momentum,18,3,0.03,0.03,,0.025,stress,157.66,-42.34,2.62,20,14,0.22639842983316977,-0.0009591796407914295,-0.003469035495215936,
4ffaac212ee7ce34,momentum,18,3,0.03,0.03,,0.05,stress,160.03,-39.97,3.06,14,13,0.22917971195992487,-0.0008990164068150724,-0.0034876401525404154,
13d0d0bd9cdd09e6,momentum,18,3,0.03,0.08,1,0.005,costed,188.37,-11.63,3.95,80,38,0.05815,-0.00024156956755608496,-0.0005892834320069482,nonpositive_simultaneous_lower_bound;insufficient_release_days;nonpositive_stress_profit
13d0d0bd9cdd09e6,momentum,18,3,0.03,0.08,1,0.01,costed,174.48,-25.52,8.37,84,39,0.1276,-0.0005504324381236408,-0.0013464988339775834,nonpositive_simultaneous_lower_bound;insufficient_release_days;nonpositive_stress_profit
13d0d0bd9cdd09e6,momentum,18,3,0.03,0.08,1,0.025,costed,157.94,-42.06,12.73,53,27,0.2103,-0.0009520248083814591,-0.0026149751748143954,nonpositive_simultaneous_lower_bound;insufficient_release_days;nonpositive_stress_profit
13d0d0bd9cdd09e6,momentum,18,3,0.03,0.08,1,0.05,costed,158.51,-41.49,10.12,21,17,0.20745,-0.000937498724750949,-0.002256128277051081,nonpositive_simultaneous_lower_bound;insufficient_release_days;nonpositive_stress_profit
13d0d0bd9cdd09e6,momentum,18,3,0.03,0.08,1,0.005,stress,187.28,-12.72,3.23,66,31,0.0636,-0.0002649699329249248,-0.0006901915657116936,
13d0d0bd9cdd09e6,momentum,18,3,0.03,0.08,1,0.01,stress,171.6,-28.4,6.79,70,32,0.142,-0.0006175450786055428,-0.0016156500371275594,
13d0d0bd9cdd09e6,momentum,18,3,0.03,0.08,1,0.025,stress,158.22,-41.78,8.51,37,18,0.2089,-0.0009448826490112345,-0.002807659084822189,
13d0d0bd9cdd09e6,momentum,18,3,0.03,0.08,1,0.05,stress,156.84,-43.16,8.26,17,12,0.2158,-0.0009802064077576846,-0.0023845395711763443,
ed1bee039aa10457,momentum,18,3,0.03,0.08,3,0.005,costed,187.56,-12.44,3.89,80,38,0.0622,-0.00025894585615585173,-0.0006536584202849631,nonpositive_simultaneous_lower_bound;insufficient_release_days;nonpositive_stress_profit
ed1bee039aa10457,momentum,18,3,0.03,0.08,3,0.01,costed,173.5,-26.5,8.1,84,38,0.13258674132586742,-0.000573144222423883,-0.0014663743287987305,nonpositive_simultaneous_lower_bound;insufficient_release_days;nonpositive_stress_profit
ed1bee039aa10457,momentum,18,3,0.03,0.08,3,0.025,costed,158.48,-41.52,10.01,40,22,0.20795641961117498,-0.0009382619522489577,-0.0028084979089858567,nonpositive_simultaneous_lower_bound;insufficient_release_days;nonpositive_stress_profit
ed1bee039aa10457,momentum,18,3,0.03,0.08,3,0.05,costed,163.62,-36.38,9.63,21,16,0.21745429113797582,-0.0008095592760584067,-0.0021037635797647243,nonpositive_simultaneous_lower_bound;insufficient_release_days;nonpositive_stress_profit
ed1bee039aa10457,momentum,18,3,0.03,0.08,3,0.005,stress,186.88,-13.12,2.96,66,33,0.0656,-0.00027359139882328397,-0.0007218433165568631,
ed1bee039aa10457,momentum,18,3,0.03,0.08,3,0.01,stress,170.4,-29.6,6.21,70,34,0.148,-0.0006458417425517002,-0.0017213888500569913,
ed1bee039aa10457,momentum,18,3,0.03,0.08,3,0.025,stress,156.69,-43.31,7.61,37,19,0.21655,-0.0009840646589988704,-0.002894007911231922,
ed1bee039aa10457,momentum,18,3,0.03,0.08,3,0.05,stress,158.31,-41.69,8.04,21,15,0.2161319073083779,-0.0009425896389610898,-0.0026488425465192775,
b8cfb7dbc3ebf31c,momentum,18,3,0.03,0.08,,0.005,costed,191.27,-8.73,2.14,82,39,0.04728214837327487,-0.00017996501671610374,-0.0005467343945301645,nonpositive_simultaneous_lower_bound;insufficient_release_days;nonpositive_stress_profit
b8cfb7dbc3ebf31c,momentum,18,3,0.03,0.08,,0.01,costed,184.04,-15.96,4.53,84,39,0.09657907783837383,-0.00033533968250309845,-0.0012254323276122939,nonpositive_simultaneous_lower_bound;insufficient_release_days;nonpositive_stress_profit
b8cfb7dbc3ebf31c,momentum,18,3,0.03,0.08,,0.025,costed,168.98,-31.02,9.2,77,39,0.19120085845283388,-0.0006795846847715239,-0.002714210269620123,nonpositive_simultaneous_lower_bound;insufficient_release_days;nonpositive_stress_profit
b8cfb7dbc3ebf31c,momentum,18,3,0.03,0.08,,0.05,costed,197.09,-2.91,5.16,20,17,0.2117437722419929,-5.910036025658833e-05,-0.0025813832276656463,nonpositive_simultaneous_lower_bound;insufficient_release_days;nonpositive_stress_profit
b8cfb7dbc3ebf31c,momentum,18,3,0.03,0.08,,0.005,stress,191.73,-8.27,1.77,67,33,0.05003979307600478,-0.00017027917023280858,-0.000725980039893238,
b8cfb7dbc3ebf31c,momentum,18,3,0.03,0.08,,0.01,stress,186.24,-13.76,3.81,70,33,0.10576828909999021,-0.0002874242016329184,-0.0015263032423190447,
b8cfb7dbc3ebf31c,momentum,18,3,0.03,0.08,,0.025,stress,168.86,-31.14,6.78,60,32,0.19929711524381316,-0.0006824491826882376,-0.0026931508659743973,
b8cfb7dbc3ebf31c,momentum,18,3,0.03,0.08,,0.05,stress,166.14,-33.86,5.24,21,16,0.24818052821897743,-0.0007479296779722222,-0.00350460146293981,
baf2e237444f1901,momentum,12,3,0.03,0.03,1,0.005,costed,178.03,-21.97,4.09,107,87,0.10985,-0.0004692148835938123,-0.0007543700314783002,nonpositive_simultaneous_lower_bound;nonpositive_stress_profit
baf2e237444f1901,momentum,12,3,0.03,0.03,1,0.01,costed,159.99,-40.01,7.22,113,87,0.20005,-0.0009000244083363573,-0.0015390458432305095,nonpositive_simultaneous_lower_bound;nonpositive_stress_profit
baf2e237444f1901,momentum,12,3,0.03,0.03,1,0.025,costed,159.57,-40.43,6.19,37,25,0.20455,-0.0009106236658294376,-0.002628776861423399,nonpositive_simultaneous_lower_bound;insufficient_release_days;nonpositive_stress_profit
baf2e237444f1901,momentum,12,3,0.03,0.03,1,0.05,costed,156.47,-43.53,6.1,20,16,0.21765,-0.0009897301138470608,-0.002783106544455566,nonpositive_simultaneous_lower_bound;insufficient_release_days;nonpositive_stress_profit
baf2e237444f1901,momentum,12,3,0.03,0.03,1,0.005,stress,181.16,-18.84,3.8,108,87,0.0942,-0.00039893849943557763,-0.0008167740702214039,
baf2e237444f1901,momentum,12,3,0.03,0.03,1,0.01,stress,162.05,-37.95,7.04,116,93,0.18975,-0.0008484372458083895,-0.0017361117185760117,
baf2e237444f1901,momentum,12,3,0.03,0.03,1,0.025,stress,158.74,-41.26,10.04,62,48,0.2063,-0.000931652108408496,-0.0030755434296035364,
baf2e237444f1901,momentum,12,3,0.03,0.03,1,0.05,stress,160.59,-39.41,7.6,25,22,0.20271075364909144,-0.0008849307801396663,-0.0028091371854917606,
199dcb63b4c88e41,momentum,12,3,0.03,0.03,3,0.005,costed,186.43,-13.57,3.13,112,86,0.07342744550306779,-0.0002833126332284958,-0.0007811879322729804,nonpositive_simultaneous_lower_bound;nonpositive_stress_profit
199dcb63b4c88e41,momentum,12,3,0.03,0.03,3,0.01,costed,169.86,-30.14,5.91,126,94,0.15865671641791046,-0.0006586403153071527,-0.0017258682791683228,nonpositive_simultaneous_lower_bound;nonpositive_stress_profit
199dcb63b4c88e41,momentum,12,3,0.03,0.03,3,0.025,costed,159.83,-40.17,4.79,33,22,0.21413118300717868,-0.0009040589361591718,-0.002994111377009094,nonpositive_simultaneous_lower_bound;insufficient_release_days;nonpositive_stress_profit
199dcb63b4c88e41,momentum,12,3,0.03,0.03,3,0.05,costed,158.76,-41.24,7.51,30,21,0.2187007874015748,-0.0009311441073918227,-0.003058822298999994,nonpositive_simultaneous_lower_bound;insufficient_release_days;nonpositive_stress_profit
199dcb63b4c88e41,momentum,12,3,0.03,0.03,3,0.005,stress,190.02,-9.98,2.71,109,84,0.06359670863487657,-0.00020640337407029662,-0.0007799688510282847,
199dcb63b4c88e41,momentum,12,3,0.03,0.03,3,0.01,stress,178.7,-21.3,5.2,116,87,0.13708217099789557,-0.000454068324123605,-0.0016730924211724885,
199dcb63b4c88e41,momentum,12,3,0.03,0.03,3,0.025,stress,164.1,-35.9,7.32,64,43,0.2036794330372312,-0.0007977474534354503,-0.0033418796711358854,
199dcb63b4c88e41,momentum,12,3,0.03,0.03,3,0.05,stress,166.07,-33.93,4.47,18,13,0.2307656677011441,-0.0007496289529410271,-0.0036925709137671393,
2d7671d707e944d9,momentum,12,3,0.03,0.03,,0.005,costed,185.57,-14.43,2.34,109,84,0.08195082950229862,-0.0003019564402894709,-0.0009083015886040863,nonpositive_simultaneous_lower_bound;nonpositive_stress_profit
2d7671d707e944d9,momentum,12,3,0.03,0.03,,0.01,costed,169.44,-30.56,4.52,126,93,0.16529338327091136,-0.0006686229221570147,-0.0019573076800394186,nonpositive_simultaneous_lower_bound;nonpositive_stress_profit
2d7671d707e944d9,momentum,12,3,0.03,0.03,,0.025,costed,157.8,-42.2,2.88,29,19,0.21461278120645033,-0.0009556006376462222,-0.002827936067876684,nonpositive_simultaneous_lower_bound;insufficient_release_days;nonpositive_stress_profit
2d7671d707e944d9,momentum,12,3,0.03,0.03,,0.05,costed,162.98,-37.02,4.01,20,16,0.22149510389300214,-0.0008253623897417851,-0.0034479458723229066,nonpositive_simultaneous_lower_bound;insufficient_release_days;nonpositive_stress_profit
2d7671d707e944d9,momentum,12,3,0.03,0.03,,0.005,stress,188.39,-11.61,2.35,108,86,0.07258384600119071,-0.00024114146923691018,-0.0008436336417313058,
2d7671d707e944d9,momentum,12,3,0.03,0.03,,0.01,stress,176.99,-23.01,4.57,116,91,0.1494483942142682,-0.0004928392449410233,-0.0017515971379725853,
2d7671d707e944d9,momentum,12,3,0.03,0.03,,0.025,stress,161.5,-38.5,2.99,28,22,0.21338463786469242,-0.0008621460640537322,-0.0028078337625136052,
2d7671d707e944d9,momentum,12,3,0.03,0.03,,0.05,stress,170.35,-29.65,3.98,19,18,0.23206960284902853,-0.0006470250904881498,-0.003773303351271853,
ae313f933026d3fe,momentum,12,3,0.03,0.08,1,0.005,costed,159.91,-40.09,8.41,217,125,0.20045,-0.000902041167647928,-0.0014560205443724153,nonpositive_simultaneous_lower_bound;nonpositive_stress_profit
ae313f933026d3fe,momentum,12,3,0.03,0.08,1,0.01,costed,159.89,-40.11,7.22,117,60,0.20055,-0.0009025455151238198,-0.0019466560829887176,nonpositive_simultaneous_lower_bound;nonpositive_stress_profit
ae313f933026d3fe,momentum,12,3,0.03,0.08,1,0.025,costed,159.77,-40.23,5.56,39,26,0.20115,-0.0009055729254377274,-0.002441524051988355,nonpositive_simultaneous_lower_bound;insufficient_release_days;nonpositive_stress_profit
ae313f933026d3fe,momentum,12,3,0.03,0.08,1,0.05,costed,157.81,-42.19,4.17,22,15,0.21095,-0.0009553451160806263,-0.0029680174975330797,nonpositive_simultaneous_lower_bound;insufficient_release_days;nonpositive_stress_profit
ae313f933026d3fe,momentum,12,3,0.03,0.08,1,0.005,stress,160.0,-40.0,7.1,212,133,0.2,-0.0008997723843314859,-0.001477391072756786,
ae313f933026d3fe,momentum,12,3,0.03,0.08,1,0.01,stress,159.99,-40.01,7.35,127,74,0.20005,-0.0009000244083363548,-0.002110579134723549,
ae313f933026d3fe,momentum,12,3,0.03,0.08,1,0.025,stress,159.86,-40.14,4.01,34,20,0.2007,-0.0009033021546377559,-0.002754479138335521,
ae313f933026d3fe,momentum,12,3,0.03,0.08,1,0.05,stress,149.88,-50.12,3.53,22,16,0.2506,-0.0011632354541231862,-0.0034536662533217683,
e00028d883a54f1f,momentum,12,3,0.03,0.08,3,0.005,costed,160.03,-39.97,8.15,276,158,0.19985,-0.0008990164068150684,-0.0015855323309969336,nonpositive_simultaneous_lower_bound;nonpositive_stress_profit
e00028d883a54f1f,momentum,12,3,0.03,0.08,3,0.01,costed,159.68,-40.32,6.95,143,70,0.2016,-0.0009078449757454961,-0.0022948224363165495,nonpositive_simultaneous_lower_bound;nonpositive_stress_profit
e00028d883a54f1f,momentum,12,3,0.03,0.08,3,0.025,costed,159.05,-40.95,6.32,53,31,0.212,-0.0009237852756164658,-0.002669838393991656,nonpositive_simultaneous_lower_bound;insufficient_release_days;nonpositive_stress_profit
e00028d883a54f1f,momentum,12,3,0.03,0.08,3,0.05,costed,159.18,-40.82,3.04,19,12,0.2041,-0.0009204908434287634,-0.0030715984273417597,nonpositive_simultaneous_lower_bound;insufficient_release_days;nonpositive_stress_profit
e00028d883a54f1f,momentum,12,3,0.03,0.08,3,0.005,stress,164.95,-35.05,6.12,253,153,0.17525,-0.0007769151970703475,-0.001468569960648501,
e00028d883a54f1f,momentum,12,3,0.03,0.08,3,0.01,stress,162.5,-37.5,7.21,169,87,0.2001,-0.000837255503138081,-0.0022597949931082847,
e00028d883a54f1f,momentum,12,3,0.03,0.08,3,0.025,stress,159.96,-40.04,3.28,34,19,0.2002,-0.0009007805748766898,-0.002929685965684295,
e00028d883a54f1f,momentum,12,3,0.03,0.08,3,0.05,stress,151.2,-48.8,2.67,21,14,0.244,-0.00112787864033308,-0.0034992047544208475,
9fc8620d24939f6d,momentum,12,3,0.03,0.08,,0.005,costed,162.96,-37.04,6.42,286,171,0.1852,-0.0008258572364092174,-0.001611927084616304,nonpositive_simultaneous_lower_bound;nonpositive_stress_profit
9fc8620d24939f6d,momentum,12,3,0.03,0.08,,0.01,costed,159.89,-40.11,3.08,80,42,0.20055,-0.0009025455151238218,-0.002410202344143908,nonpositive_simultaneous_lower_bound;insufficient_release_days;nonpositive_stress_profit
9fc8620d24939f6d,momentum,12,3,0.03,0.08,,0.025,costed,163.38,-36.62,2.79,34,23,0.20095,-0.0008154781880415873,-0.002468039233982824,nonpositive_simultaneous_lower_bound;insufficient_release_days;nonpositive_stress_profit
9fc8620d24939f6d,momentum,12,3,0.03,0.08,,0.05,costed,156.73,-43.27,2.23,17,13,0.21635,-0.0009830354309760484,-0.0030612115354629963,nonpositive_simultaneous_lower_bound;insufficient_release_days;nonpositive_stress_profit
9fc8620d24939f6d,momentum,12,3,0.03,0.08,,0.005,stress,165.1,-34.9,5.33,252,162,0.1745,-0.0007732500629917532,-0.0014670302859150558,
9fc8620d24939f6d,momentum,12,3,0.03,0.08,,0.01,stress,159.9,-40.1,5.33,147,81,0.2005,-0.0009022933335005154,-0.0023612835291640624,
9fc8620d24939f6d,momentum,12,3,0.03,0.08,,0.025,stress,158.75,-41.25,2.7,34,19,0.20625,-0.0009313980999001455,-0.003061888061617679,
9fc8620d24939f6d,momentum,12,3,0.03,0.08,,0.05,stress,149.45,-50.55,2.44,20,16,0.25275,-0.001174820475072943,-0.00372669834030545,
9238b0aaad3fb564,momentum,6,3,0.03,0.03,1,0.005,costed,199.18,-0.82,0.17,5,5,0.0041,-1.6566242115093647e-05,-5.675813348275637e-05,nonpositive_simultaneous_lower_bound;insufficient_release_days;nonpositive_stress_profit
9238b0aaad3fb564,momentum,6,3,0.03,0.03,1,0.01,costed,198.34,-1.66,0.29,5,5,0.0083,-3.3607406411522754e-05,-0.00011808987750954855,nonpositive_simultaneous_lower_bound;insufficient_release_days;nonpositive_stress_profit
9238b0aaad3fb564,momentum,6,3,0.03,0.03,1,0.025,costed,195.73,-4.27,0.7,5,5,0.02135,-8.702100013550092e-05,-0.0003039814065551741,nonpositive_simultaneous_lower_bound;insufficient_release_days;nonpositive_stress_profit
9238b0aaad3fb564,momentum,6,3,0.03,0.03,1,0.05,costed,191.48,-8.52,1.35,5,5,0.0426,-0.00017554033074084036,-0.0006139528906468309,nonpositive_simultaneous_lower_bound;insufficient_release_days;nonpositive_stress_profit
9238b0aaad3fb564,momentum,6,3,0.03,0.03,1,0.005,stress,198.42,-1.58,0.19,4,4,0.0079,-3.1981331960807344e-05,-0.00010514822035490596,
9238b0aaad3fb564,momentum,6,3,0.03,0.03,1,0.01,stress,196.54,-3.46,0.34,4,4,0.0173,-7.036852263611212e-05,-0.00023755836625614853,
9238b0aaad3fb564,momentum,6,3,0.03,0.03,1,0.025,stress,191.16,-8.84,0.76,4,4,0.0442,-0.00018228464854064226,-0.0006157087363341498,
9238b0aaad3fb564,momentum,6,3,0.03,0.03,1,0.05,stress,182.56,-17.44,1.48,4,4,0.0872,-0.00036789709852528657,-0.001248017760069887,
940a4f3867a89e76,momentum,6,3,0.03,0.03,3,0.005,costed,198.89,-1.11,0.1,5,5,0.00564943505649435,-2.244136481000664e-05,-9.503733654268225e-05,nonpositive_simultaneous_lower_bound;insufficient_release_days;nonpositive_stress_profit
940a4f3867a89e76,momentum,6,3,0.03,0.03,3,0.01,costed,197.63,-2.37,0.18,5,5,0.012096975756060984,-4.8067624579409214e-05,-0.00020742954241219268,nonpositive_simultaneous_lower_bound;insufficient_release_days;nonpositive_stress_profit
940a4f3867a89e76,momentum,6,3,0.03,0.03,3,0.025,costed,193.95,-6.05,0.42,5,5,0.0308799280467696,-0.00012385876073411488,-0.0005235496821099495,nonpositive_simultaneous_lower_bound;insufficient_release_days;nonpositive_stress_profit
940a4f3867a89e76,momentum,6,3,0.03,0.03,3,0.05,costed,187.89,-12.11,0.82,5,5,0.06181654766065811,-0.00025185758605889377,-0.0010656417287940223,nonpositive_simultaneous_lower_bound;insufficient_release_days;nonpositive_stress_profit
940a4f3867a89e76,momentum,6,3,0.03,0.03,3,0.005,stress,198.23,-1.77,0.12,4,4,0.00925,-3.584433002385943e-05,-0.00013030053420385075,
940a4f3867a89e76,momentum,6,3,0.03,0.03,3,0.01,stress,196.12,-3.88,0.23,4,4,0.0202,-7.899455550404928e-05,-0.00028609783861471914,
940a4f3867a89e76,momentum,6,3,0.03,0.03,3,0.025,stress,190.02,-9.98,0.55,4,4,0.0519,-0.00020640337407029546,-0.0007437805651498794,
940a4f3867a89e76,momentum,6,3,0.03,0.03,3,0.05,stress,180.16,-19.84,1.08,4,4,0.1028,-0.0004212581515996415,-0.0015163008806144327,
bb1f5026c43bd858,momentum,6,3,0.03,0.03,,0.005,costed,198.89,-1.11,0.1,5,5,0.00564943505649435,-2.244136481000664e-05,-9.503733654268225e-05,nonpositive_simultaneous_lower_bound;insufficient_release_days;nonpositive_stress_profit
bb1f5026c43bd858,momentum,6,3,0.03,0.03,,0.01,costed,197.63,-2.37,0.18,5,5,0.012096975756060984,-4.8067624579409214e-05,-0.00020742954241219268,nonpositive_simultaneous_lower_bound;insufficient_release_days;nonpositive_stress_profit
bb1f5026c43bd858,momentum,6,3,0.03,0.03,,0.025,costed,193.95,-6.05,0.42,5,5,0.0308799280467696,-0.00012385876073411488,-0.0005235496821099495,nonpositive_simultaneous_lower_bound;insufficient_release_days;nonpositive_stress_profit
bb1f5026c43bd858,momentum,6,3,0.03,0.03,,0.05,costed,187.89,-12.11,0.82,5,5,0.06181654766065811,-0.00025185758605889377,-0.0010656417287940223,nonpositive_simultaneous_lower_bound;insufficient_release_days;nonpositive_stress_profit
bb1f5026c43bd858,momentum,6,3,0.03,0.03,,0.005,stress,198.23,-1.77,0.12,4,4,0.00925,-3.584433002385943e-05,-0.00013030053420385075,
bb1f5026c43bd858,momentum,6,3,0.03,0.03,,0.01,stress,196.12,-3.88,0.23,4,4,0.0202,-7.899455550404928e-05,-0.00028609783861471914,
bb1f5026c43bd858,momentum,6,3,0.03,0.03,,0.025,stress,190.02,-9.98,0.55,4,4,0.0519,-0.00020640337407029546,-0.0007437805651498794,
bb1f5026c43bd858,momentum,6,3,0.03,0.03,,0.05,stress,180.16,-19.84,1.08,4,4,0.1028,-0.0004212581515996415,-0.0015163008806144327,
2f9fb48c85d1fcd6,momentum,6,3,0.03,0.08,1,0.005,costed,197.31,-2.69,0.43,11,10,0.01345,-5.460189744623921e-05,-0.0001575765941488055,nonpositive_simultaneous_lower_bound;insufficient_release_days;nonpositive_stress_profit
2f9fb48c85d1fcd6,momentum,6,3,0.03,0.08,1,0.01,costed,194.7,-5.3,0.78,11,10,0.0265,-0.00010829618616888217,-0.00031321618378705746,nonpositive_simultaneous_lower_bound;insufficient_release_days;nonpositive_stress_profit
2f9fb48c85d1fcd6,momentum,6,3,0.03,0.08,1,0.025,costed,186.4,-13.6,1.84,11,10,0.068,-0.0002839615495828462,-0.0008335020146121111,nonpositive_simultaneous_lower_bound;insufficient_release_days;nonpositive_stress_profit
2f9fb48c85d1fcd6,momentum,6,3,0.03,0.08,1,0.05,costed,173.37,-26.63,3.52,11,10,0.13315,-0.0005761666433477436,-0.001686144716535404,nonpositive_simultaneous_lower_bound;insufficient_release_days;nonpositive_stress_profit
2f9fb48c85d1fcd6,momentum,6,3,0.03,0.08,1,0.005,stress,197.09,-2.91,0.45,11,11,0.01455,-5.910036025658816e-05,-0.00017764371290908868,
2f9fb48c85d1fcd6,momentum,6,3,0.03,0.08,1,0.01,stress,194.56,-5.44,0.82,11,11,0.0272,-0.00011119664423481707,-0.0003556532880933563,
2f9fb48c85d1fcd6,momentum,6,3,0.03,0.08,1,0.025,stress,186.68,-13.32,1.95,11,11,0.0666,-0.0002779090543000874,-0.0009188509745651904,
2f9fb48c85d1fcd6,momentum,6,3,0.03,0.08,1,0.05,stress,173.6,-26.4,3.75,11,11,0.132,-0.0005708208238781732,-0.00187850830234889,
ab277d280374da39,momentum,6,3,0.03,0.08,3,0.005,costed,201.44,1.44,0.26,11,10,0.00754924507549245,2.8928240919356667e-05,-0.00014218964972029783,nonpositive_simultaneous_lower_bound;insufficient_release_days
ab277d280374da39,momentum,6,3,0.03,0.08,3,0.01,costed,202.73,2.73,0.5,11,10,0.014996250937265684,5.4668056177684967e-05,-0.00029200485434403796,nonpositive_simultaneous_lower_bound;insufficient_release_days
ab277d280374da39,momentum,6,3,0.03,0.08,3,0.025,costed,208.12,8.12,1.19,11,10,0.03847499125568381,0.00016047366884704088,-0.0007562029957473253,nonpositive_simultaneous_lower_bound;insufficient_release_days
ab277d280374da39,momentum,6,3,0.03,0.08,3,0.05,costed,216.58,16.58,2.38,11,10,0.0774953812353323,0.00032113962762982486,-0.0015370366190573283,nonpositive_simultaneous_lower_bound;insufficient_release_days
ab277d280374da39,momentum,6,3,0.03,0.08,3,0.005,stress,200.66,0.66,0.27,11,11,0.01195,1.328454415092905e-05,-0.000177137467152078,
ab277d280374da39,momentum,6,3,0.03,0.08,3,0.01,stress,201.21,1.21,0.51,11,11,0.02455,2.432166222467194e-05,-0.0003610238624835296,
ab277d280374da39,momentum,6,3,0.03,0.08,3,0.025,stress,203.5,3.5,1.18,11,11,0.0621,6.995418683311597e-05,-0.0009327764001573291,
ab277d280374da39,momentum,6,3,0.03,0.08,3,0.05,stress,206.4,6.4,2.34,11,11,0.12345,0.00012701075427165744,-0.0018998769949151323,
d6ad6555c19b6b66,momentum,6,3,0.03,0.08,,0.005,costed,201.44,1.44,0.26,11,10,0.00754924507549245,2.8928240919356667e-05,-0.00014218964972029783,nonpositive_simultaneous_lower_bound;insufficient_release_days
d6ad6555c19b6b66,momentum,6,3,0.03,0.08,,0.01,costed,202.73,2.73,0.5,11,10,0.014996250937265684,5.4668056177684967e-05,-0.00029200485434403796,nonpositive_simultaneous_lower_bound;insufficient_release_days
d6ad6555c19b6b66,momentum,6,3,0.03,0.08,,0.025,costed,208.12,8.12,1.19,11,10,0.03847499125568381,0.00016047366884704088,-0.0007562029957473253,nonpositive_simultaneous_lower_bound;insufficient_release_days
d6ad6555c19b6b66,momentum,6,3,0.03,0.08,,0.05,costed,216.58,16.58,2.38,11,10,0.0774953812353323,0.00032113962762982486,-0.0015370366190573283,nonpositive_simultaneous_lower_bound;insufficient_release_days
d6ad6555c19b6b66,momentum,6,3,0.03,0.08,,0.005,stress,200.66,0.66,0.27,11,11,0.01195,1.328454415092905e-05,-0.000177137467152078,
d6ad6555c19b6b66,momentum,6,3,0.03,0.08,,0.01,stress,201.21,1.21,0.51,11,11,0.02455,2.432166222467194e-05,-0.0003610238624835296,
d6ad6555c19b6b66,momentum,6,3,0.03,0.08,,0.025,stress,203.5,3.5,1.18,11,11,0.0621,6.995418683311597e-05,-0.0009327764001573291,
d6ad6555c19b6b66,momentum,6,3,0.03,0.08,,0.05,stress,206.4,6.4,2.34,11,11,0.12345,0.00012701075427165744,-0.0018998769949151323,
c0c5e527cf9e0d1d,momentum,24,3,0.08,0.03,1,0.005,costed,200.0,0.0,0.0,0,0,0.0,0.0,,nonpositive_simultaneous_lower_bound;insufficient_release_days;nonpositive_stress_profit
c0c5e527cf9e0d1d,momentum,24,3,0.08,0.03,1,0.01,costed,200.0,0.0,0.0,0,0,0.0,0.0,,nonpositive_simultaneous_lower_bound;insufficient_release_days;nonpositive_stress_profit
c0c5e527cf9e0d1d,momentum,24,3,0.08,0.03,1,0.025,costed,200.0,0.0,0.0,0,0,0.0,0.0,,nonpositive_simultaneous_lower_bound;insufficient_release_days;nonpositive_stress_profit
c0c5e527cf9e0d1d,momentum,24,3,0.08,0.03,1,0.05,costed,200.0,0.0,0.0,0,0,0.0,0.0,,nonpositive_simultaneous_lower_bound;insufficient_release_days;nonpositive_stress_profit
c0c5e527cf9e0d1d,momentum,24,3,0.08,0.03,1,0.005,stress,200.0,0.0,0.0,0,0,0.0,0.0,,
c0c5e527cf9e0d1d,momentum,24,3,0.08,0.03,1,0.01,stress,200.0,0.0,0.0,0,0,0.0,0.0,,
c0c5e527cf9e0d1d,momentum,24,3,0.08,0.03,1,0.025,stress,200.0,0.0,0.0,0,0,0.0,0.0,,
c0c5e527cf9e0d1d,momentum,24,3,0.08,0.03,1,0.05,stress,200.0,0.0,0.0,0,0,0.0,0.0,,
8f30991f2ef0221a,momentum,24,3,0.08,0.03,3,0.005,costed,200.0,0.0,0.0,0,0,0.0,0.0,,nonpositive_simultaneous_lower_bound;insufficient_release_days;nonpositive_stress_profit
8f30991f2ef0221a,momentum,24,3,0.08,0.03,3,0.01,costed,200.0,0.0,0.0,0,0,0.0,0.0,,nonpositive_simultaneous_lower_bound;insufficient_release_days;nonpositive_stress_profit
8f30991f2ef0221a,momentum,24,3,0.08,0.03,3,0.025,costed,200.0,0.0,0.0,0,0,0.0,0.0,,nonpositive_simultaneous_lower_bound;insufficient_release_days;nonpositive_stress_profit
8f30991f2ef0221a,momentum,24,3,0.08,0.03,3,0.05,costed,200.0,0.0,0.0,0,0,0.0,0.0,,nonpositive_simultaneous_lower_bound;insufficient_release_days;nonpositive_stress_profit
8f30991f2ef0221a,momentum,24,3,0.08,0.03,3,0.005,stress,200.0,0.0,0.0,0,0,0.0,0.0,,
8f30991f2ef0221a,momentum,24,3,0.08,0.03,3,0.01,stress,200.0,0.0,0.0,0,0,0.0,0.0,,
8f30991f2ef0221a,momentum,24,3,0.08,0.03,3,0.025,stress,200.0,0.0,0.0,0,0,0.0,0.0,,
8f30991f2ef0221a,momentum,24,3,0.08,0.03,3,0.05,stress,200.0,0.0,0.0,0,0,0.0,0.0,,
f70b926a01baf41d,momentum,24,3,0.08,0.03,,0.005,costed,200.0,0.0,0.0,0,0,0.0,0.0,,nonpositive_simultaneous_lower_bound;insufficient_release_days;nonpositive_stress_profit
f70b926a01baf41d,momentum,24,3,0.08,0.03,,0.01,costed,200.0,0.0,0.0,0,0,0.0,0.0,,nonpositive_simultaneous_lower_bound;insufficient_release_days;nonpositive_stress_profit
f70b926a01baf41d,momentum,24,3,0.08,0.03,,0.025,costed,200.0,0.0,0.0,0,0,0.0,0.0,,nonpositive_simultaneous_lower_bound;insufficient_release_days;nonpositive_stress_profit
f70b926a01baf41d,momentum,24,3,0.08,0.03,,0.05,costed,200.0,0.0,0.0,0,0,0.0,0.0,,nonpositive_simultaneous_lower_bound;insufficient_release_days;nonpositive_stress_profit
f70b926a01baf41d,momentum,24,3,0.08,0.03,,0.005,stress,200.0,0.0,0.0,0,0,0.0,0.0,,
f70b926a01baf41d,momentum,24,3,0.08,0.03,,0.01,stress,200.0,0.0,0.0,0,0,0.0,0.0,,
f70b926a01baf41d,momentum,24,3,0.08,0.03,,0.025,stress,200.0,0.0,0.0,0,0,0.0,0.0,,
f70b926a01baf41d,momentum,24,3,0.08,0.03,,0.05,stress,200.0,0.0,0.0,0,0,0.0,0.0,,
347fc67a0b64deb4,momentum,24,3,0.08,0.08,1,0.005,costed,200.0,0.0,0.0,0,0,0.0,0.0,,nonpositive_simultaneous_lower_bound;insufficient_release_days;nonpositive_stress_profit
347fc67a0b64deb4,momentum,24,3,0.08,0.08,1,0.01,costed,200.0,0.0,0.0,0,0,0.0,0.0,,nonpositive_simultaneous_lower_bound;insufficient_release_days;nonpositive_stress_profit
347fc67a0b64deb4,momentum,24,3,0.08,0.08,1,0.025,costed,200.0,0.0,0.0,0,0,0.0,0.0,,nonpositive_simultaneous_lower_bound;insufficient_release_days;nonpositive_stress_profit
347fc67a0b64deb4,momentum,24,3,0.08,0.08,1,0.05,costed,200.0,0.0,0.0,0,0,0.0,0.0,,nonpositive_simultaneous_lower_bound;insufficient_release_days;nonpositive_stress_profit
347fc67a0b64deb4,momentum,24,3,0.08,0.08,1,0.005,stress,200.0,0.0,0.0,0,0,0.0,0.0,,
347fc67a0b64deb4,momentum,24,3,0.08,0.08,1,0.01,stress,200.0,0.0,0.0,0,0,0.0,0.0,,
347fc67a0b64deb4,momentum,24,3,0.08,0.08,1,0.025,stress,200.0,0.0,0.0,0,0,0.0,0.0,,
347fc67a0b64deb4,momentum,24,3,0.08,0.08,1,0.05,stress,200.0,0.0,0.0,0,0,0.0,0.0,,
45b488882e58f4f2,momentum,24,3,0.08,0.08,3,0.005,costed,200.0,0.0,0.0,0,0,0.0,0.0,,nonpositive_simultaneous_lower_bound;insufficient_release_days;nonpositive_stress_profit
45b488882e58f4f2,momentum,24,3,0.08,0.08,3,0.01,costed,200.0,0.0,0.0,0,0,0.0,0.0,,nonpositive_simultaneous_lower_bound;insufficient_release_days;nonpositive_stress_profit
45b488882e58f4f2,momentum,24,3,0.08,0.08,3,0.025,costed,200.0,0.0,0.0,0,0,0.0,0.0,,nonpositive_simultaneous_lower_bound;insufficient_release_days;nonpositive_stress_profit
45b488882e58f4f2,momentum,24,3,0.08,0.08,3,0.05,costed,200.0,0.0,0.0,0,0,0.0,0.0,,nonpositive_simultaneous_lower_bound;insufficient_release_days;nonpositive_stress_profit
45b488882e58f4f2,momentum,24,3,0.08,0.08,3,0.005,stress,200.0,0.0,0.0,0,0,0.0,0.0,,
45b488882e58f4f2,momentum,24,3,0.08,0.08,3,0.01,stress,200.0,0.0,0.0,0,0,0.0,0.0,,
45b488882e58f4f2,momentum,24,3,0.08,0.08,3,0.025,stress,200.0,0.0,0.0,0,0,0.0,0.0,,
45b488882e58f4f2,momentum,24,3,0.08,0.08,3,0.05,stress,200.0,0.0,0.0,0,0,0.0,0.0,,
87859b3dc0ed5b9a,momentum,24,3,0.08,0.08,,0.005,costed,200.0,0.0,0.0,0,0,0.0,0.0,,nonpositive_simultaneous_lower_bound;insufficient_release_days;nonpositive_stress_profit
87859b3dc0ed5b9a,momentum,24,3,0.08,0.08,,0.01,costed,200.0,0.0,0.0,0,0,0.0,0.0,,nonpositive_simultaneous_lower_bound;insufficient_release_days;nonpositive_stress_profit
87859b3dc0ed5b9a,momentum,24,3,0.08,0.08,,0.025,costed,200.0,0.0,0.0,0,0,0.0,0.0,,nonpositive_simultaneous_lower_bound;insufficient_release_days;nonpositive_stress_profit
87859b3dc0ed5b9a,momentum,24,3,0.08,0.08,,0.05,costed,200.0,0.0,0.0,0,0,0.0,0.0,,nonpositive_simultaneous_lower_bound;insufficient_release_days;nonpositive_stress_profit
87859b3dc0ed5b9a,momentum,24,3,0.08,0.08,,0.005,stress,200.0,0.0,0.0,0,0,0.0,0.0,,
87859b3dc0ed5b9a,momentum,24,3,0.08,0.08,,0.01,stress,200.0,0.0,0.0,0,0,0.0,0.0,,
87859b3dc0ed5b9a,momentum,24,3,0.08,0.08,,0.025,stress,200.0,0.0,0.0,0,0,0.0,0.0,,
87859b3dc0ed5b9a,momentum,24,3,0.08,0.08,,0.05,stress,200.0,0.0,0.0,0,0,0.0,0.0,,
8481a325cba8ef5c,momentum,18,3,0.08,0.03,1,0.005,costed,196.57,-3.43,0.8,15,14,0.01715,-6.975308297713484e-05,-0.00017190932340292454,nonpositive_simultaneous_lower_bound;insufficient_release_days;nonpositive_stress_profit
8481a325cba8ef5c,momentum,18,3,0.08,0.03,1,0.01,costed,192.68,-7.32,1.58,15,14,0.0366,-0.00015034913220167954,-0.0003685866767309603,nonpositive_simultaneous_lower_bound;insufficient_release_days;nonpositive_stress_profit
8481a325cba8ef5c,momentum,18,3,0.08,0.03,1,0.025,costed,181.58,-18.42,3.88,15,14,0.0921,-0.00038960096211461826,-0.0009528147505913949,nonpositive_simultaneous_lower_bound;insufficient_release_days;nonpositive_stress_profit
8481a325cba8ef5c,momentum,18,3,0.08,0.03,1,0.05,costed,163.76,-36.24,7.52,15,14,0.1812,-0.0008061105854637211,-0.0019734967491443585,nonpositive_simultaneous_lower_bound;insufficient_release_days;nonpositive_stress_profit
8481a325cba8ef5c,momentum,18,3,0.08,0.03,1,0.005,stress,195.87,-4.13,0.72,15,13,0.02065,-8.41378737152618e-05,-0.0002087102581500071,
8481a325cba8ef5c,momentum,18,3,0.08,0.03,1,0.01,stress,191.37,-8.63,1.39,15,13,0.04315,-0.00017785741784702807,-0.0004444136157908462,
8481a325cba8ef5c,momentum,18,3,0.08,0.03,1,0.025,stress,177.67,-22.33,3.44,15,13,0.11165,-0.00047737689314605744,-0.0011993236392521156,
8481a325cba8ef5c,momentum,18,3,0.08,0.03,1,0.05,stress,157.46,-42.54,6.42,15,13,0.2127,-0.000964298019321434,-0.0024190352701997544,
179062d7907fb18e,momentum,18,3,0.08,0.03,3,0.005,costed,196.99,-3.01,0.83,15,15,0.015246950609878025,-6.114677628940555e-05,-0.0002063646303796893,nonpositive_simultaneous_lower_bound;insufficient_release_days;nonpositive_stress_profit
179062d7907fb18e,momentum,18,3,0.08,0.03,3,0.01,costed,193.66,-6.34,1.61,15,15,0.03213553900744665,-0.00012989242888972427,-0.0004300306979216689,nonpositive_simultaneous_lower_bound;insufficient_release_days;nonpositive_stress_profit
179062d7907fb18e,momentum,18,3,0.08,0.03,3,0.025,costed,182.48,-17.52,3.96,15,15,0.0886480547370524,-0.00036966447004800086,-0.0011896241736913539,nonpositive_simultaneous_lower_bound;insufficient_release_days;nonpositive_stress_profit
179062d7907fb18e,momentum,18,3,0.08,0.03,3,0.05,costed,165.9,-34.1,7.59,15,15,0.17240347201436695,-0.0007537587473856362,-0.0024349861913965046,nonpositive_simultaneous_lower_bound;insufficient_release_days;nonpositive_stress_profit
179062d7907fb18e,momentum,18,3,0.08,0.03,3,0.005,stress,195.0,-5.0,0.6,15,13,0.02577937649880096,-0.00010208793542052499,-0.00026236799189979527,
179062d7907fb18e,momentum,18,3,0.08,0.03,3,0.01,stress,189.73,-10.27,1.2,15,13,0.05357410086297201,-0.00021256192609675066,-0.0005573868154380109,
179062d7907fb18e,momentum,18,3,0.08,0.03,3,0.025,stress,173.4,-26.6,2.89,15,13,0.13851351351351351,-0.0005754689604903025,-0.001503038695912136,
179062d7907fb18e,momentum,18,3,0.08,0.03,3,0.05,stress,160.2,-39.8,4.74,13,12,0.2091622648960853,-0.0008947352093297489,-0.0024920602823586685,
bd9337b457dd11a5,momentum,18,3,0.08,0.03,,0.005,costed,195.21,-4.79,0.45,15,15,0.026092596288166035,-9.77478402138475e-05,-0.00029110508060905296,nonpositive_simultaneous_lower_bound;insufficient_release_days;nonpositive_stress_profit
bd9337b457dd11a5,momentum,18,3,0.08,0.03,,0.01,costed,190.63,-9.37,0.87,15,15,0.052958418202593276,-0.00019347979847641556,-0.0005931129093905925,nonpositive_simultaneous_lower_bound;insufficient_release_days;nonpositive_stress_profit
bd9337b457dd11a5,momentum,18,3,0.08,0.03,,0.025,costed,175.42,-24.58,2.16,15,15,0.13777340869992627,-0.0005287672097774235,-0.0016328414949621476,nonpositive_simultaneous_lower_bound;insufficient_release_days;nonpositive_stress_profit
bd9337b457dd11a5,momentum,18,3,0.08,0.03,,0.05,costed,164.69,-35.31,2.02,7,7,0.20401159980666989,-0.0007832759986367725,-0.0028693760502170747,nonpositive_simultaneous_lower_bound;insufficient_release_days;nonpositive_stress_profit
bd9337b457dd11a5,momentum,18,3,0.08,0.03,,0.005,stress,194.72,-5.28,0.41,15,13,0.028731045490822026,-0.00010788200527749946,-0.00029701924443778727,
bd9337b457dd11a5,momentum,18,3,0.08,0.03,,0.01,stress,189.64,-10.36,0.8,15,13,0.0584847582166617,-0.00021447511497628654,-0.0006298926774930833,
bd9337b457dd11a5,momentum,18,3,0.08,0.03,,0.025,stress,171.27,-28.73,2.02,15,13,0.1596172718351325,-0.000625306886708706,-0.0017886993414727873,
bd9337b457dd11a5,momentum,18,3,0.08,0.03,,0.05,stress,161.66,-38.34,2.8,10,9,0.22132845238668658,-0.0008581532348481389,-0.0028254727968727777,
eefafe6aa3070dfd,momentum,18,3,0.08,0.08,1,0.005,costed,194.6,-5.4,1.42,28,21,0.027,-0.00011036772901666074,-0.0002599231630780356,nonpositive_simultaneous_lower_bound;insufficient_release_days;nonpositive_stress_profit
eefafe6aa3070dfd,momentum,18,3,0.08,0.08,1,0.01,costed,188.73,-11.27,2.81,28,21,0.05635,-0.0002338707431370511,-0.0005464981059337068,nonpositive_simultaneous_lower_bound;insufficient_release_days;nonpositive_stress_profit
eefafe6aa3070dfd,momentum,18,3,0.08,0.08,1,0.025,costed,171.19,-28.81,6.85,28,21,0.14405,-0.0006271907893602814,-0.0014635535063169517,nonpositive_simultaneous_lower_bound;insufficient_release_days;nonpositive_stress_profit
eefafe6aa3070dfd,momentum,18,3,0.08,0.08,1,0.05,costed,159.0,-41.0,9.09,19,14,0.205,-0.0009250530819669555,-0.0023273932171865397,nonpositive_simultaneous_lower_bound;insufficient_release_days;nonpositive_stress_profit
eefafe6aa3070dfd,momentum,18,3,0.08,0.08,1,0.005,stress,195.09,-4.91,1.24,24,20,0.02455,-0.0001002273225760756,-0.00023220646278677677,
eefafe6aa3070dfd,momentum,18,3,0.08,0.08,1,0.01,stress,189.52,-10.48,2.49,24,20,0.0524,-0.0002170274463609145,-0.0005053789012468149,
eefafe6aa3070dfd,momentum,18,3,0.08,0.08,1,0.025,stress,173.36,-26.64,6.02,24,20,0.1332,-0.0005763992311287636,-0.0013341533596185184,
eefafe6aa3070dfd,momentum,18,3,0.08,0.08,1,0.05,stress,159.44,-40.56,8.79,19,16,0.2028,-0.0009139100429173293,-0.002251452298005535,
b00d3d3ae8725ff7,momentum,18,3,0.08,0.08,3,0.005,costed,196.09,-3.91,1.52,28,22,0.01955,-7.961140740569012e-05,-0.0002167410226351713,nonpositive_simultaneous_lower_bound;insufficient_release_days;nonpositive_stress_profit
b00d3d3ae8725ff7,momentum,18,3,0.08,0.08,3,0.01,costed,191.92,-8.08,3.01,28,22,0.040495950404959506,-0.00016628527426047532,-0.0004484565176005182,nonpositive_simultaneous_lower_bound;insufficient_release_days;nonpositive_stress_profit
b00d3d3ae8725ff7,momentum,18,3,0.08,0.08,3,0.025,costed,178.23,-21.77,7.15,28,22,0.10925083712329452,-0.0004646875625495036,-0.0012330070350116459,nonpositive_simultaneous_lower_bound;insufficient_release_days;nonpositive_stress_profit
b00d3d3ae8725ff7,momentum,18,3,0.08,0.08,3,0.05,costed,158.46,-41.54,13.14,28,22,0.20841242881406735,-0.0009387708508505679,-0.002510226074756084,nonpositive_simultaneous_lower_bound;insufficient_release_days;nonpositive_stress_profit
b00d3d3ae8725ff7,momentum,18,3,0.08,0.08,3,0.005,stress,193.89,-6.11,1.08,24,21,0.03055,-0.000125106365343238,-0.00029028632122938484,
b00d3d3ae8725ff7,momentum,18,3,0.08,0.08,3,0.01,stress,187.03,-12.97,2.19,24,21,0.06485,-0.0002703561885206775,-0.0006367356694019692,
b00d3d3ae8725ff7,momentum,18,3,0.08,0.08,3,0.025,stress,168.32,-31.68,5.17,24,21,0.1584,-0.0006953646653173051,-0.0016444484104210363,
b00d3d3ae8725ff7,momentum,18,3,0.08,0.08,3,0.05,stress,159.54,-40.46,4.4,10,9,0.2023,-0.0009113818228429566,-0.002517058892598669,
fdefc9d571be38b5,momentum,18,3,0.08,0.08,,0.005,costed,192.88,-7.12,0.79,28,22,0.03651531045506769,-0.00014616585756097177,-0.0003877362079875397,nonpositive_simultaneous_lower_bound;insufficient_release_days;nonpositive_stress_profit
fdefc9d571be38b5,momentum,18,3,0.08,0.08,,0.01,costed,185.94,-14.06,1.53,28,22,0.07206308014771934,-0.00029392469967872803,-0.000791287673552642,nonpositive_simultaneous_lower_bound;insufficient_release_days;nonpositive_stress_profit
fdefc9d571be38b5,momentum,18,3,0.08,0.08,,0.025,costed,163.48,-36.52,3.71,28,22,0.18755590895537222,-0.000813010918757905,-0.002187863622849275,nonpositive_simultaneous_lower_bound;insufficient_release_days;nonpositive_stress_profit
fdefc9d571be38b5,momentum,18,3,0.08,0.08,,0.05,costed,155.3,-44.7,3.12,11,10,0.23282122215086698,-0.0010199945015862718,-0.00320821926148138,nonpositive_simultaneous_lower_bound;insufficient_release_days;nonpositive_stress_profit
fdefc9d571be38b5,momentum,18,3,0.08,0.08,,0.005,stress,194.43,-5.57,0.67,24,20,0.0285300289797142,-0.00011389179613025148,-0.0003665866591071033,
fdefc9d571be38b5,momentum,18,3,0.08,0.08,,0.01,stress,188.59,-11.41,1.37,24,20,0.05836828440183743,-0.00023686298396678607,-0.0008423567620825233,
fdefc9d571be38b5,momentum,18,3,0.08,0.08,,0.025,stress,167.98,-32.02,3.31,24,20,0.1639874583188175,-0.000703517910687726,-0.0023330942686509573,
fdefc9d571be38b5,momentum,18,3,0.08,0.08,,0.05,stress,164.91,-35.09,2.83,10,8,0.20417162108600873,-0.0007778931290619277,-0.0024599045441837755,
72741d5006753fc7,momentum,12,3,0.08,0.03,1,0.005,costed,181.86,-18.14,2.81,81,65,0.0907,-0.0003833879284285085,-0.0006814835880534595,nonpositive_simultaneous_lower_bound;nonpositive_stress_profit
72741d5006753fc7,momentum,12,3,0.08,0.03,1,0.01,costed,166.18,-33.82,5.34,88,69,0.1691,-0.000746958985125811,-0.0013172518523704374,nonpositive_simultaneous_lower_bound;nonpositive_stress_profit
72741d5006753fc7,momentum,12,3,0.08,0.03,1,0.025,costed,159.47,-40.53,5.11,34,24,0.20265,-0.0009131514104361137,-0.0024917824287256202,nonpositive_simultaneous_lower_bound;insufficient_release_days;nonpositive_stress_profit
72741d5006753fc7,momentum,12,3,0.08,0.03,1,0.05,costed,158.83,-41.17,6.66,21,17,0.20585,-0.0009293666076652144,-0.002610423193301949,nonpositive_simultaneous_lower_bound;insufficient_release_days;nonpositive_stress_profit
72741d5006753fc7,momentum,12,3,0.08,0.03,1,0.005,stress,186.64,-13.36,2.71,80,65,0.0668,-0.00027877314046315316,-0.000506727575668667,
72741d5006753fc7,momentum,12,3,0.08,0.03,1,0.01,stress,171.81,-28.19,4.95,83,68,0.14095,-0.0006126135140087164,-0.0011080992915227677,
72741d5006753fc7,momentum,12,3,0.08,0.03,1,0.025,stress,158.78,-41.22,8.15,53,42,0.2061,-0.0009306361703672145,-0.002120650594214088,
72741d5006753fc7,momentum,12,3,0.08,0.03,1,0.05,stress,159.84,-40.16,8.94,34,28,0.2008,-0.0009038066598701317,-0.002806168392013589,
4385b70098beeb9e,momentum,12,3,0.08,0.03,3,0.005,costed,188.12,-11.88,2.02,81,63,0.061222449897546105,-0.00024692463496447286,-0.0006282868786235583,nonpositive_simultaneous_lower_bound;nonpositive_stress_profit
4385b70098beeb9e,momentum,12,3,0.08,0.03,3,0.01,costed,175.43,-24.57,3.82,88,68,0.12667965432838804,-0.0005285373532538008,-0.0012654294972746789,nonpositive_simultaneous_lower_bound;nonpositive_stress_profit
4385b70098beeb9e,momentum,12,3,0.08,0.03,3,0.025,costed,159.83,-40.17,3.57,31,21,0.2027633679169992,-0.0009040589361591709,-0.0028002405884278475,nonpositive_simultaneous_lower_bound;insufficient_release_days;nonpositive_stress_profit
4385b70098beeb9e,momentum,12,3,0.08,0.03,3,0.05,costed,155.73,-44.27,5.25,23,17,0.2254165630440189,-0.00100884527435802,-0.0034017984050608843,nonpositive_simultaneous_lower_bound;insufficient_release_days;nonpositive_stress_profit
4385b70098beeb9e,momentum,12,3,0.08,0.03,3,0.005,stress,193.96,-6.04,1.86,80,63,0.03852471255786173,-0.000123650864156794,-0.0005223244202866344,
4385b70098beeb9e,momentum,12,3,0.08,0.03,3,0.01,stress,186.84,-13.16,3.57,83,64,0.08254471584997275,-0.0002744545601376191,-0.0011063286893564135,
4385b70098beeb9e,momentum,12,3,0.08,0.03,3,0.025,stress,163.61,-36.39,6.97,68,50,0.20178562716495096,-0.0008098057240042389,-0.0027179944851045126,
4385b70098beeb9e,momentum,12,3,0.08,0.03,3,0.05,stress,164.23,-35.77,3.29,15,11,0.21289240354660915,-0.0007945543637038988,-0.0033519392257628485,
19f30fae9043d62a,momentum,12,3,0.08,0.03,,0.005,costed,187.96,-12.04,1.53,79,60,0.0627498001598721,-0.00025035561416702167,-0.0006755224751862237,nonpositive_simultaneous_lower_bound;nonpositive_stress_profit
19f30fae9043d62a,momentum,12,3,0.08,0.03,,0.01,costed,174.92,-25.08,3.03,88,66,0.13054113418530353,-0.0005402767742069254,-0.001488687426378846,nonpositive_simultaneous_lower_bound;nonpositive_stress_profit
19f30fae9043d62a,momentum,12,3,0.08,0.03,,0.025,costed,157.81,-42.19,2.29,25,16,0.21409362549800798,-0.000955345116080625,-0.0031123326937848544,nonpositive_simultaneous_lower_bound;insufficient_release_days;nonpositive_stress_profit
19f30fae9043d62a,momentum,12,3,0.08,0.03,,0.05,costed,159.43,-40.57,3.18,20,15,0.20980372720063442,-0.0009141629521321081,-0.0030228882958926316,nonpositive_simultaneous_lower_bound;insufficient_release_days;nonpositive_stress_profit
19f30fae9043d62a,momentum,12,3,0.08,0.03,,0.005,stress,192.78,-7.22,1.58,79,64,0.04690683229813664,-0.00014825695238796326,-0.0005589066523258243,
19f30fae9043d62a,momentum,12,3,0.08,0.03,,0.01,stress,186.63,-13.37,3.12,83,66,0.09016838674633351,-0.00027898919093951176,-0.001139918548797591,
19f30fae9043d62a,momentum,12,3,0.08,0.03,,0.025,stress,162.85,-37.15,4.84,53,40,0.21267646490040612,-0.0008285799791362652,-0.0026106986108906213,
19f30fae9043d62a,momentum,12,3,0.08,0.03,,0.05,stress,166.87,-33.13,2.88,14,13,0.21428571428571427,-0.0007302512112468768,-0.003340156159086602,
1341e963bbbcbf89,momentum,12,3,0.08,0.08,1,0.005,costed,163.01,-36.99,7.36,196,134,0.18495,-0.0008246202335880594,-0.0012251269489562894,nonpositive_simultaneous_lower_bound;nonpositive_stress_profit
1341e963bbbcbf89,momentum,12,3,0.08,0.08,1,0.01,costed,159.81,-40.19,7.26,121,76,0.20095,-0.0009045635360928194,-0.0018438299944458414,nonpositive_simultaneous_lower_bound;nonpositive_stress_profit
1341e963bbbcbf89,momentum,12,3,0.08,0.08,1,0.025,costed,158.09,-41.91,6.27,45,32,0.20955,-0.0009481970783868545,-0.0026090966885967118,nonpositive_simultaneous_lower_bound;insufficient_release_days;nonpositive_stress_profit
1341e963bbbcbf89,momentum,12,3,0.08,0.08,1,0.05,costed,158.07,-41.93,7.69,28,22,0.2157,-0.000948707232494889,-0.0031939392400487836,nonpositive_simultaneous_lower_bound;insufficient_release_days;nonpositive_stress_profit
1341e963bbbcbf89,momentum,12,3,0.08,0.08,1,0.005,stress,165.05,-34.95,5.79,182,131,0.17615,-0.0007744714042291729,-0.0011829751902924471,
1341e963bbbcbf89,momentum,12,3,0.08,0.08,1,0.01,stress,159.98,-40.02,7.21,136,92,0.2001,-0.0009002764480941991,-0.0017854910947683897,
1341e963bbbcbf89,momentum,12,3,0.08,0.08,1,0.025,stress,159.95,-40.05,4.14,35,26,0.20025,-0.0009010326619052816,-0.002400931504416399,
1341e963bbbcbf89,momentum,12,3,0.08,0.08,1,0.05,stress,157.81,-42.19,3.0,16,11,0.21095,-0.0009553451160806271,-0.0029900579273352493,
b2fefe31cb8f792e,momentum,12,3,0.08,0.08,3,0.005,costed,173.08,-26.92,5.96,216,147,0.13485,-0.0005829171419006159,-0.0012172288922652611,nonpositive_simultaneous_lower_bound;nonpositive_stress_profit
b2fefe31cb8f792e,momentum,12,3,0.08,0.08,3,0.01,costed,159.51,-40.49,7.12,158,95,0.20245,-0.0009121401224341929,-0.002231344873081988,nonpositive_simultaneous_lower_bound;nonpositive_stress_profit
b2fefe31cb8f792e,momentum,12,3,0.08,0.08,3,0.025,costed,159.65,-40.35,4.58,41,28,0.20175,-0.0009086026104324432,-0.0030464442966867946,nonpositive_simultaneous_lower_bound;insufficient_release_days;nonpositive_stress_profit
b2fefe31cb8f792e,momentum,12,3,0.08,0.08,3,0.05,costed,159.62,-40.38,6.16,30,22,0.20253796962430057,-0.0009093603875007002,-0.004099415208947541,nonpositive_simultaneous_lower_bound;insufficient_release_days;nonpositive_stress_profit
b2fefe31cb8f792e,momentum,12,3,0.08,0.08,3,0.005,stress,175.34,-24.66,4.52,201,137,0.1233,-0.0005306065338209575,-0.0010095557385054847,
b2fefe31cb8f792e,momentum,12,3,0.08,0.08,3,0.01,stress,162.04,-37.96,6.67,172,105,0.2,-0.0008486860815062377,-0.001898888210524279,
b2fefe31cb8f792e,momentum,12,3,0.08,0.08,3,0.025,stress,159.04,-40.96,3.14,37,23,0.2048,-0.0009240388049990824,-0.002683552017919976,
b2fefe31cb8f792e,momentum,12,3,0.08,0.08,3,0.05,stress,154.81,-45.19,2.45,16,11,0.22595,-0.0010327371290147682,-0.0033757137152391208,
40e60586fa33b65c,momentum,12,3,0.08,0.08,,0.005,costed,175.48,-24.52,4.6,225,147,0.12281929517620595,-0.0005273882671371919,-0.001263475415115481,nonpositive_simultaneous_lower_bound;nonpositive_stress_profit
40e60586fa33b65c,momentum,12,3,0.08,0.08,,0.01,costed,160.24,-39.76,6.38,191,113,0.20013992304232672,-0.0008937285289938416,-0.002391311260749941,nonpositive_simultaneous_lower_bound;nonpositive_stress_profit
40e60586fa33b65c,momentum,12,3,0.08,0.08,,0.025,costed,150.72,-49.28,4.23,53,30,0.2474535650089874,-0.001140699821451547,-0.0035066327681377253,nonpositive_simultaneous_lower_bound;insufficient_release_days;nonpositive_stress_profit
40e60586fa33b65c,momentum,12,3,0.08,0.08,,0.05,costed,154.27,-45.73,1.86,14,13,0.231990839846667,-0.0010468268246943086,-0.0036285819927811824,nonpositive_simultaneous_lower_bound;insufficient_release_days;nonpositive_stress_profit
40e60586fa33b65c,momentum,12,3,0.08,0.08,,0.005,stress,178.58,-21.42,4.08,207,147,0.1071,-0.0004567769615280882,-0.0009477187213921448,
40e60586fa33b65c,momentum,12,3,0.08,0.08,,0.01,stress,160.6,-39.4,6.57,192,127,0.2019,-0.0008846796977232916,-0.001997773350312322,
40e60586fa33b65c,momentum,12,3,0.08,0.08,,0.025,stress,155.67,-44.33,3.36,43,30,0.22165,-0.0010103991310495115,-0.002895985299851258,
40e60586fa33b65c,momentum,12,3,0.08,0.08,,0.05,stress,156.97,-43.03,2.82,22,17,0.21515,-0.0009768655736327454,-0.0027966230757789333,
517eca4e8e4b8a49,momentum,6,3,0.08,0.03,1,0.005,costed,199.93,-0.07,0.03,2,2,0.00035,-1.4115373560297073e-06,-5.2578277363709756e-06,nonpositive_simultaneous_lower_bound;insufficient_release_days;nonpositive_stress_profit
517eca4e8e4b8a49,momentum,6,3,0.08,0.03,1,0.01,costed,199.89,-0.11,0.03,2,2,0.00055,-2.21835203823055e-06,-8.433026641900678e-06,nonpositive_simultaneous_lower_bound;insufficient_release_days;nonpositive_stress_profit
517eca4e8e4b8a49,momentum,6,3,0.08,0.03,1,0.025,costed,199.74,-0.26,0.06,2,2,0.0013,-5.245345697774435e-06,-2.00891693710905e-05,nonpositive_simultaneous_lower_bound;insufficient_release_days;nonpositive_stress_profit
517eca4e8e4b8a49,momentum,6,3,0.08,0.03,1,0.05,costed,199.48,-0.52,0.09,2,2,0.0026,-1.0497523669818234e-05,-4.097314970907312e-05,nonpositive_simultaneous_lower_bound;insufficient_release_days;nonpositive_stress_profit
517eca4e8e4b8a49,momentum,6,3,0.08,0.03,1,0.005,stress,199.14,-0.86,0.08,2,2,0.0043,-1.7376095113300507e-05,-7.573650307135917e-05,
517eca4e8e4b8a49,momentum,6,3,0.08,0.03,1,0.01,stress,197.96,-2.04,0.14,2,2,0.0102,-4.1340227678836044e-05,-0.00018414798085654706,
517eca4e8e4b8a49,momentum,6,3,0.08,0.03,1,0.025,stress,194.77,-5.23,0.31,2,2,0.02615,-0.00010684673913801705,-0.00047928359855659117,
517eca4e8e4b8a49,momentum,6,3,0.08,0.03,1,0.05,stress,189.55,-10.45,0.61,2,2,0.05225,-0.0002163892120390839,-0.0009702632305157443,
9b38905c1ac574dc,momentum,6,3,0.08,0.03,3,0.005,costed,199.98,-0.02,0.02,2,2,0.00019998000199980003,-4.0324596908630064e-07,-3.964295751470278e-06,nonpositive_simultaneous_lower_bound;insufficient_release_days;nonpositive_stress_profit
9b38905c1ac574dc,momentum,6,3,0.08,0.03,3,0.01,costed,199.98,-0.02,0.02,2,2,0.00034991252186953263,-4.032459690858776e-07,-7.272266338326306e-06,nonpositive_simultaneous_lower_bound;insufficient_release_days;nonpositive_stress_profit
9b38905c1ac574dc,momentum,6,3,0.08,0.03,3,0.025,costed,199.96,-0.04,0.04,2,2,0.0008494478588917204,-8.065322688187327e-07,-1.7899019321747973e-05,nonpositive_simultaneous_lower_bound;insufficient_release_days;nonpositive_stress_profit
9b38905c1ac574dc,momentum,6,3,0.08,0.03,3,0.05,costed,199.91,-0.09,0.06,2,2,0.0017975732760772956,-1.814924517682749e-06,-3.77421269283389e-05,nonpositive_simultaneous_lower_bound;insufficient_release_days;nonpositive_stress_profit
9b38905c1ac574dc,momentum,6,3,0.08,0.03,3,0.005,stress,199.33,-0.67,0.05,2,2,0.00375,-1.3530741182912687e-05,-7.258449861343482e-05,
9b38905c1ac574dc,momentum,6,3,0.08,0.03,3,0.01,stress,198.31,-1.69,0.1,2,2,0.00925,-3.421735342862174e-05,-0.00018033905147309581,
9b38905c1ac574dc,momentum,6,3,0.08,0.03,3,0.025,stress,195.61,-4.39,0.24,2,2,0.02395,-8.949389318455098e-05,-0.00047248019445725385,
9b38905c1ac574dc,momentum,6,3,0.08,0.03,3,0.05,stress,191.22,-8.78,0.48,2,2,0.0479,-0.0001810192293981313,-0.0009565254614202633,
9d424985132bbdbc,momentum,6,3,0.08,0.03,,0.005,costed,199.98,-0.02,0.02,2,2,0.00019998000199980003,-4.0324596908630064e-07,-3.964295751470278e-06,nonpositive_simultaneous_lower_bound;insufficient_release_days;nonpositive_stress_profit
9d424985132bbdbc,momentum,6,3,0.08,0.03,,0.01,costed,199.98,-0.02,0.02,2,2,0.00034991252186953263,-4.032459690858776e-07,-7.272266338326306e-06,nonpositive_simultaneous_lower_bound;insufficient_release_days;nonpositive_stress_profit
9d424985132bbdbc,momentum,6,3,0.08,0.03,,0.025,costed,199.96,-0.04,0.04,2,2,0.0008494478588917204,-8.065322688187327e-07,-1.7899019321747973e-05,nonpositive_simultaneous_lower_bound;insufficient_release_days;nonpositive_stress_profit
9d424985132bbdbc,momentum,6,3,0.08,0.03,,0.05,costed,199.91,-0.09,0.06,2,2,0.0017975732760772956,-1.814924517682749e-06,-3.77421269283389e-05,nonpositive_simultaneous_lower_bound;insufficient_release_days;nonpositive_stress_profit
9d424985132bbdbc,momentum,6,3,0.08,0.03,,0.005,stress,199.33,-0.67,0.05,2,2,0.00375,-1.3530741182912687e-05,-7.258449861343482e-05,
9d424985132bbdbc,momentum,6,3,0.08,0.03,,0.01,stress,198.31,-1.69,0.1,2,2,0.00925,-3.421735342862174e-05,-0.00018033905147309581,
9d424985132bbdbc,momentum,6,3,0.08,0.03,,0.025,stress,195.61,-4.39,0.24,2,2,0.02395,-8.949389318455098e-05,-0.00047248019445725385,
9d424985132bbdbc,momentum,6,3,0.08,0.03,,0.05,stress,191.22,-8.78,0.48,2,2,0.0479,-0.0001810192293981313,-0.0009565254614202633,
4452c47590ee9f1e,momentum,6,3,0.08,0.08,1,0.005,costed,198.24,-1.76,0.23,7,6,0.0088,-3.56409220451793e-05,-0.0001093755062353604,nonpositive_simultaneous_lower_bound;insufficient_release_days;nonpositive_stress_profit
4452c47590ee9f1e,momentum,6,3,0.08,0.08,1,0.01,costed,196.52,-3.48,0.42,7,6,0.0174,-7.077886793382773e-05,-0.0002182754943999893,nonpositive_simultaneous_lower_bound;insufficient_release_days;nonpositive_stress_profit
4452c47590ee9f1e,momentum,6,3,0.08,0.08,1,0.025,costed,191.04,-8.96,0.97,7,6,0.0448,-0.00018481667880564242,-0.0005728739992900478,nonpositive_simultaneous_lower_bound;insufficient_release_days;nonpositive_stress_profit
4452c47590ee9f1e,momentum,6,3,0.08,0.08,1,0.05,costed,182.05,-17.95,1.86,7,6,0.08975,-0.0003791773868007833,-0.0011866879089128687,nonpositive_simultaneous_lower_bound;insufficient_release_days;nonpositive_stress_profit
4452c47590ee9f1e,momentum,6,3,0.08,0.08,1,0.005,stress,198.73,-1.27,0.26,7,7,0.00635,-2.5686479870337173e-05,-0.00011541247039787241,
4452c47590ee9f1e,momentum,6,3,0.08,0.08,1,0.01,stress,197.79,-2.21,0.49,7,7,0.01105,-4.4804454656124333e-05,-0.00023650108040688955,
4452c47590ee9f1e,momentum,6,3,0.08,0.08,1,0.025,stress,194.68,-5.32,1.18,7,7,0.0266,-0.0001087104096079957,-0.0006166975244780744,
4452c47590ee9f1e,momentum,6,3,0.08,0.08,1,0.05,stress,189.25,-10.75,2.3,7,7,0.05375,-0.00022277610576805894,-0.0012557380094930333,
dbc99d18e5085144,momentum,6,3,0.08,0.08,3,0.005,costed,203.0,3.0,0.15,7,6,0.0038996100389961006,6.003472779738151e-05,-0.00011481454682628768,nonpositive_simultaneous_lower_bound;insufficient_release_days
dbc99d18e5085144,momentum,6,3,0.08,0.08,3,0.01,costed,206.02,6.02,0.28,7,6,0.007748062984253936,0.00011958018107867169,-0.00022893134513393048,nonpositive_simultaneous_lower_bound;insufficient_release_days
dbc99d18e5085144,momentum,6,3,0.08,0.08,3,0.025,costed,216.64,16.64,0.65,7,6,0.019237495627841904,0.00032225654506400563,-0.0005915702253020678,nonpositive_simultaneous_lower_bound;insufficient_release_days
dbc99d18e5085144,momentum,6,3,0.08,0.08,3,0.05,costed,237.13,37.13,1.33,7,6,0.038498027662655414,0.0006866578524596022,-0.0012304349033419276,nonpositive_simultaneous_lower_bound;insufficient_release_days
dbc99d18e5085144,momentum,6,3,0.08,0.08,3,0.005,stress,202.79,2.79,0.13,7,7,0.0061,5.58612672924827e-05,-0.00013507896147115037,
dbc99d18e5085144,momentum,6,3,0.08,0.08,3,0.01,stress,205.45,5.45,0.25,7,7,0.0129,0.00010840858379589685,-0.0002755827608699115,
dbc99d18e5085144,momentum,6,3,0.08,0.08,3,0.025,stress,215.04,15.04,0.58,7,7,0.0332,0.0002923656886562417,-0.0007238129273327952,
dbc99d18e5085144,momentum,6,3,0.08,0.08,3,0.05,stress,231.91,31.91,1.21,7,7,0.06635,0.0005969032210446811,-0.0014477489880463878,
205ca4da6c14d88d,momentum,6,3,0.08,0.08,,0.005,costed,203.0,3.0,0.15,7,6,0.0038996100389961006,6.003472779738151e-05,-0.00011481454682628768,nonpositive_simultaneous_lower_bound;insufficient_release_days
205ca4da6c14d88d,momentum,6,3,0.08,0.08,,0.01,costed,206.02,6.02,0.28,7,6,0.007748062984253936,0.00011958018107867169,-0.00022893134513393048,nonpositive_simultaneous_lower_bound;insufficient_release_days
205ca4da6c14d88d,momentum,6,3,0.08,0.08,,0.025,costed,216.64,16.64,0.65,7,6,0.019237495627841904,0.00032225654506400563,-0.0005915702253020678,nonpositive_simultaneous_lower_bound;insufficient_release_days
205ca4da6c14d88d,momentum,6,3,0.08,0.08,,0.05,costed,237.13,37.13,1.33,7,6,0.038498027662655414,0.0006866578524596022,-0.0012304349033419276,nonpositive_simultaneous_lower_bound;insufficient_release_days
205ca4da6c14d88d,momentum,6,3,0.08,0.08,,0.005,stress,202.79,2.79,0.13,7,7,0.0061,5.58612672924827e-05,-0.00013507896147115037,
205ca4da6c14d88d,momentum,6,3,0.08,0.08,,0.01,stress,205.45,5.45,0.25,7,7,0.0129,0.00010840858379589685,-0.0002755827608699115,
205ca4da6c14d88d,momentum,6,3,0.08,0.08,,0.025,stress,215.04,15.04,0.58,7,7,0.0332,0.0002923656886562417,-0.0007238129273327952,
205ca4da6c14d88d,momentum,6,3,0.08,0.08,,0.05,stress,231.91,31.91,1.21,7,7,0.06635,0.0005969032210446811,-0.0014477489880463878,
fa4547558d7074ca,momentum,24,3,0.15,0.03,1,0.005,costed,200.0,0.0,0.0,0,0,0.0,0.0,,nonpositive_simultaneous_lower_bound;insufficient_release_days;nonpositive_stress_profit
fa4547558d7074ca,momentum,24,3,0.15,0.03,1,0.01,costed,200.0,0.0,0.0,0,0,0.0,0.0,,nonpositive_simultaneous_lower_bound;insufficient_release_days;nonpositive_stress_profit
fa4547558d7074ca,momentum,24,3,0.15,0.03,1,0.025,costed,200.0,0.0,0.0,0,0,0.0,0.0,,nonpositive_simultaneous_lower_bound;insufficient_release_days;nonpositive_stress_profit
fa4547558d7074ca,momentum,24,3,0.15,0.03,1,0.05,costed,200.0,0.0,0.0,0,0,0.0,0.0,,nonpositive_simultaneous_lower_bound;insufficient_release_days;nonpositive_stress_profit
fa4547558d7074ca,momentum,24,3,0.15,0.03,1,0.005,stress,200.0,0.0,0.0,0,0,0.0,0.0,,
fa4547558d7074ca,momentum,24,3,0.15,0.03,1,0.01,stress,200.0,0.0,0.0,0,0,0.0,0.0,,
fa4547558d7074ca,momentum,24,3,0.15,0.03,1,0.025,stress,200.0,0.0,0.0,0,0,0.0,0.0,,
fa4547558d7074ca,momentum,24,3,0.15,0.03,1,0.05,stress,200.0,0.0,0.0,0,0,0.0,0.0,,
2b2cb3c4048dbdfa,momentum,24,3,0.15,0.03,3,0.005,costed,200.0,0.0,0.0,0,0,0.0,0.0,,nonpositive_simultaneous_lower_bound;insufficient_release_days;nonpositive_stress_profit
2b2cb3c4048dbdfa,momentum,24,3,0.15,0.03,3,0.01,costed,200.0,0.0,0.0,0,0,0.0,0.0,,nonpositive_simultaneous_lower_bound;insufficient_release_days;nonpositive_stress_profit
2b2cb3c4048dbdfa,momentum,24,3,0.15,0.03,3,0.025,costed,200.0,0.0,0.0,0,0,0.0,0.0,,nonpositive_simultaneous_lower_bound;insufficient_release_days;nonpositive_stress_profit
2b2cb3c4048dbdfa,momentum,24,3,0.15,0.03,3,0.05,costed,200.0,0.0,0.0,0,0,0.0,0.0,,nonpositive_simultaneous_lower_bound;insufficient_release_days;nonpositive_stress_profit
2b2cb3c4048dbdfa,momentum,24,3,0.15,0.03,3,0.005,stress,200.0,0.0,0.0,0,0,0.0,0.0,,
2b2cb3c4048dbdfa,momentum,24,3,0.15,0.03,3,0.01,stress,200.0,0.0,0.0,0,0,0.0,0.0,,
2b2cb3c4048dbdfa,momentum,24,3,0.15,0.03,3,0.025,stress,200.0,0.0,0.0,0,0,0.0,0.0,,
2b2cb3c4048dbdfa,momentum,24,3,0.15,0.03,3,0.05,stress,200.0,0.0,0.0,0,0,0.0,0.0,,
d4ba161c74fd9fcc,momentum,24,3,0.15,0.03,,0.005,costed,200.0,0.0,0.0,0,0,0.0,0.0,,nonpositive_simultaneous_lower_bound;insufficient_release_days;nonpositive_stress_profit
d4ba161c74fd9fcc,momentum,24,3,0.15,0.03,,0.01,costed,200.0,0.0,0.0,0,0,0.0,0.0,,nonpositive_simultaneous_lower_bound;insufficient_release_days;nonpositive_stress_profit
d4ba161c74fd9fcc,momentum,24,3,0.15,0.03,,0.025,costed,200.0,0.0,0.0,0,0,0.0,0.0,,nonpositive_simultaneous_lower_bound;insufficient_release_days;nonpositive_stress_profit
d4ba161c74fd9fcc,momentum,24,3,0.15,0.03,,0.05,costed,200.0,0.0,0.0,0,0,0.0,0.0,,nonpositive_simultaneous_lower_bound;insufficient_release_days;nonpositive_stress_profit
d4ba161c74fd9fcc,momentum,24,3,0.15,0.03,,0.005,stress,200.0,0.0,0.0,0,0,0.0,0.0,,
d4ba161c74fd9fcc,momentum,24,3,0.15,0.03,,0.01,stress,200.0,0.0,0.0,0,0,0.0,0.0,,
d4ba161c74fd9fcc,momentum,24,3,0.15,0.03,,0.025,stress,200.0,0.0,0.0,0,0,0.0,0.0,,
d4ba161c74fd9fcc,momentum,24,3,0.15,0.03,,0.05,stress,200.0,0.0,0.0,0,0,0.0,0.0,,
755ec373adf72887,momentum,24,3,0.15,0.08,1,0.005,costed,200.0,0.0,0.0,0,0,0.0,0.0,,nonpositive_simultaneous_lower_bound;insufficient_release_days;nonpositive_stress_profit
755ec373adf72887,momentum,24,3,0.15,0.08,1,0.01,costed,200.0,0.0,0.0,0,0,0.0,0.0,,nonpositive_simultaneous_lower_bound;insufficient_release_days;nonpositive_stress_profit
755ec373adf72887,momentum,24,3,0.15,0.08,1,0.025,costed,200.0,0.0,0.0,0,0,0.0,0.0,,nonpositive_simultaneous_lower_bound;insufficient_release_days;nonpositive_stress_profit
755ec373adf72887,momentum,24,3,0.15,0.08,1,0.05,costed,200.0,0.0,0.0,0,0,0.0,0.0,,nonpositive_simultaneous_lower_bound;insufficient_release_days;nonpositive_stress_profit
755ec373adf72887,momentum,24,3,0.15,0.08,1,0.005,stress,200.0,0.0,0.0,0,0,0.0,0.0,,
755ec373adf72887,momentum,24,3,0.15,0.08,1,0.01,stress,200.0,0.0,0.0,0,0,0.0,0.0,,
755ec373adf72887,momentum,24,3,0.15,0.08,1,0.025,stress,200.0,0.0,0.0,0,0,0.0,0.0,,
755ec373adf72887,momentum,24,3,0.15,0.08,1,0.05,stress,200.0,0.0,0.0,0,0,0.0,0.0,,
d16f8e89e7d82acb,momentum,24,3,0.15,0.08,3,0.005,costed,200.0,0.0,0.0,0,0,0.0,0.0,,nonpositive_simultaneous_lower_bound;insufficient_release_days;nonpositive_stress_profit
d16f8e89e7d82acb,momentum,24,3,0.15,0.08,3,0.01,costed,200.0,0.0,0.0,0,0,0.0,0.0,,nonpositive_simultaneous_lower_bound;insufficient_release_days;nonpositive_stress_profit
d16f8e89e7d82acb,momentum,24,3,0.15,0.08,3,0.025,costed,200.0,0.0,0.0,0,0,0.0,0.0,,nonpositive_simultaneous_lower_bound;insufficient_release_days;nonpositive_stress_profit
d16f8e89e7d82acb,momentum,24,3,0.15,0.08,3,0.05,costed,200.0,0.0,0.0,0,0,0.0,0.0,,nonpositive_simultaneous_lower_bound;insufficient_release_days;nonpositive_stress_profit
d16f8e89e7d82acb,momentum,24,3,0.15,0.08,3,0.005,stress,200.0,0.0,0.0,0,0,0.0,0.0,,
d16f8e89e7d82acb,momentum,24,3,0.15,0.08,3,0.01,stress,200.0,0.0,0.0,0,0,0.0,0.0,,
d16f8e89e7d82acb,momentum,24,3,0.15,0.08,3,0.025,stress,200.0,0.0,0.0,0,0,0.0,0.0,,
d16f8e89e7d82acb,momentum,24,3,0.15,0.08,3,0.05,stress,200.0,0.0,0.0,0,0,0.0,0.0,,
de3f9d4c9bea129a,momentum,24,3,0.15,0.08,,0.005,costed,200.0,0.0,0.0,0,0,0.0,0.0,,nonpositive_simultaneous_lower_bound;insufficient_release_days;nonpositive_stress_profit
de3f9d4c9bea129a,momentum,24,3,0.15,0.08,,0.01,costed,200.0,0.0,0.0,0,0,0.0,0.0,,nonpositive_simultaneous_lower_bound;insufficient_release_days;nonpositive_stress_profit
de3f9d4c9bea129a,momentum,24,3,0.15,0.08,,0.025,costed,200.0,0.0,0.0,0,0,0.0,0.0,,nonpositive_simultaneous_lower_bound;insufficient_release_days;nonpositive_stress_profit
de3f9d4c9bea129a,momentum,24,3,0.15,0.08,,0.05,costed,200.0,0.0,0.0,0,0,0.0,0.0,,nonpositive_simultaneous_lower_bound;insufficient_release_days;nonpositive_stress_profit
de3f9d4c9bea129a,momentum,24,3,0.15,0.08,,0.005,stress,200.0,0.0,0.0,0,0,0.0,0.0,,
de3f9d4c9bea129a,momentum,24,3,0.15,0.08,,0.01,stress,200.0,0.0,0.0,0,0,0.0,0.0,,
de3f9d4c9bea129a,momentum,24,3,0.15,0.08,,0.025,stress,200.0,0.0,0.0,0,0,0.0,0.0,,
de3f9d4c9bea129a,momentum,24,3,0.15,0.08,,0.05,stress,200.0,0.0,0.0,0,0,0.0,0.0,,
d055315b7f4267d3,momentum,18,3,0.15,0.03,1,0.005,costed,199.6,-0.4,0.17,3,3,0.0027,-8.072591414004283e-06,-4.647803374936735e-05,nonpositive_simultaneous_lower_bound;insufficient_release_days;nonpositive_stress_profit
d055315b7f4267d3,momentum,18,3,0.15,0.03,1,0.01,costed,198.94,-1.06,0.38,3,3,0.00675,-2.1427801708745536e-05,-0.00011669440379422026,nonpositive_simultaneous_lower_bound;insufficient_release_days;nonpositive_stress_profit
d055315b7f4267d3,momentum,18,3,0.15,0.03,1,0.025,costed,197.53,-2.47,0.88,3,3,0.01605,-5.01084476134175e-05,-0.0002790392660218335,nonpositive_simultaneous_lower_bound;insufficient_release_days;nonpositive_stress_profit
d055315b7f4267d3,momentum,18,3,0.15,0.03,1,0.05,costed,194.96,-5.04,1.75,3,3,0.0326,-0.00010291515012534706,-0.0005724519832017764,nonpositive_simultaneous_lower_bound;insufficient_release_days;nonpositive_stress_profit
d055315b7f4267d3,momentum,18,3,0.15,0.03,1,0.005,stress,199.64,-0.36,0.04,1,1,0.0018,-7.2646046235008415e-06,-3.524266256726233e-05,
d055315b7f4267d3,momentum,18,3,0.15,0.03,1,0.01,stress,199.12,-0.88,0.08,1,1,0.0044,-1.77810826157261e-05,-8.626108744850915e-05,
d055315b7f4267d3,momentum,18,3,0.15,0.03,1,0.025,stress,197.54,-2.46,0.22,1,1,0.0123,-4.990431882280405e-05,-0.00024210003986061522,
d055315b7f4267d3,momentum,18,3,0.15,0.03,1,0.05,stress,194.92,-5.08,0.44,1,1,0.0254,-0.0001037425345674646,-0.0005032845322106164,
f85b18ce95b076e2,momentum,18,3,0.15,0.03,3,0.005,costed,199.82,-0.18,0.16,3,3,0.0042,-3.630666303081655e-06,-8.198616960811459e-05,nonpositive_simultaneous_lower_bound;insufficient_release_days;nonpositive_stress_profit
f85b18ce95b076e2,momentum,18,3,0.15,0.03,3,0.01,costed,199.46,-0.54,0.32,3,3,0.00935,-1.0901820864172958e-05,-0.00017842082944770623,nonpositive_simultaneous_lower_bound;insufficient_release_days;nonpositive_stress_profit
f85b18ce95b076e2,momentum,18,3,0.15,0.03,3,0.025,costed,198.38,-1.62,0.8,3,3,0.02475,-3.2794287218503706e-05,-0.0004718725797546482,nonpositive_simultaneous_lower_bound;insufficient_release_days;nonpositive_stress_profit
f85b18ce95b076e2,momentum,18,3,0.15,0.03,3,0.05,costed,196.26,-3.74,1.57,3,3,0.05035,-7.611716036165022e-05,-0.0009634243148033518,nonpositive_simultaneous_lower_bound;insufficient_release_days;nonpositive_stress_profit
f85b18ce95b076e2,momentum,18,3,0.15,0.03,3,0.005,stress,199.62,-0.38,0.04,1,1,0.0019,-7.668577780630367e-06,-3.720245121383106e-05,
f85b18ce95b076e2,momentum,18,3,0.15,0.03,3,0.01,stress,199.07,-0.93,0.08,1,1,0.00465,-1.879372936368817e-05,-9.117372474783461e-05,
f85b18ce95b076e2,momentum,18,3,0.15,0.03,3,0.025,stress,197.41,-2.59,0.21,1,1,0.01295,-5.255879947766213e-05,-0.00025497768026348783,
f85b18ce95b076e2,momentum,18,3,0.15,0.03,3,0.05,stress,194.65,-5.35,0.42,1,1,0.02675,-0.00010933182456279031,-0.0005303997671758627,
3d1cdd987200d02a,momentum,18,3,0.15,0.03,,0.005,costed,201.34,1.34,0.09,3,3,0.0033,2.6926027230809393e-05,-9.315253425791954e-05,nonpositive_simultaneous_lower_bound;insufficient_release_days;nonpositive_stress_profit
3d1cdd987200d02a,momentum,18,3,0.15,0.03,,0.01,costed,203.22,3.22,0.19,3,3,0.00665,6.44022964100753e-05,-0.00017973482369876547,nonpositive_simultaneous_lower_bound;insufficient_release_days;nonpositive_stress_profit
3d1cdd987200d02a,momentum,18,3,0.15,0.03,,0.025,costed,208.88,8.88,0.47,3,3,0.01665,0.00017517160420498648,-0.00044397110608290183,nonpositive_simultaneous_lower_bound;insufficient_release_days;nonpositive_stress_profit
3d1cdd987200d02a,momentum,18,3,0.15,0.03,,0.05,costed,219.03,19.03,0.96,3,3,0.03335,0.0003664973394680138,-0.0009061880861961115,nonpositive_simultaneous_lower_bound;insufficient_release_days;nonpositive_stress_profit
3d1cdd987200d02a,momentum,18,3,0.15,0.03,,0.005,stress,199.55,-0.45,0.03,1,1,0.00225,-9.082802634248899e-06,-4.398677138699562e-05,
3d1cdd987200d02a,momentum,18,3,0.15,0.03,,0.01,stress,198.89,-1.11,0.06,1,1,0.00555,-2.2441364810006044e-05,-0.0001088351966499487,
3d1cdd987200d02a,momentum,18,3,0.15,0.03,,0.025,stress,196.89,-3.11,0.17,1,1,0.01555,-6.319423142861139e-05,-0.00030646467353989443,
3d1cdd987200d02a,momentum,18,3,0.15,0.03,,0.05,stress,193.57,-6.43,0.34,1,1,0.03215,-0.00013176678383299332,-0.0006391711522839528,
7dcd73a241583d3e,momentum,18,3,0.15,0.08,1,0.005,costed,198.62,-1.38,0.43,8,8,0.0069,-2.791901239042036e-05,-8.675285217992631e-05,nonpositive_simultaneous_lower_bound;insufficient_release_days;nonpositive_stress_profit
7dcd73a241583d3e,momentum,18,3,0.15,0.08,1,0.01,costed,196.78,-3.22,0.87,8,8,0.0161,-6.54476335097471e-05,-0.00020493984831972267,nonpositive_simultaneous_lower_bound;insufficient_release_days;nonpositive_stress_profit
7dcd73a241583d3e,momentum,18,3,0.15,0.08,1,0.025,costed,191.95,-8.05,2.08,8,8,0.04025,-0.00016565502056947612,-0.0005224565043374195,nonpositive_simultaneous_lower_bound;insufficient_release_days;nonpositive_stress_profit
7dcd73a241583d3e,momentum,18,3,0.15,0.08,1,0.05,costed,183.66,-16.34,4.11,8,8,0.0817,-0.00034367396920427664,-0.0010823793572335505,nonpositive_simultaneous_lower_bound;insufficient_release_days;nonpositive_stress_profit
7dcd73a241583d3e,momentum,18,3,0.15,0.08,1,0.005,stress,198.78,-1.22,0.24,4,4,0.0061,-2.467210083942435e-05,-7.217624074048231e-05,
7dcd73a241583d3e,momentum,18,3,0.15,0.08,1,0.01,stress,197.13,-2.87,0.48,4,4,0.01435,-5.8282084557058264e-05,-0.0001726111085970815,
7dcd73a241583d3e,momentum,18,3,0.15,0.08,1,0.025,stress,192.72,-7.28,1.12,4,4,0.0364,-0.00014951213000572862,-0.0004471647651156748,
7dcd73a241583d3e,momentum,18,3,0.15,0.08,1,0.05,stress,185.2,-14.8,2.29,4,4,0.074,-0.0003100042110320875,-0.0009240629687538241,
ac5a440a4802752c,momentum,18,3,0.15,0.08,3,0.005,costed,199.08,-0.92,0.41,8,8,0.00825,-1.8591179668077205e-05,-0.00011867558581138165,nonpositive_simultaneous_lower_bound;insufficient_release_days;nonpositive_stress_profit
ac5a440a4802752c,momentum,18,3,0.15,0.08,3,0.01,costed,197.7,-2.3,0.81,8,8,0.01895,-4.663966278816688e-05,-0.0002693445085418644,nonpositive_simultaneous_lower_bound;insufficient_release_days;nonpositive_stress_profit
ac5a440a4802752c,momentum,18,3,0.15,0.08,3,0.025,costed,193.76,-6.24,1.92,8,8,0.0482,-0.00012781083364215464,-0.0006915720500354405,nonpositive_simultaneous_lower_bound;insufficient_release_days;nonpositive_stress_profit
ac5a440a4802752c,momentum,18,3,0.15,0.08,3,0.05,costed,186.97,-13.03,3.84,8,8,0.09935,-0.00027164996117279733,-0.0014633723232340698,nonpositive_simultaneous_lower_bound;insufficient_release_days;nonpositive_stress_profit
ac5a440a4802752c,momentum,18,3,0.15,0.08,3,0.005,stress,198.35,-1.65,0.21,4,4,0.00825,-3.3404111240716183e-05,-0.00010635251609974374,
ac5a440a4802752c,momentum,18,3,0.15,0.08,3,0.01,stress,196.03,-3.97,0.42,4,4,0.01985,-8.084539437783729e-05,-0.00026153555904246577,
ac5a440a4802752c,momentum,18,3,0.15,0.08,3,0.025,stress,190.21,-9.79,0.96,4,4,0.04895,-0.00020237355477131842,-0.0006506488788924568,
ac5a440a4802752c,momentum,18,3,0.15,0.08,3,0.05,stress,180.09,-19.91,1.92,4,4,0.09955,-0.0004228251637748999,-0.001361658170194607,
805c08953a7b3788,momentum,18,3,0.15,0.08,,0.005,costed,198.27,-1.73,0.23,8,8,0.015,-3.503075966760292e-05,-0.0002211164262110788,nonpositive_simultaneous_lower_bound;insufficient_release_days;nonpositive_stress_profit
805c08953a7b3788,momentum,18,3,0.15,0.08,,0.01,costed,196.58,-3.42,0.46,8,8,0.0326,-6.954795729658613e-05,-0.00046160292908141063,nonpositive_simultaneous_lower_bound;insufficient_release_days;nonpositive_stress_profit
805c08953a7b3788,momentum,18,3,0.15,0.08,,0.025,costed,191.27,-8.73,1.13,8,8,0.08295,-0.0001799650167161052,-0.0011583241018064574,nonpositive_simultaneous_lower_bound;insufficient_release_days;nonpositive_stress_profit
805c08953a7b3788,momentum,18,3,0.15,0.08,,0.05,costed,182.32,-17.68,2.16,8,8,0.1637,-0.00037320153875245013,-0.0023912886098747966,nonpositive_simultaneous_lower_bound;insufficient_release_days;nonpositive_stress_profit
805c08953a7b3788,momentum,18,3,0.15,0.08,,0.005,stress,197.34,-2.66,0.14,4,4,0.0133,-5.3988859350871596e-05,-0.0001594170399518775,
805c08953a7b3788,momentum,18,3,0.15,0.08,,0.01,stress,193.86,-6.14,0.29,4,4,0.0307,-0.00012573031243376907,-0.0003675254396656274,
805c08953a7b3788,momentum,18,3,0.15,0.08,,0.025,stress,185.13,-14.87,0.68,4,4,0.07435,-0.00031152857075383687,-0.0009041041720113452,
805c08953a7b3788,momentum,18,3,0.15,0.08,,0.05,stress,169.86,-30.14,1.37,4,4,0.1507,-0.0006586403153071514,-0.0019132922377132927,
7c77c4e9da8e2d72,momentum,12,3,0.15,0.03,1,0.005,costed,187.39,-12.61,1.67,50,42,0.06305,-0.0002626022579050902,-0.0005395656373692327,nonpositive_simultaneous_lower_bound;insufficient_release_days;nonpositive_stress_profit
7c77c4e9da8e2d72,momentum,12,3,0.15,0.03,1,0.01,costed,174.79,-25.21,3.32,54,44,0.12615,-0.0005432746500041994,-0.0010753001040318111,nonpositive_simultaneous_lower_bound;insufficient_release_days;nonpositive_stress_profit
7c77c4e9da8e2d72,momentum,12,3,0.15,0.03,1,0.025,costed,159.82,-40.18,4.69,31,25,0.2009,-0.0009043112282327413,-0.0024088545100847195,nonpositive_simultaneous_lower_bound;insufficient_release_days;nonpositive_stress_profit
7c77c4e9da8e2d72,momentum,12,3,0.15,0.03,1,0.05,costed,155.9,-44.1,5.37,20,15,0.2253,-0.0010044459293722006,-0.0032941339807988365,nonpositive_simultaneous_lower_bound;insufficient_release_days;nonpositive_stress_profit
7c77c4e9da8e2d72,momentum,12,3,0.15,0.03,1,0.005,stress,192.09,-7.91,1.55,49,41,0.03955,-0.0001627151385049025,-0.00031123892722444396,
7c77c4e9da8e2d72,momentum,12,3,0.15,0.03,1,0.01,stress,182.22,-17.78,2.97,51,43,0.0889,-0.00037541378331582383,-0.0007298729059594207,
7c77c4e9da8e2d72,momentum,12,3,0.15,0.03,1,0.025,stress,159.7,-40.3,6.64,48,40,0.2015,-0.0009073399650285077,-0.001863484505330117,
7c77c4e9da8e2d72,momentum,12,3,0.15,0.03,1,0.05,stress,157.09,-42.91,8.39,33,27,0.21455,-0.0009737841815975332,-0.0025700710103329478,
26f130ced272a740,momentum,12,3,0.15,0.03,3,0.005,costed,191.2,-8.8,1.18,51,42,0.04477984906791944,-0.0001814409916561936,-0.00047867471576881814,nonpositive_simultaneous_lower_bound;insufficient_release_days;nonpositive_stress_profit
26f130ced272a740,momentum,12,3,0.15,0.03,3,0.01,costed,179.82,-20.18,2.3,54,45,0.10210300214795943,-0.0004288750644814902,-0.0010305088696103467,nonpositive_simultaneous_lower_bound;insufficient_release_days;nonpositive_stress_profit
26f130ced272a740,momentum,12,3,0.15,0.03,3,0.025,costed,158.5,-41.5,4.27,41,33,0.2093974461292897,-0.0009377531178657317,-0.0025794428561771296,nonpositive_simultaneous_lower_bound;insufficient_release_days;nonpositive_stress_profit
26f130ced272a740,momentum,12,3,0.15,0.03,3,0.05,costed,154.77,-45.23,3.86,16,14,0.23019149465307137,-0.001033779123481324,-0.0032721009149501074,nonpositive_simultaneous_lower_bound;insufficient_release_days;nonpositive_stress_profit
26f130ced272a740,momentum,12,3,0.15,0.03,3,0.005,stress,196.14,-3.86,1.08,51,42,0.023884475091190727,-7.858337332202687e-05,-0.0003526475825025513,
26f130ced272a740,momentum,12,3,0.15,0.03,3,0.01,stress,191.44,-8.56,2.05,51,42,0.051533007090781985,-0.00017638275382225228,-0.0007876463954096381,
26f130ced272a740,momentum,12,3,0.15,0.03,3,0.025,stress,179.17,-20.83,4.9,51,42,0.13062546723149762,-0.0004434769787751223,-0.0021652257851244834,
26f130ced272a740,momentum,12,3,0.15,0.03,3,0.05,stress,158.09,-41.91,6.75,36,32,0.22607333431242962,-0.0009481970783868566,-0.004288381425596292,
31f8daf3f2db749d,momentum,12,3,0.15,0.03,,0.005,costed,190.16,-9.84,0.93,51,40,0.05030975219824141,-0.00020343364312942503,-0.0005874157969312473,nonpositive_simultaneous_lower_bound;insufficient_release_days;nonpositive_stress_profit
31f8daf3f2db749d,momentum,12,3,0.15,0.03,,0.01,costed,179.23,-20.77,1.81,54,41,0.10563099041533547,-0.00044212689235698067,-0.0011950467195634392,nonpositive_simultaneous_lower_bound;insufficient_release_days;nonpositive_stress_profit
31f8daf3f2db749d,momentum,12,3,0.15,0.03,,0.025,costed,159.71,-40.29,1.65,18,13,0.20463147410358565,-0.000907087483386365,-0.0030685889451327435,nonpositive_simultaneous_lower_bound;insufficient_release_days;nonpositive_stress_profit
31f8daf3f2db749d,momentum,12,3,0.15,0.03,,0.05,costed,156.4,-43.6,2.19,13,11,0.22482157018239493,-0.000991534429180751,-0.0029779189725440787,nonpositive_simultaneous_lower_bound;insufficient_release_days;nonpositive_stress_profit
31f8daf3f2db749d,momentum,12,3,0.15,0.03,,0.005,stress,195.58,-4.42,0.96,50,39,0.028031779343426773,-9.011235348349728e-05,-0.000360984978286664,
31f8daf3f2db749d,momentum,12,3,0.15,0.03,,0.01,stress,188.97,-11.03,1.87,51,40,0.06741236392689504,-0.00022874634776648759,-0.0008133694367663581,
31f8daf3f2db749d,momentum,12,3,0.15,0.03,,0.025,stress,171.23,-28.77,4.39,51,40,0.17652628955893346,-0.0006262487280127317,-0.002184334061680725,
31f8daf3f2db749d,momentum,12,3,0.15,0.03,,0.05,stress,160.53,-39.47,2.1,13,11,0.20308776806989676,-0.0008864376030512644,-0.002412902666065616,
829ff14ef863c9b6,momentum,12,3,0.15,0.08,1,0.005,costed,176.04,-23.96,4.45,127,104,0.1198,-0.0005145408250207506,-0.0008239516398492416,nonpositive_simultaneous_lower_bound;nonpositive_stress_profit
829ff14ef863c9b6,momentum,12,3,0.15,0.08,1,0.01,costed,159.94,-40.06,7.02,125,94,0.2003,-0.0009012847646947286,-0.0016746802876920455,nonpositive_simultaneous_lower_bound;nonpositive_stress_profit
829ff14ef863c9b6,momentum,12,3,0.15,0.08,1,0.025,costed,159.36,-40.64,5.83,40,29,0.2032,-0.0009159337609344711,-0.0024943838269289387,nonpositive_simultaneous_lower_bound;insufficient_release_days;nonpositive_stress_profit
829ff14ef863c9b6,momentum,12,3,0.15,0.08,1,0.05,costed,162.06,-37.94,4.99,18,16,0.20095,-0.0008481884254655538,-0.0028756695055687344,nonpositive_simultaneous_lower_bound;insufficient_release_days;nonpositive_stress_profit
829ff14ef863c9b6,momentum,12,3,0.15,0.08,1,0.005,stress,177.84,-22.16,3.51,117,93,0.11445,-0.00047352055198425616,-0.0007517085531495019,
829ff14ef863c9b6,momentum,12,3,0.15,0.08,1,0.01,stress,159.85,-40.15,5.27,110,91,0.20075,-0.0009035543993636544,-0.0015646370943625874,
829ff14ef863c9b6,momentum,12,3,0.15,0.08,1,0.025,stress,158.84,-41.16,4.1,34,31,0.2058,-0.0009291127430846223,-0.002210976650858978,
829ff14ef863c9b6,momentum,12,3,0.15,0.08,1,0.05,stress,159.16,-40.84,2.95,15,13,0.2042,-0.000920997503989148,-0.0028386523037835037,
479ea36f6be2c9e8,momentum,12,3,0.15,0.08,3,0.005,costed,179.72,-20.28,3.5,134,105,0.10207344491631276,-0.00043111807397611937,-0.0008495177220119243,nonpositive_simultaneous_lower_bound;nonpositive_stress_profit
479ea36f6be2c9e8,momentum,12,3,0.15,0.08,3,0.01,costed,160.21,-39.79,5.93,150,114,0.20038929926132962,-0.0008944835156831191,-0.001922057113856769,nonpositive_simultaneous_lower_bound;nonpositive_stress_profit
479ea36f6be2c9e8,momentum,12,3,0.15,0.08,3,0.025,costed,159.94,-40.06,3.81,36,26,0.2053460525662046,-0.00090128476469473,-0.002661400719232173,nonpositive_simultaneous_lower_bound;insufficient_release_days;nonpositive_stress_profit
479ea36f6be2c9e8,momentum,12,3,0.15,0.08,3,0.05,costed,164.77,-35.23,3.06,16,13,0.20065007519526512,-0.0007813177599947448,-0.00335023558177088,nonpositive_simultaneous_lower_bound;insufficient_release_days;nonpositive_stress_profit
479ea36f6be2c9e8,momentum,12,3,0.15,0.08,3,0.005,stress,185.54,-14.46,2.55,123,99,0.0723,-0.0003026083642052884,-0.0007149095586195758,
479ea36f6be2c9e8,momentum,12,3,0.15,0.08,3,0.01,stress,168.65,-31.35,5.02,149,112,0.15675,-0.0006874669558079757,-0.0016481628809155119,
479ea36f6be2c9e8,momentum,12,3,0.15,0.08,3,0.025,stress,159.68,-40.32,2.29,26,20,0.2016,-0.0009078449757454961,-0.0023918536382381453,
479ea36f6be2c9e8,momentum,12,3,0.15,0.08,3,0.05,stress,156.8,-43.2,2.27,15,12,0.216,-0.0009812349138376174,-0.0031176363337212867,
eda0bddf3fc859ab,momentum,12,3,0.15,0.08,,0.005,costed,182.82,-17.18,2.58,134,105,0.08690440515433023,-0.0003621584851708251,-0.0008535223354567745,nonpositive_simultaneous_lower_bound;nonpositive_stress_profit
eda0bddf3fc859ab,momentum,12,3,0.15,0.08,,0.01,costed,162.44,-37.56,4.87,161,119,0.18962334746819656,-0.000838744611814273,-0.0020297542469897736,nonpositive_simultaneous_lower_bound;nonpositive_stress_profit
eda0bddf3fc859ab,momentum,12,3,0.15,0.08,,0.025,costed,158.73,-41.27,2.78,36,23,0.21076968973747018,-0.0009319061329188976,-0.0026791264281673657,nonpositive_simultaneous_lower_bound;insufficient_release_days;nonpositive_stress_profit
eda0bddf3fc859ab,momentum,12,3,0.15,0.08,,0.05,costed,157.53,-42.47,1.58,11,10,0.2217281754854009,-0.0009625058477022541,-0.0036531835036826004,nonpositive_simultaneous_lower_bound;insufficient_release_days;nonpositive_stress_profit
eda0bddf3fc859ab,momentum,12,3,0.15,0.08,,0.005,stress,185.69,-14.31,2.32,123,100,0.07155,-0.0002993497981271462,-0.0006951400780307479,
eda0bddf3fc859ab,momentum,12,3,0.15,0.08,,0.01,stress,169.18,-30.82,4.61,149,113,0.1541,-0.0006748150390006743,-0.0015977282615671183,
eda0bddf3fc859ab,momentum,12,3,0.15,0.08,,0.025,stress,159.16,-40.84,2.23,27,22,0.2042,-0.0009209975039891495,-0.002394156650423815,
eda0bddf3fc859ab,momentum,12,3,0.15,0.08,,0.05,stress,157.58,-42.42,2.21,15,12,0.2121,-0.0009612262126229628,-0.003056234104306812,
ea19b12e9a16aded,momentum,6,3,0.15,0.03,1,0.005,costed,199.96,-0.04,0.01,1,1,0.0002,-8.065322688187286e-07,-3.94241221868028e-06,nonpositive_simultaneous_lower_bound;insufficient_release_days;nonpositive_stress_profit
ea19b12e9a16aded,momentum,6,3,0.15,0.03,1,0.01,costed,199.93,-0.07,0.01,1,1,0.00035,-1.4115373560297609e-06,-6.8997389623180955e-06,nonpositive_simultaneous_lower_bound;insufficient_release_days;nonpositive_stress_profit
ea19b12e9a16aded,momentum,6,3,0.15,0.03,1,0.025,costed,199.83,-0.17,0.02,1,1,0.00085,-3.4288768340279884e-06,-1.676070065568566e-05,nonpositive_simultaneous_lower_bound;insufficient_release_days;nonpositive_stress_profit
ea19b12e9a16aded,momentum,6,3,0.15,0.03,1,0.05,costed,199.64,-0.36,0.03,1,1,0.0018,-7.2646046235008415e-06,-3.551013039257323e-05,nonpositive_simultaneous_lower_bound;insufficient_release_days;nonpositive_stress_profit
ea19b12e9a16aded,momentum,6,3,0.15,0.03,1,0.005,stress,199.14,-0.86,0.08,2,2,0.0043,-1.7376095113300507e-05,-7.573650307135917e-05,
ea19b12e9a16aded,momentum,6,3,0.15,0.03,1,0.01,stress,197.96,-2.04,0.14,2,2,0.0102,-4.1340227678836044e-05,-0.00018414798085654706,
ea19b12e9a16aded,momentum,6,3,0.15,0.03,1,0.025,stress,194.77,-5.23,0.31,2,2,0.02615,-0.00010684673913801705,-0.00047928359855659117,
ea19b12e9a16aded,momentum,6,3,0.15,0.03,1,0.05,stress,189.55,-10.45,0.61,2,2,0.05225,-0.0002163892120390839,-0.0009702632305157443,
f885cf7448afd52a,momentum,6,3,0.15,0.03,3,0.005,costed,199.96,-0.04,0.01,1,1,0.0002,-8.065322688187286e-07,-3.94241221868028e-06,nonpositive_simultaneous_lower_bound;insufficient_release_days;nonpositive_stress_profit
f885cf7448afd52a,momentum,6,3,0.15,0.03,3,0.01,costed,199.93,-0.07,0.01,1,1,0.00035,-1.4115373560297609e-06,-6.8997389623180955e-06,nonpositive_simultaneous_lower_bound;insufficient_release_days;nonpositive_stress_profit
f885cf7448afd52a,momentum,6,3,0.15,0.03,3,0.025,costed,199.83,-0.17,0.02,1,1,0.00085,-3.4288768340279884e-06,-1.676070065568566e-05,nonpositive_simultaneous_lower_bound;insufficient_release_days;nonpositive_stress_profit
f885cf7448afd52a,momentum,6,3,0.15,0.03,3,0.05,costed,199.64,-0.36,0.03,1,1,0.0018,-7.2646046235008415e-06,-3.551013039257323e-05,nonpositive_simultaneous_lower_bound;insufficient_release_days;nonpositive_stress_profit
f885cf7448afd52a,momentum,6,3,0.15,0.03,3,0.005,stress,199.33,-0.67,0.05,2,2,0.00375,-1.3530741182912687e-05,-7.258449861343482e-05,
f885cf7448afd52a,momentum,6,3,0.15,0.03,3,0.01,stress,198.31,-1.69,0.1,2,2,0.00925,-3.421735342862174e-05,-0.00018033905147309581,
f885cf7448afd52a,momentum,6,3,0.15,0.03,3,0.025,stress,195.61,-4.39,0.24,2,2,0.02395,-8.949389318455098e-05,-0.00047248019445725385,
f885cf7448afd52a,momentum,6,3,0.15,0.03,3,0.05,stress,191.22,-8.78,0.48,2,2,0.0479,-0.0001810192293981313,-0.0009565254614202633,
0c7fbd4796df10b9,momentum,6,3,0.15,0.03,,0.005,costed,199.96,-0.04,0.01,1,1,0.0002,-8.065322688187286e-07,-3.94241221868028e-06,nonpositive_simultaneous_lower_bound;insufficient_release_days;nonpositive_stress_profit
0c7fbd4796df10b9,momentum,6,3,0.15,0.03,,0.01,costed,199.93,-0.07,0.01,1,1,0.00035,-1.4115373560297609e-06,-6.8997389623180955e-06,nonpositive_simultaneous_lower_bound;insufficient_release_days;nonpositive_stress_profit
0c7fbd4796df10b9,momentum,6,3,0.15,0.03,,0.025,costed,199.83,-0.17,0.02,1,1,0.00085,-3.4288768340279884e-06,-1.676070065568566e-05,nonpositive_simultaneous_lower_bound;insufficient_release_days;nonpositive_stress_profit
0c7fbd4796df10b9,momentum,6,3,0.15,0.03,,0.05,costed,199.64,-0.36,0.03,1,1,0.0018,-7.2646046235008415e-06,-3.551013039257323e-05,nonpositive_simultaneous_lower_bound;insufficient_release_days;nonpositive_stress_profit
0c7fbd4796df10b9,momentum,6,3,0.15,0.03,,0.005,stress,199.33,-0.67,0.05,2,2,0.00375,-1.3530741182912687e-05,-7.258449861343482e-05,
0c7fbd4796df10b9,momentum,6,3,0.15,0.03,,0.01,stress,198.31,-1.69,0.1,2,2,0.00925,-3.421735342862174e-05,-0.00018033905147309581,
0c7fbd4796df10b9,momentum,6,3,0.15,0.03,,0.025,stress,195.61,-4.39,0.24,2,2,0.02395,-8.949389318455098e-05,-0.00047248019445725385,
0c7fbd4796df10b9,momentum,6,3,0.15,0.03,,0.05,stress,191.22,-8.78,0.48,2,2,0.0479,-0.0001810192293981313,-0.0009565254614202633,
337062241472ffe7,momentum,6,3,0.15,0.08,1,0.005,costed,198.86,-1.14,0.16,5,4,0.0057,-2.3049624984310587e-05,-8.212432882667188e-05,nonpositive_simultaneous_lower_bound;insufficient_release_days;nonpositive_stress_profit
337062241472ffe7,momentum,6,3,0.15,0.08,1,0.01,costed,197.74,-2.26,0.3,5,4,0.0113,-4.582391160907137e-05,-0.00016349048037414432,nonpositive_simultaneous_lower_bound;insufficient_release_days;nonpositive_stress_profit
337062241472ffe7,momentum,6,3,0.15,0.08,1,0.025,costed,194.07,-5.93,0.69,5,4,0.02965,-0.00012136470896787434,-0.000436555954209253,nonpositive_simultaneous_lower_bound;insufficient_release_days;nonpositive_stress_profit
337062241472ffe7,momentum,6,3,0.15,0.08,1,0.05,costed,187.87,-12.13,1.35,5,4,0.06065,-0.0002522868236646328,-0.0009123348492495712,nonpositive_simultaneous_lower_bound;insufficient_release_days;nonpositive_stress_profit
337062241472ffe7,momentum,6,3,0.15,0.08,1,0.005,stress,199.08,-0.92,0.19,5,5,0.0046,-1.859117966807747e-05,-5.442639405521769e-05,
337062241472ffe7,momentum,6,3,0.15,0.08,1,0.01,stress,198.21,-1.79,0.33,5,5,0.00895,-3.625117676666371e-05,-0.00010605890067944695,
337062241472ffe7,momentum,6,3,0.15,0.08,1,0.025,stress,195.29,-4.71,0.77,5,5,0.02355,-9.609569860220035e-05,-0.00028394191471371966,
337062241472ffe7,momentum,6,3,0.15,0.08,1,0.05,stress,190.46,-9.54,1.49,5,5,0.0477,-0.0001970772894440994,-0.0005868546796083307,
12ac0e98007c1858,momentum,6,3,0.15,0.08,3,0.005,costed,203.71,3.71,0.1,5,4,0.00025,7.411309387673257e-05,-8.778291191398112e-05,nonpositive_simultaneous_lower_bound;insufficient_release_days
12ac0e98007c1858,momentum,6,3,0.15,0.08,3,0.01,costed,207.43,7.43,0.19,5,4,0.00045,0.00014708293068555408,-0.00017428906054871976,nonpositive_simultaneous_lower_bound;insufficient_release_days
12ac0e98007c1858,momentum,6,3,0.15,0.08,3,0.025,costed,220.86,20.86,0.45,5,4,0.00105,0.00040004697609253263,-0.0004698808550881208,nonpositive_simultaneous_lower_bound;insufficient_release_days
12ac0e98007c1858,momentum,6,3,0.15,0.08,3,0.05,costed,244.22,44.22,0.93,5,4,0.00215,0.0008054519832937065,-0.0009365608327726514,nonpositive_simultaneous_lower_bound;insufficient_release_days
12ac0e98007c1858,momentum,6,3,0.15,0.08,3,0.005,stress,203.98,3.98,0.1,5,5,0.00015,7.945396481586696e-05,-9.268313152657818e-05,
12ac0e98007c1858,momentum,6,3,0.15,0.08,3,0.01,stress,207.98,7.98,0.18,5,5,0.0002927114840472241,0.00015776030114536234,-0.00018414833323643717,
12ac0e98007c1858,momentum,6,3,0.15,0.08,3,0.025,stress,221.7,21.7,0.43,5,5,0.0006536863239482654,0.00041535383094447163,-0.0004773385991293499,
12ac0e98007c1858,momentum,6,3,0.15,0.08,3,0.05,stress,247.35,47.35,0.92,5,5,0.0013918489843851942,0.0008568023029261332,-0.0009851506772718508,
e00e4b7f8e16aed5,momentum,6,3,0.15,0.08,,0.005,costed,203.71,3.71,0.1,5,4,0.00025,7.411309387673257e-05,-8.778291191398112e-05,nonpositive_simultaneous_lower_bound;insufficient_release_days
e00e4b7f8e16aed5,momentum,6,3,0.15,0.08,,0.01,costed,207.43,7.43,0.19,5,4,0.00045,0.00014708293068555408,-0.00017428906054871976,nonpositive_simultaneous_lower_bound;insufficient_release_days
e00e4b7f8e16aed5,momentum,6,3,0.15,0.08,,0.025,costed,220.86,20.86,0.45,5,4,0.00105,0.00040004697609253263,-0.0004698808550881208,nonpositive_simultaneous_lower_bound;insufficient_release_days
e00e4b7f8e16aed5,momentum,6,3,0.15,0.08,,0.05,costed,244.22,44.22,0.93,5,4,0.00215,0.0008054519832937065,-0.0009365608327726514,nonpositive_simultaneous_lower_bound;insufficient_release_days
e00e4b7f8e16aed5,momentum,6,3,0.15,0.08,,0.005,stress,203.98,3.98,0.1,5,5,0.00015,7.945396481586696e-05,-9.268313152657818e-05,
e00e4b7f8e16aed5,momentum,6,3,0.15,0.08,,0.01,stress,207.98,7.98,0.18,5,5,0.0002927114840472241,0.00015776030114536234,-0.00018414833323643717,
e00e4b7f8e16aed5,momentum,6,3,0.15,0.08,,0.025,stress,221.7,21.7,0.43,5,5,0.0006536863239482654,0.00041535383094447163,-0.0004773385991293499,
e00e4b7f8e16aed5,momentum,6,3,0.15,0.08,,0.05,stress,247.35,47.35,0.92,5,5,0.0013918489843851942,0.0008568023029261332,-0.0009851506772718508,
96c4c6354ed1d04b,reversal,24,1,0.03,0.03,1,0.005,costed,165.3,-34.7,10.91,197,138,0.1735,-0.0007683683940365247,-0.0016018749204732017,nonpositive_simultaneous_lower_bound;nonpositive_stress_profit
96c4c6354ed1d04b,reversal,24,1,0.03,0.03,1,0.01,costed,159.25,-40.75,13.99,131,99,0.20375,-0.0009187180326442089,-0.0025905121110591377,nonpositive_simultaneous_lower_bound;nonpositive_stress_profit
96c4c6354ed1d04b,reversal,24,1,0.03,0.03,1,0.025,costed,156.11,-43.89,10.07,38,30,0.21945,-0.0009990180628204099,-0.0023800119226120237,nonpositive_simultaneous_lower_bound;insufficient_release_days;nonpositive_stress_profit
96c4c6354ed1d04b,reversal,24,1,0.03,0.03,1,0.05,costed,159.17,-40.83,9.27,19,14,0.20415,-0.0009207441657511027,-0.0029329674854688143,nonpositive_simultaneous_lower_bound;insufficient_release_days;nonpositive_stress_profit
96c4c6354ed1d04b,reversal,24,1,0.03,0.03,1,0.005,stress,182.72,-17.28,6.9,147,109,0.0864,-0.00036436467774351474,-0.0013575538689316368,
96c4c6354ed1d04b,reversal,24,1,0.03,0.03,1,0.01,stress,163.11,-36.89,13.44,147,109,0.18445,-0.0008221473658149111,-0.002862931320234753,
96c4c6354ed1d04b,reversal,24,1,0.03,0.03,1,0.025,stress,159.67,-40.33,6.89,30,23,0.20165,-0.0009080975048243031,-0.0022582344665306045,
96c4c6354ed1d04b,reversal,24,1,0.03,0.03,1,0.05,stress,158.95,-41.05,6.16,13,11,0.20525,-0.0009263212870613908,-0.0029987574193057727,
4763bacf390c6da5,reversal,24,1,0.03,0.03,3,0.005,costed,181.85,-18.15,7.94,199,135,0.11663266297483726,-0.00038360965772192703,-0.0022747420742431856,nonpositive_simultaneous_lower_bound
4763bacf390c6da5,reversal,24,1,0.03,0.03,3,0.01,costed,159.26,-40.74,3.87,51,38,0.2037,-0.0009184648375755571,-0.0019981114111034736,nonpositive_simultaneous_lower_bound;insufficient_release_days
4763bacf390c6da5,reversal,24,1,0.03,0.03,3,0.025,costed,154.36,-45.64,4.87,25,17,0.2282,-0.0010444751204783012,-0.003100913201146095,nonpositive_simultaneous_lower_bound;insufficient_release_days;nonpositive_stress_profit
4763bacf390c6da5,reversal,24,1,0.03,0.03,3,0.05,costed,157.58,-42.42,5.36,16,11,0.2121,-0.0009612262126229623,-0.0031161670927755325,nonpositive_simultaneous_lower_bound;insufficient_release_days;nonpositive_stress_profit
4763bacf390c6da5,reversal,24,1,0.03,0.03,3,0.005,stress,204.39,4.39,5.32,147,108,0.0491,8.755067300665076e-05,-0.0012796156829884167,
4763bacf390c6da5,reversal,24,1,0.03,0.03,3,0.01,stress,206.37,6.37,11.0,147,108,0.1043746202586581,0.00012642462765320516,-0.0027150009333875647,
4763bacf390c6da5,reversal,24,1,0.03,0.03,3,0.025,stress,158.18,-41.82,3.55,26,21,0.2091,-0.0009459021832934096,-0.002662234163068961,
4763bacf390c6da5,reversal,24,1,0.03,0.03,3,0.05,stress,153.24,-46.76,3.5,12,11,0.2338,-0.0010738388980467274,-0.0034657040877689315,
9158826b371716cc,reversal,24,1,0.03,0.03,,0.005,costed,200.62,0.62,6.79,199,137,0.08509261103365863,1.2480664948798478e-05,-0.002006291504803142,nonpositive_simultaneous_lower_bound
9158826b371716cc,reversal,24,1,0.03,0.03,,0.01,costed,196.68,-3.32,13.8,200,138,0.1735092139716417,-6.749727421087863e-05,-0.004121631301798611,nonpositive_simultaneous_lower_bound
9158826b371716cc,reversal,24,1,0.03,0.03,,0.025,costed,162.31,-37.69,3.96,25,17,0.206734763696789,-0.000841972901738135,-0.0033841189793905042,nonpositive_simultaneous_lower_bound;insufficient_release_days;nonpositive_stress_profit
9158826b371716cc,reversal,24,1,0.03,0.03,,0.05,costed,160.4,-39.6,4.33,19,14,0.20856564859130605,-0.0008897043190146079,-0.00441335481910328,nonpositive_simultaneous_lower_bound;insufficient_release_days;nonpositive_stress_profit
9158826b371716cc,reversal,24,1,0.03,0.03,,0.005,stress,205.47,5.47,4.49,146,109,0.0557,0.00010880109407212279,-0.0012838877263047354,
9158826b371716cc,reversal,24,1,0.03,0.03,,0.01,stress,208.72,8.72,9.2,147,110,0.11970182889832712,0.00017208175113079125,-0.002726425727219226,
9158826b371716cc,reversal,24,1,0.03,0.03,,0.025,stress,159.63,-40.37,2.41,16,13,0.20185,-0.0009091077793211659,-0.0026249467664869984,
9158826b371716cc,reversal,24,1,0.03,0.03,,0.05,stress,159.57,-40.43,2.89,11,10,0.20215,-0.0009106236658294376,-0.0030076762330982815,
faf899019af97045,reversal,24,1,0.03,0.08,1,0.005,costed,159.85,-40.15,12.74,244,144,0.20075,-0.000903554399363657,-0.0018013040021376018,nonpositive_simultaneous_lower_bound;nonpositive_stress_profit
faf899019af97045,reversal,24,1,0.03,0.08,1,0.01,costed,159.88,-40.12,10.2,99,51,0.2006,-0.0009027977125198131,-0.0020229360991891013,nonpositive_simultaneous_lower_bound;insufficient_release_days;nonpositive_stress_profit
faf899019af97045,reversal,24,1,0.03,0.08,1,0.025,costed,156.43,-43.57,10.66,46,17,0.21785,-0.0009907610523159586,-0.0031158483685257577,nonpositive_simultaneous_lower_bound;insufficient_release_days;nonpositive_stress_profit
faf899019af97045,reversal,24,1,0.03,0.08,1,0.05,costed,156.16,-43.84,10.22,22,13,0.2192,-0.0009977267898518324,-0.003377968201160413,nonpositive_simultaneous_lower_bound;insufficient_release_days;nonpositive_stress_profit
faf899019af97045,reversal,24,1,0.03,0.08,1,0.005,stress,159.97,-40.03,10.17,223,154,0.20015,-0.0009005285036069882,-0.0019888387027670335,
faf899019af97045,reversal,24,1,0.03,0.08,1,0.01,stress,159.22,-40.78,7.05,74,49,0.2039,-0.0009194777132564712,-0.0020077011094025658,
faf899019af97045,reversal,24,1,0.03,0.08,1,0.025,stress,159.34,-40.66,6.84,30,17,0.2033,-0.0009164398491766796,-0.0028298699888413886,
faf899019af97045,reversal,24,1,0.03,0.08,1,0.05,stress,159.86,-40.14,5.56,15,12,0.2007,-0.0009033021546377565,-0.0031747904347420564,
2ebdfd310f91642c,reversal,24,1,0.03,0.08,3,0.005,costed,167.99,-32.01,4.69,123,67,0.2019,-0.0007032778738948147,-0.001776406594303641,nonpositive_simultaneous_lower_bound;nonpositive_stress_profit
2ebdfd310f91642c,reversal,24,1,0.03,0.08,3,0.01,costed,159.08,-40.92,5.12,64,29,0.2046,-0.0009230247830989784,-0.0024496014087325916,nonpositive_simultaneous_lower_bound;insufficient_release_days;nonpositive_stress_profit
2ebdfd310f91642c,reversal,24,1,0.03,0.08,3,0.025,costed,154.59,-45.41,4.85,29,13,0.2289,-0.0010384714336282013,-0.0035759877658677894,nonpositive_simultaneous_lower_bound;insufficient_release_days;nonpositive_stress_profit
2ebdfd310f91642c,reversal,24,1,0.03,0.08,3,0.05,costed,154.64,-45.36,3.17,9,6,0.2268,-0.0010371674663224243,-0.004457938280597315,nonpositive_simultaneous_lower_bound;insufficient_release_days;nonpositive_stress_profit
2ebdfd310f91642c,reversal,24,1,0.03,0.08,3,0.005,stress,167.26,-32.74,8.49,257,160,0.1637,-0.00072083822013975,-0.0021034222014646256,
2ebdfd310f91642c,reversal,24,1,0.03,0.08,3,0.01,stress,158.41,-41.59,3.89,64,41,0.20795,-0.0009400433784164389,-0.002256101442505781,
2ebdfd310f91642c,reversal,24,1,0.03,0.08,3,0.025,stress,159.6,-40.4,4.29,30,17,0.202,-0.000909865651340034,-0.0027333067124172905,
2ebdfd310f91642c,reversal,24,1,0.03,0.08,3,0.05,stress,152.48,-47.52,1.78,9,7,0.2376,-0.0010938868009763901,-0.004126099664621245,
43508337c849e546,reversal,24,1,0.03,0.08,,0.005,costed,160.46,-39.54,4.81,162,89,0.20015,-0.0008881962750908323,-0.0019316737936956457,nonpositive_simultaneous_lower_bound;nonpositive_stress_profit
43508337c849e546,reversal,24,1,0.03,0.08,,0.01,costed,159.34,-40.66,4.13,70,33,0.2033,-0.000916439849176681,-0.002460400179441677,nonpositive_simultaneous_lower_bound;insufficient_release_days;nonpositive_stress_profit
43508337c849e546,reversal,24,1,0.03,0.08,,0.025,costed,167.24,-32.76,2.83,24,13,0.22455,-0.0007213204034664207,-0.0032809423556183766,nonpositive_simultaneous_lower_bound;insufficient_release_days;nonpositive_stress_profit
43508337c849e546,reversal,24,1,0.03,0.08,,0.05,costed,148.48,-51.52,2.02,7,5,0.2576,-0.0012010770060892995,-0.0051130218504266975,nonpositive_simultaneous_lower_bound;insufficient_release_days;nonpositive_stress_profit
43508337c849e546,reversal,24,1,0.03,0.08,,0.005,stress,164.49,-35.51,7.27,255,168,0.18555,-0.0007881757599353619,-0.0022236829362625513,
43508337c849e546,reversal,24,1,0.03,0.08,,0.01,stress,156.19,-43.81,4.43,78,54,0.21905,-0.0009969522245096996,-0.0024440575233738385,
43508337c849e546,reversal,24,1,0.03,0.08,,0.025,stress,156.89,-43.11,3.73,31,19,0.21555,-0.000978921143964405,-0.003028246629797714,
43508337c849e546,reversal,24,1,0.03,0.08,,0.05,stress,152.26,-47.74,1.76,9,7,0.2387,-0.0010997087930240733,-0.004139292196926844,
0bcd65f6ef74eb3c,reversal,18,1,0.03,0.03,1,0.005,costed,176.99,-23.01,7.34,119,94,0.11505,-0.0004928392449410248,-0.0007862232683702347,nonpositive_simultaneous_lower_bound;nonpositive_stress_profit
0bcd65f6ef74eb3c,reversal,18,1,0.03,0.03,1,0.01,costed,159.97,-40.03,12.19,100,84,0.20015,-0.000900528503606986,-0.001523088874145663,nonpositive_simultaneous_lower_bound;nonpositive_stress_profit
0bcd65f6ef74eb3c,reversal,18,1,0.03,0.03,1,0.025,costed,159.13,-40.87,12.82,41,35,0.20435,-0.0009217576142175175,-0.001910566835585722,nonpositive_simultaneous_lower_bound;insufficient_release_days;nonpositive_stress_profit
0bcd65f6ef74eb3c,reversal,18,1,0.03,0.03,1,0.05,costed,157.58,-42.42,11.49,18,16,0.2121,-0.0009612262126229622,-0.0024982654540545643,nonpositive_simultaneous_lower_bound;insufficient_release_days;nonpositive_stress_profit
0bcd65f6ef74eb3c,reversal,18,1,0.03,0.03,1,0.005,stress,169.21,-30.79,6.18,113,91,0.15395,-0.0006741000784979899,-0.0010409110258908895,
0bcd65f6ef74eb3c,reversal,18,1,0.03,0.03,1,0.01,stress,159.79,-40.21,7.28,65,54,0.20105,-0.0009050681991804014,-0.0016475982768096938,
0bcd65f6ef74eb3c,reversal,18,1,0.03,0.03,1,0.025,stress,158.51,-41.49,7.64,30,25,0.20745,-0.0009374987247509482,-0.0020323742530104624,
0bcd65f6ef74eb3c,reversal,18,1,0.03,0.03,1,0.05,stress,159.43,-40.57,4.74,10,9,0.20285,-0.0009141629521321083,-0.002369527539785227,
b159e266789de3b7,reversal,18,1,0.03,0.03,3,0.005,costed,172.89,-27.11,6.89,119,94,0.13555,-0.0005873460178683555,-0.0009945484882717217,nonpositive_simultaneous_lower_bound;nonpositive_stress_profit
b159e266789de3b7,reversal,18,1,0.03,0.03,3,0.01,costed,159.69,-40.31,9.92,86,72,0.20155,-0.0009075924624808897,-0.0017337938531597733,nonpositive_simultaneous_lower_bound;nonpositive_stress_profit
b159e266789de3b7,reversal,18,1,0.03,0.03,3,0.025,costed,159.34,-40.66,10.08,36,30,0.2033,-0.0009164398491766784,-0.0023113336416658884,nonpositive_simultaneous_lower_bound;insufficient_release_days;nonpositive_stress_profit
b159e266789de3b7,reversal,18,1,0.03,0.03,3,0.05,costed,157.63,-42.37,10.14,17,14,0.21185,-0.0009599469835063944,-0.00296567992963363,nonpositive_simultaneous_lower_bound;insufficient_release_days;nonpositive_stress_profit
b159e266789de3b7,reversal,18,1,0.03,0.03,3,0.005,stress,175.38,-24.62,5.97,114,91,0.1367487684729064,-0.0005296867669226926,-0.001196649973538329,
b159e266789de3b7,reversal,18,1,0.03,0.03,3,0.01,stress,164.06,-35.94,8.88,84,70,0.2013435887450102,-0.0007987304515057772,-0.002052257364001018,
b159e266789de3b7,reversal,18,1,0.03,0.03,3,0.025,stress,165.41,-34.59,9.49,40,33,0.2153225806451613,-0.0007656859931205932,-0.003388280224155095,
b159e266789de3b7,reversal,18,1,0.03,0.03,3,0.05,stress,157.34,-42.66,4.02,10,9,0.2133,-0.0009673721679312106,-0.0025384467176481317,
52da5f43db0ccc95,reversal,18,1,0.03,0.03,,0.005,costed,174.27,-25.73,4.01,119,93,0.14194977843426884,-0.0005552884914334133,-0.0013906477353338711,nonpositive_simultaneous_lower_bound;nonpositive_stress_profit
52da5f43db0ccc95,reversal,18,1,0.03,0.03,,0.01,costed,162.7,-37.3,6.42,94,78,0.2022945675622671,-0.0008322957754961492,-0.002374917534146945,nonpositive_simultaneous_lower_bound;nonpositive_stress_profit
52da5f43db0ccc95,reversal,18,1,0.03,0.03,,0.025,costed,164.74,-35.26,5.92,34,29,0.20029126213592233,-0.0007820519880440865,-0.0038539639933320782,nonpositive_simultaneous_lower_bound;insufficient_release_days;nonpositive_stress_profit
52da5f43db0ccc95,reversal,18,1,0.03,0.03,,0.05,costed,153.71,-46.29,2.2,6,6,0.23145,-0.0010614905496419199,-0.003255071584607445,nonpositive_simultaneous_lower_bound;insufficient_release_days;nonpositive_stress_profit
52da5f43db0ccc95,reversal,18,1,0.03,0.03,,0.005,stress,182.34,-17.66,3.87,115,95,0.09315163873277962,-0.00037275923544871046,-0.0011424905968230115,
52da5f43db0ccc95,reversal,18,1,0.03,0.03,,0.01,stress,165.34,-34.66,7.84,116,96,0.17945409429280398,-0.0007673927690464055,-0.0023813411522355483,
52da5f43db0ccc95,reversal,18,1,0.03,0.03,,0.025,stress,159.12,-40.88,10.12,59,51,0.2044,-0.0009220110161383873,-0.0039695033490329285,
52da5f43db0ccc95,reversal,18,1,0.03,0.03,,0.05,stress,158.18,-41.82,2.28,7,7,0.2231,-0.0009459021832934093,-0.0027751434262981585,
07f51a7cefbe1ac0,reversal,18,1,0.03,0.08,1,0.005,costed,170.48,-29.52,9.17,151,111,0.1476,-0.0006439491078938504,-0.001012164878350157,nonpositive_simultaneous_lower_bound;nonpositive_stress_profit
07f51a7cefbe1ac0,reversal,18,1,0.03,0.08,1,0.01,costed,159.97,-40.03,12.6,100,81,0.20015,-0.0009005285036069836,-0.0016018862826999657,nonpositive_simultaneous_lower_bound;nonpositive_stress_profit
07f51a7cefbe1ac0,reversal,18,1,0.03,0.08,1,0.025,costed,159.93,-40.07,13.89,43,36,0.20035,-0.0009015368832470043,-0.0019616656832315473,nonpositive_simultaneous_lower_bound;insufficient_release_days;nonpositive_stress_profit
07f51a7cefbe1ac0,reversal,18,1,0.03,0.08,1,0.05,costed,158.89,-41.11,18.22,27,23,0.20555,-0.0009278436598700043,-0.0025132338640180274,nonpositive_simultaneous_lower_bound;insufficient_release_days;nonpositive_stress_profit
07f51a7cefbe1ac0,reversal,18,1,0.03,0.08,1,0.005,stress,162.14,-37.86,8.04,148,107,0.1893,-0.0008461984152761109,-0.0012778896487170926,
07f51a7cefbe1ac0,reversal,18,1,0.03,0.08,1,0.01,stress,159.12,-40.88,7.81,71,58,0.2044,-0.0009220110161383868,-0.001663776143045638,
07f51a7cefbe1ac0,reversal,18,1,0.03,0.08,1,0.025,stress,157.71,-42.29,7.79,28,22,0.21145,-0.0009579010606797185,-0.0022040089460163667,
07f51a7cefbe1ac0,reversal,18,1,0.03,0.08,1,0.05,stress,158.17,-41.83,5.41,10,10,0.20915,-0.0009461571071477385,-0.0024446650345292258,
67e383f54fbf02db,reversal,18,1,0.03,0.08,3,0.005,costed,162.82,-37.18,8.49,150,110,0.1859,-0.0008293228645250191,-0.0012792800308784413,nonpositive_simultaneous_lower_bound;nonpositive_stress_profit
67e383f54fbf02db,reversal,18,1,0.03,0.08,3,0.01,costed,158.81,-41.19,8.54,75,60,0.20595,-0.0009298743847801658,-0.0017075919228849235,nonpositive_simultaneous_lower_bound;nonpositive_stress_profit
67e383f54fbf02db,reversal,18,1,0.03,0.08,3,0.025,costed,157.22,-42.78,8.86,30,24,0.2139,-0.000970448662025913,-0.00228267054847215,nonpositive_simultaneous_lower_bound;insufficient_release_days;nonpositive_stress_profit
67e383f54fbf02db,reversal,18,1,0.03,0.08,3,0.05,costed,153.48,-46.52,9.09,15,14,0.2326,-0.0010675286337471165,-0.002785683682587313,nonpositive_simultaneous_lower_bound;insufficient_release_days;nonpositive_stress_profit
67e383f54fbf02db,reversal,18,1,0.03,0.08,3,0.005,stress,162.9,-37.1,7.81,149,109,0.1855,-0.000827342140887247,-0.0012998288588116657,
67e383f54fbf02db,reversal,18,1,0.03,0.08,3,0.01,stress,159.2,-40.8,8.33,78,65,0.204,-0.0009199842465232002,-0.0016818643761213324,
67e383f54fbf02db,reversal,18,1,0.03,0.08,3,0.025,stress,159.84,-40.16,7.49,28,22,0.2008,-0.0009038066598701344,-0.0020653898244008084,
67e383f54fbf02db,reversal,18,1,0.03,0.08,3,0.05,stress,154.1,-45.9,6.89,13,12,0.2295,-0.001051272678314382,-0.002621149180784827,
36d58c596bda6430,reversal,18,1,0.03,0.08,,0.005,costed,166.36,-33.64,4.87,150,112,0.1682,-0.0007425937567472822,-0.001572201830882858,nonpositive_simultaneous_lower_bound;nonpositive_stress_profit
36d58c596bda6430,reversal,18,1,0.03,0.08,,0.01,costed,159.54,-40.46,3.53,51,42,0.2023,-0.0009113818228429571,-0.002191088791797926,nonpositive_simultaneous_lower_bound;insufficient_release_days;nonpositive_stress_profit
36d58c596bda6430,reversal,18,1,0.03,0.08,,0.025,costed,158.36,-41.64,3.79,21,19,0.2082,-0.0009413163077020435,-0.0035519821439617396,nonpositive_simultaneous_lower_bound;insufficient_release_days;nonpositive_stress_profit
36d58c596bda6430,reversal,18,1,0.03,0.08,,0.05,costed,155.3,-44.7,2.25,6,6,0.2235,-0.0010199945015862712,-0.003733909565448959,nonpositive_simultaneous_lower_bound;insufficient_release_days;nonpositive_stress_profit
36d58c596bda6430,reversal,18,1,0.03,0.08,,0.005,stress,170.19,-29.81,4.76,149,111,0.14905,-0.0006508141392800457,-0.0013158543210118198,
36d58c596bda6430,reversal,18,1,0.03,0.08,,0.01,stress,162.7,-37.3,4.69,72,61,0.2001,-0.0008322957754961466,-0.0019388418809491697,
36d58c596bda6430,reversal,18,1,0.03,0.08,,0.025,stress,159.11,-40.89,2.37,14,13,0.20445,-0.0009222644339849666,-0.002514172201927453,
36d58c596bda6430,reversal,18,1,0.03,0.08,,0.05,stress,159.62,-40.38,2.48,7,7,0.2019,-0.0009093603875007,-0.0028980961639704333,
1aa1c3f6ffe252c5,reversal,12,1,0.03,0.03,1,0.005,costed,159.42,-40.58,5.69,121,84,0.20301954706793982,-0.0009144158772107216,-0.0014814172075386066,nonpositive_simultaneous_lower_bound;nonpositive_stress_profit
1aa1c3f6ffe252c5,reversal,12,1,0.03,0.03,1,0.01,costed,159.43,-40.57,5.05,55,40,0.20320855614973263,-0.0009141629521321067,-0.0019041990922179972,nonpositive_simultaneous_lower_bound;insufficient_release_days;nonpositive_stress_profit
1aa1c3f6ffe252c5,reversal,12,1,0.03,0.03,1,0.025,costed,159.64,-40.36,3.83,19,12,0.20303529529229694,-0.00090885518696574,-0.0026250040673517464,nonpositive_simultaneous_lower_bound;insufficient_release_days;nonpositive_stress_profit
1aa1c3f6ffe252c5,reversal,12,1,0.03,0.03,1,0.05,costed,157.56,-42.44,4.56,12,8,0.21467377760055825,-0.0009617380179247241,-0.003149627086833617,nonpositive_simultaneous_lower_bound;insufficient_release_days;nonpositive_stress_profit
1aa1c3f6ffe252c5,reversal,12,1,0.03,0.03,1,0.005,stress,159.64,-40.36,4.83,126,93,0.20187981201879812,-0.0009088551869657406,-0.001455360988705804,
1aa1c3f6ffe252c5,reversal,12,1,0.03,0.03,1,0.01,stress,159.01,-40.99,4.86,63,40,0.20510897820435914,-0.0009247994888053677,-0.0019481180338274584,
1aa1c3f6ffe252c5,reversal,12,1,0.03,0.03,1,0.025,stress,158.63,-41.37,4.12,24,14,0.2076819339693322,-0.0009344472585793266,-0.0024903617869577723,
1aa1c3f6ffe252c5,reversal,12,1,0.03,0.03,1,0.05,stress,160.0,-40.0,4.01,14,9,0.20211439684835186,-0.0008997723843314914,-0.00294509404095667,
47d0bbc5ae67b75b,reversal,12,1,0.03,0.03,3,0.005,costed,160.19,-39.81,3.47,94,62,0.20032947284345048,-0.0008949869186880827,-0.0016287195001738648,nonpositive_simultaneous_lower_bound;nonpositive_stress_profit
47d0bbc5ae67b75b,reversal,12,1,0.03,0.03,3,0.01,costed,160.35,-39.65,3.5,47,29,0.20215941884764654,-0.0008909614532615843,-0.0020103472640959014,nonpositive_simultaneous_lower_bound;insufficient_release_days;nonpositive_stress_profit
47d0bbc5ae67b75b,reversal,12,1,0.03,0.03,3,0.025,costed,159.79,-40.21,3.39,20,13,0.2127020102483248,-0.0009050681991804017,-0.002602866978997905,nonpositive_simultaneous_lower_bound;insufficient_release_days;nonpositive_stress_profit
47d0bbc5ae67b75b,reversal,12,1,0.03,0.03,3,0.05,costed,163.44,-36.56,4.29,14,8,0.20637078760804117,-0.0008139976453172186,-0.002832814236872326,nonpositive_simultaneous_lower_bound;insufficient_release_days;nonpositive_stress_profit
47d0bbc5ae67b75b,reversal,12,1,0.03,0.03,3,0.005,stress,159.63,-40.37,3.93,124,89,0.20185,-0.0009091077793211661,-0.0015232815064262328,
47d0bbc5ae67b75b,reversal,12,1,0.03,0.03,3,0.01,stress,159.4,-40.6,4.21,67,45,0.2044,-0.0009149217749674255,-0.0020705821441225573,
47d0bbc5ae67b75b,reversal,12,1,0.03,0.03,3,0.025,stress,159.16,-40.84,4.38,30,19,0.2042,-0.0009209975039891473,-0.002807021309209258,
47d0bbc5ae67b75b,reversal,12,1,0.03,0.03,3,0.05,stress,165.15,-34.85,5.33,19,14,0.2030594025961492,-0.0007720290915775722,-0.0026488795731184943,
64a24c5eb0b6634d,reversal,12,1,0.03,0.03,,0.005,costed,160.41,-39.59,3.24,102,74,0.20026921926413402,-0.0008894529391906767,-0.0016065431841209925,nonpositive_simultaneous_lower_bound;nonpositive_stress_profit
64a24c5eb0b6634d,reversal,12,1,0.03,0.03,,0.01,costed,161.03,-38.97,2.94,47,35,0.2017943888172896,-0.0008738979174118224,-0.0019822872522207127,nonpositive_simultaneous_lower_bound;insufficient_release_days;nonpositive_stress_profit
64a24c5eb0b6634d,reversal,12,1,0.03,0.03,,0.025,costed,162.46,-37.54,2.99,20,15,0.20843890079906452,-0.0008382481811501174,-0.0024259534022436375,nonpositive_simultaneous_lower_bound;insufficient_release_days;nonpositive_stress_profit
64a24c5eb0b6634d,reversal,12,1,0.03,0.03,,0.05,costed,166.55,-33.45,3.05,12,9,0.20875100954914722,-0.0007379911367272099,-0.0027005010249440977,nonpositive_simultaneous_lower_bound;insufficient_release_days;nonpositive_stress_profit
64a24c5eb0b6634d,reversal,12,1,0.03,0.03,,0.005,stress,159.82,-40.18,3.69,129,96,0.2009,-0.00090431122823274,-0.0014741094262749061,
64a24c5eb0b6634d,reversal,12,1,0.03,0.03,,0.01,stress,158.8,-41.2,4.13,77,57,0.206,-0.0009301282973185544,-0.002037912988965004,
64a24c5eb0b6634d,reversal,12,1,0.03,0.03,,0.025,stress,159.69,-40.31,3.46,26,20,0.20155,-0.0009075924624808906,-0.002813882412999357,
64a24c5eb0b6634d,reversal,12,1,0.03,0.03,,0.05,stress,157.71,-42.29,4.74,19,17,0.21145,-0.0009579010606797183,-0.003194902299769382,
0477db083307f24b,reversal,12,1,0.03,0.08,1,0.005,costed,159.89,-40.11,6.88,149,76,0.20086965213914434,-0.0009025455151238199,-0.0018709447696145958,nonpositive_simultaneous_lower_bound;nonpositive_stress_profit
0477db083307f24b,reversal,12,1,0.03,0.08,1,0.01,costed,158.77,-41.23,7.29,84,45,0.20710147822612865,-0.0009308901308815183,-0.0023702181145360034,nonpositive_simultaneous_lower_bound;insufficient_release_days;nonpositive_stress_profit
0477db083307f24b,reversal,12,1,0.03,0.08,1,0.025,costed,159.46,-40.54,4.66,23,14,0.20579739017830462,-0.0009134042720713196,-0.003104258072287403,nonpositive_simultaneous_lower_bound;insufficient_release_days;nonpositive_stress_profit
0477db083307f24b,reversal,12,1,0.03,0.08,1,0.05,costed,152.43,-47.57,5.89,15,11,0.24149084394904458,-0.0010952092430414782,-0.004022024699965161,nonpositive_simultaneous_lower_bound;insufficient_release_days;nonpositive_stress_profit
0477db083307f24b,reversal,12,1,0.03,0.08,1,0.005,stress,159.69,-40.31,4.97,133,63,0.20162983701629836,-0.0009075924624808919,-0.0018103542640167012,
0477db083307f24b,reversal,12,1,0.03,0.08,1,0.01,stress,158.75,-41.25,4.52,62,28,0.20640871825634874,-0.0009313980999001425,-0.002406549374494013,
0477db083307f24b,reversal,12,1,0.03,0.08,1,0.025,stress,158.96,-41.04,3.09,21,9,0.20603366465211528,-0.000926067614130949,-0.0033209965451951717,
0477db083307f24b,reversal,12,1,0.03,0.08,1,0.05,stress,160.31,-39.69,3.03,12,6,0.20056849349224554,-0.0008919674429292518,-0.0032892062945918646,
2fa3734dd1dae19a,reversal,12,1,0.03,0.08,3,0.005,costed,160.28,-39.72,5.83,152,73,0.20310247103863174,-0.0008927220999197301,-0.001997725143663283,nonpositive_simultaneous_lower_bound;nonpositive_stress_profit
2fa3734dd1dae19a,reversal,12,1,0.03,0.08,3,0.01,costed,163.08,-36.92,7.08,95,48,0.20015764323365684,-0.0008228890669233222,-0.00230011384455961,nonpositive_simultaneous_lower_bound;insufficient_release_days;nonpositive_stress_profit
2fa3734dd1dae19a,reversal,12,1,0.03,0.08,3,0.025,costed,167.18,-32.82,3.91,24,16,0.2002870126763932,-0.0007227672995041403,-0.0027970936042022373,nonpositive_simultaneous_lower_bound;insufficient_release_days;nonpositive_stress_profit
2fa3734dd1dae19a,reversal,12,1,0.03,0.08,3,0.05,costed,167.0,-33.0,5.06,18,12,0.21456118897563728,-0.0007271111053680712,-0.0033607444886864513,nonpositive_simultaneous_lower_bound;insufficient_release_days;nonpositive_stress_profit
2fa3734dd1dae19a,reversal,12,1,0.03,0.08,3,0.005,stress,159.78,-40.22,4.57,156,78,0.2011,-0.0009053205544118541,-0.0018480829240603634,
2fa3734dd1dae19a,reversal,12,1,0.03,0.08,3,0.01,stress,159.78,-40.22,5.03,83,41,0.2011,-0.0009053205544118601,-0.00237870480072869,
2fa3734dd1dae19a,reversal,12,1,0.03,0.08,3,0.025,stress,158.99,-41.01,3.62,28,14,0.20505,-0.0009253066910783014,-0.003037387080215669,
2fa3734dd1dae19a,reversal,12,1,0.03,0.08,3,0.05,stress,151.0,-49.0,3.43,14,9,0.245,-0.001133215845698034,-0.004176816814218529,
3a8e3d5125904605,reversal,12,1,0.03,0.08,,0.005,costed,162.75,-37.25,5.77,182,90,0.20000993097969114,-0.0008310567962070869,-0.0022570070515879137,nonpositive_simultaneous_lower_bound;nonpositive_stress_profit
3a8e3d5125904605,reversal,12,1,0.03,0.08,,0.01,costed,162.39,-37.61,7.23,118,60,0.20299386503067485,-0.0008399859559316164,-0.0031236511146439305,nonpositive_simultaneous_lower_bound;nonpositive_stress_profit
3a8e3d5125904605,reversal,12,1,0.03,0.08,,0.025,costed,166.24,-33.76,3.59,24,15,0.21336298679789903,-0.0007455033838593532,-0.002990688845087637,nonpositive_simultaneous_lower_bound;insufficient_release_days;nonpositive_stress_profit
3a8e3d5125904605,reversal,12,1,0.03,0.08,,0.05,costed,166.55,-33.45,4.78,18,12,0.21667764086163108,-0.0007379911367272093,-0.0033870497965336837,nonpositive_simultaneous_lower_bound;insufficient_release_days;nonpositive_stress_profit
3a8e3d5125904605,reversal,12,1,0.03,0.08,,0.005,stress,161.58,-38.42,4.37,161,81,0.2002,-0.0008601491552277166,-0.001798393780503902,
3a8e3d5125904605,reversal,12,1,0.03,0.08,,0.01,stress,159.86,-40.14,5.37,99,51,0.2007,-0.0009033021546377576,-0.002439310875815487,
3a8e3d5125904605,reversal,12,1,0.03,0.08,,0.025,stress,158.26,-41.74,3.46,28,14,0.2087,-0.0009438633724475374,-0.003051581524984372,
3a8e3d5125904605,reversal,12,1,0.03,0.08,,0.05,stress,150.98,-49.02,3.42,14,9,0.2451,-0.0011337499549861204,-0.00417875268335209,
2a01d92a8a580be6,reversal,6,1,0.03,0.03,1,0.005,costed,198.55,-1.45,0.19,4,4,0.00725,-2.9340358753129956e-05,-0.0001040217601052605,nonpositive_simultaneous_lower_bound;insufficient_release_days;nonpositive_stress_profit
2a01d92a8a580be6,reversal,6,1,0.03,0.03,1,0.01,costed,197.01,-2.99,0.37,4,4,0.01495,-6.07374099880877e-05,-0.00021098640514780398,nonpositive_simultaneous_lower_bound;insufficient_release_days;nonpositive_stress_profit
2a01d92a8a580be6,reversal,6,1,0.03,0.03,1,0.025,costed,192.39,-7.61,0.91,4,4,0.03805,-0.00015642259967401354,-0.0005451113817453723,nonpositive_simultaneous_lower_bound;insufficient_release_days;nonpositive_stress_profit
2a01d92a8a580be6,reversal,6,1,0.03,0.03,1,0.05,costed,186.83,-13.17,1.66,4,4,0.06585,-0.0002746703793398817,-0.0009233791559908897,nonpositive_simultaneous_lower_bound;insufficient_release_days;nonpositive_stress_profit
2a01d92a8a580be6,reversal,6,1,0.03,0.03,1,0.005,stress,198.81,-1.19,0.15,3,3,0.00595,-2.406359588625642e-05,-8.36886921161319e-05,
2a01d92a8a580be6,reversal,6,1,0.03,0.03,1,0.01,stress,197.59,-2.41,0.29,3,3,0.01205,-4.8883829848026504e-05,-0.0001702731823082088,
2a01d92a8a580be6,reversal,6,1,0.03,0.03,1,0.025,stress,193.78,-6.22,0.7,3,3,0.0311,-0.00012739464351281678,-0.0004354798801689324,
2a01d92a8a580be6,reversal,6,1,0.03,0.03,1,0.05,stress,188.25,-11.75,1.35,3,3,0.05875,-0.00024413911237110343,-0.0008373094614776872,
834cb726227c7c3c,reversal,6,1,0.03,0.03,3,0.005,costed,197.94,-2.06,0.14,4,4,0.0103,-4.1747629352788205e-05,-0.0001401179827506609,nonpositive_simultaneous_lower_bound;insufficient_release_days;nonpositive_stress_profit
834cb726227c7c3c,reversal,6,1,0.03,0.03,3,0.01,costed,195.63,-4.37,0.27,4,4,0.02185,-8.908163901135499e-05,-0.000292094089730242,nonpositive_simultaneous_lower_bound;insufficient_release_days;nonpositive_stress_profit
834cb726227c7c3c,reversal,6,1,0.03,0.03,3,0.025,costed,189.0,-11.0,0.65,4,4,0.055,-0.00022810625600159026,-0.0007548390244004589,nonpositive_simultaneous_lower_bound;insufficient_release_days;nonpositive_stress_profit
834cb726227c7c3c,reversal,6,1,0.03,0.03,3,0.05,costed,179.8,-20.2,1.16,4,4,0.101,-0.0004293235665746642,-0.0014223426119588276,nonpositive_simultaneous_lower_bound;insufficient_release_days;nonpositive_stress_profit
834cb726227c7c3c,reversal,6,1,0.03,0.03,3,0.005,stress,198.31,-1.69,0.11,3,3,0.00845,-3.421735342862189e-05,-0.00012010948415388589,
834cb726227c7c3c,reversal,6,1,0.03,0.03,3,0.01,stress,196.59,-3.41,0.21,3,3,0.01705,-6.934284205049013e-05,-0.00024284595677581282,
834cb726227c7c3c,reversal,6,1,0.03,0.03,3,0.025,stress,190.99,-9.01,0.51,3,3,0.04505,-0.00018587216085876404,-0.0006367745783687275,
834cb726227c7c3c,reversal,6,1,0.03,0.03,3,0.05,stress,182.67,-17.33,0.97,3,3,0.08665,-0.0003654682268525976,-0.001269179672886563,
a4d2da4d9f8cc38e,reversal,6,1,0.03,0.03,,0.005,costed,197.94,-2.06,0.14,4,4,0.0103,-4.1747629352788205e-05,-0.0001401179827506609,nonpositive_simultaneous_lower_bound;insufficient_release_days;nonpositive_stress_profit
a4d2da4d9f8cc38e,reversal,6,1,0.03,0.03,,0.01,costed,195.63,-4.37,0.27,4,4,0.02185,-8.908163901135499e-05,-0.000292094089730242,nonpositive_simultaneous_lower_bound;insufficient_release_days;nonpositive_stress_profit
a4d2da4d9f8cc38e,reversal,6,1,0.03,0.03,,0.025,costed,189.0,-11.0,0.65,4,4,0.055,-0.00022810625600159026,-0.0007548390244004589,nonpositive_simultaneous_lower_bound;insufficient_release_days;nonpositive_stress_profit
a4d2da4d9f8cc38e,reversal,6,1,0.03,0.03,,0.05,costed,179.8,-20.2,1.16,4,4,0.101,-0.0004293235665746642,-0.0014223426119588276,nonpositive_simultaneous_lower_bound;insufficient_release_days;nonpositive_stress_profit
a4d2da4d9f8cc38e,reversal,6,1,0.03,0.03,,0.005,stress,198.31,-1.69,0.11,3,3,0.00845,-3.421735342862189e-05,-0.00012010948415388589,
a4d2da4d9f8cc38e,reversal,6,1,0.03,0.03,,0.01,stress,196.59,-3.41,0.21,3,3,0.01705,-6.934284205049013e-05,-0.00024284595677581282,
a4d2da4d9f8cc38e,reversal,6,1,0.03,0.03,,0.025,stress,190.99,-9.01,0.51,3,3,0.04505,-0.00018587216085876404,-0.0006367745783687275,
a4d2da4d9f8cc38e,reversal,6,1,0.03,0.03,,0.05,stress,182.67,-17.33,0.97,3,3,0.08665,-0.0003654682268525976,-0.001269179672886563,
f267bcfc2690ce5f,reversal,6,1,0.03,0.08,1,0.005,costed,196.23,-3.77,0.54,12,11,0.01885,-7.673357220486121e-05,-0.00022315536339808544,nonpositive_simultaneous_lower_bound;insufficient_release_days;nonpositive_stress_profit
f267bcfc2690ce5f,reversal,6,1,0.03,0.08,1,0.01,costed,192.33,-7.67,1.0,12,11,0.03835,-0.00015768032209984294,-0.0004606763814135947,nonpositive_simultaneous_lower_bound;insufficient_release_days;nonpositive_stress_profit
f267bcfc2690ce5f,reversal,6,1,0.03,0.08,1,0.025,costed,180.46,-19.54,2.46,12,11,0.0977,-0.00041454927411968567,-0.0011959123386624455,nonpositive_simultaneous_lower_bound;insufficient_release_days;nonpositive_stress_profit
f267bcfc2690ce5f,reversal,6,1,0.03,0.08,1,0.05,costed,163.78,-36.22,4.65,12,11,0.1811,-0.000805618156072559,-0.002273034292759016,nonpositive_simultaneous_lower_bound;insufficient_release_days;nonpositive_stress_profit
f267bcfc2690ce5f,reversal,6,1,0.03,0.08,1,0.005,stress,197.07,-2.93,0.3,9,8,0.014896275931017246,-5.950956038526362e-05,-0.0001715628998978658,
f267bcfc2690ce5f,reversal,6,1,0.03,0.08,1,0.01,stress,193.68,-6.32,0.59,9,8,0.03213232722002898,-0.00012947602386384537,-0.0003732469724879932,
f267bcfc2690ce5f,reversal,6,1,0.03,0.08,1,0.025,stress,183.99,-16.01,1.49,9,8,0.08165710007486898,-0.00033643531549207534,-0.0009648935172295775,
f267bcfc2690ce5f,reversal,6,1,0.03,0.08,1,0.05,stress,169.32,-30.68,2.89,9,8,0.15639479846544765,-0.0006714796407069102,-0.0019210972735485333,
615a1ffb10992d4c,reversal,6,1,0.03,0.08,3,0.005,costed,195.07,-4.93,0.38,12,11,0.026062209795796095,-0.00010064071790804689,-0.000277996406196979,nonpositive_simultaneous_lower_bound;insufficient_release_days;nonpositive_stress_profit
615a1ffb10992d4c,reversal,6,1,0.03,0.08,3,0.01,costed,189.67,-10.33,0.71,12,11,0.05443940375891121,-0.00021383728448308724,-0.0005838514879265013,nonpositive_simultaneous_lower_bound;insufficient_release_days;nonpositive_stress_profit
615a1ffb10992d4c,reversal,6,1,0.03,0.08,3,0.025,costed,174.08,-25.92,1.7,12,11,0.13723546612479556,-0.0005596871083889463,-0.0015382763945116606,nonpositive_simultaneous_lower_bound;insufficient_release_days;nonpositive_stress_profit
615a1ffb10992d4c,reversal,6,1,0.03,0.08,3,0.05,costed,158.86,-41.14,2.72,11,10,0.21951459172644197,-0.0009286050618671395,-0.002740940699165737,nonpositive_simultaneous_lower_bound;insufficient_release_days;nonpositive_stress_profit
615a1ffb10992d4c,reversal,6,1,0.03,0.08,3,0.005,stress,196.69,-3.31,0.25,9,8,0.018219027652989918,-6.729226325094866e-05,-0.00019209550581567828,
615a1ffb10992d4c,reversal,6,1,0.03,0.08,3,0.01,stress,192.91,-7.09,0.5,9,8,0.03871835758421367,-0.00014553874051709197,-0.00041319669344220796,
615a1ffb10992d4c,reversal,6,1,0.03,0.08,3,0.025,stress,181.8,-18.2,1.21,9,8,0.1002672473522716,-0.0003847184871155573,-0.0010933344586205522,
615a1ffb10992d4c,reversal,6,1,0.03,0.08,3,0.05,stress,164.38,-35.62,2.35,9,8,0.1946893983931021,-0.0007908731686600106,-0.002233826263446202,
62fbce88ebf35b9c,reversal,6,1,0.03,0.08,,0.005,costed,195.07,-4.93,0.38,12,11,0.026062209795796095,-0.00010064071790804689,-0.000277996406196979,nonpositive_simultaneous_lower_bound;insufficient_release_days;nonpositive_stress_profit
62fbce88ebf35b9c,reversal,6,1,0.03,0.08,,0.01,costed,189.67,-10.33,0.71,12,11,0.05443940375891121,-0.00021383728448308724,-0.0005838514879265013,nonpositive_simultaneous_lower_bound;insufficient_release_days;nonpositive_stress_profit
62fbce88ebf35b9c,reversal,6,1,0.03,0.08,,0.025,costed,174.08,-25.92,1.7,12,11,0.13723546612479556,-0.0005596871083889463,-0.0015382763945116606,nonpositive_simultaneous_lower_bound;insufficient_release_days;nonpositive_stress_profit
62fbce88ebf35b9c,reversal,6,1,0.03,0.08,,0.05,costed,158.86,-41.14,2.72,11,10,0.21951459172644197,-0.0009286050618671395,-0.002740940699165737,nonpositive_simultaneous_lower_bound;insufficient_release_days;nonpositive_stress_profit
62fbce88ebf35b9c,reversal,6,1,0.03,0.08,,0.005,stress,196.69,-3.31,0.25,9,8,0.018219027652989918,-6.729226325094866e-05,-0.00019209550581567828,
62fbce88ebf35b9c,reversal,6,1,0.03,0.08,,0.01,stress,192.91,-7.09,0.5,9,8,0.03871835758421367,-0.00014553874051709197,-0.00041319669344220796,
62fbce88ebf35b9c,reversal,6,1,0.03,0.08,,0.025,stress,181.8,-18.2,1.21,9,8,0.1002672473522716,-0.0003847184871155573,-0.0010933344586205522,
62fbce88ebf35b9c,reversal,6,1,0.03,0.08,,0.05,stress,164.38,-35.62,2.35,9,8,0.1946893983931021,-0.0007908731686600106,-0.002233826263446202,
4a68c4b660af9bcd,reversal,24,1,0.08,0.03,1,0.005,costed,199.77,-0.23,2.04,38,35,0.033433326882136634,-4.63976515078957e-06,-0.0008201893636008829,nonpositive_simultaneous_lower_bound;insufficient_release_days;nonpositive_stress_profit
4a68c4b660af9bcd,reversal,24,1,0.08,0.03,1,0.01,costed,198.18,-1.82,4.21,38,35,0.06905298759864713,-3.686152386001295e-05,-0.0016651547738803867,nonpositive_simultaneous_lower_bound;insufficient_release_days;nonpositive_stress_profit
4a68c4b660af9bcd,reversal,24,1,0.08,0.03,1,0.025,costed,188.98,-11.02,10.6,38,35,0.17977430555555557,-0.00022853297255466531,-0.004145963894649383,nonpositive_simultaneous_lower_bound;insufficient_release_days;nonpositive_stress_profit
4a68c4b660af9bcd,reversal,24,1,0.08,0.03,1,0.05,costed,200.16,0.16,13.5,24,22,0.20308954094836168,3.224516816791124e-06,-0.007042508684054689,nonpositive_simultaneous_lower_bound;insufficient_release_days;nonpositive_stress_profit
4a68c4b660af9bcd,reversal,24,1,0.08,0.03,1,0.005,stress,194.08,-5.92,1.05,26,25,0.0303,-0.0001211569409366802,-0.00030958832982553084,
4a68c4b660af9bcd,reversal,24,1,0.08,0.03,1,0.01,stress,188.19,-11.81,2.12,26,25,0.06275,-0.0002454244990777229,-0.0006435286413065251,
4a68c4b660af9bcd,reversal,24,1,0.08,0.03,1,0.025,stress,170.27,-29.73,4.96,26,25,0.1572,-0.000648919169820502,-0.0017111732588815222,
4a68c4b660af9bcd,reversal,24,1,0.08,0.03,1,0.05,stress,157.43,-42.57,5.01,11,10,0.21285,-0.0009650663367802382,-0.0028509498698532517,
27233e53c8808efd,reversal,24,1,0.08,0.03,3,0.005,costed,199.34,-0.66,1.4,38,37,0.030824581874756903,-1.3328455680348749e-05,-0.0008524498506817795,nonpositive_simultaneous_lower_bound;insufficient_release_days;nonpositive_stress_profit
27233e53c8808efd,reversal,24,1,0.08,0.03,3,0.01,costed,198.02,-1.98,2.92,38,37,0.060224953727872434,-4.011826957124293e-05,-0.0017281122993513438,nonpositive_simultaneous_lower_bound;insufficient_release_days;nonpositive_stress_profit
27233e53c8808efd,reversal,24,1,0.08,0.03,3,0.025,costed,190.56,-9.44,7.18,38,37,0.14970327071527376,-0.0001949607296009946,-0.0042218780228227655,nonpositive_simultaneous_lower_bound;insufficient_release_days;nonpositive_stress_profit
27233e53c8808efd,reversal,24,1,0.08,0.03,3,0.05,costed,152.82,-47.18,3.93,9,9,0.2359,-0.0010849056787444196,-0.0027467753227953667,nonpositive_simultaneous_lower_bound;insufficient_release_days;nonpositive_stress_profit
27233e53c8808efd,reversal,24,1,0.08,0.03,3,0.005,stress,196.66,-3.34,0.78,26,25,0.01755,-6.790732740333158e-05,-0.0002506645040215098,
27233e53c8808efd,reversal,24,1,0.08,0.03,3,0.01,stress,193.82,-6.18,1.61,26,25,0.0382,-0.00012656239210335715,-0.0005437339959592497,
27233e53c8808efd,reversal,24,1,0.08,0.03,3,0.025,stress,184.64,-15.36,3.82,26,25,0.09505,-0.00032221525495283065,-0.0014366238807527443,
27233e53c8808efd,reversal,24,1,0.08,0.03,3,0.05,stress,169.65,-30.35,7.17,26,25,0.18795,-0.0006636285295072477,-0.0029604632093424253,
063c5dc9578f2cc4,reversal,24,1,0.08,0.03,,0.005,costed,200.55,0.55,1.21,38,36,0.030790283954840916,1.1073490596875655e-05,-0.0008517316116664707,nonpositive_simultaneous_lower_bound;insufficient_release_days;nonpositive_stress_profit
063c5dc9578f2cc4,reversal,24,1,0.08,0.03,,0.01,costed,200.62,0.62,2.44,38,36,0.06405,1.2480664948801668e-05,-0.0016925553509021469,nonpositive_simultaneous_lower_bound;insufficient_release_days;nonpositive_stress_profit
063c5dc9578f2cc4,reversal,24,1,0.08,0.03,,0.025,costed,197.87,-2.13,5.98,38,36,0.15685,-4.317385945035515e-05,-0.0042334601956613566,nonpositive_simultaneous_lower_bound;insufficient_release_days;nonpositive_stress_profit
063c5dc9578f2cc4,reversal,24,1,0.08,0.03,,0.05,costed,153.96,-46.04,2.27,6,5,0.2302,-0.0010549376537600456,-0.003097960302521386,nonpositive_simultaneous_lower_bound;insufficient_release_days;nonpositive_stress_profit
063c5dc9578f2cc4,reversal,24,1,0.08,0.03,,0.005,stress,197.15,-2.85,0.69,26,25,0.02045,-5.7873008969356195e-05,-0.00025693032378987815,
063c5dc9578f2cc4,reversal,24,1,0.08,0.03,,0.01,stress,195.03,-4.97,1.39,26,25,0.04175,-0.00010146763574011838,-0.0005487633608321899,
063c5dc9578f2cc4,reversal,24,1,0.08,0.03,,0.025,stress,188.27,-11.73,3.35,26,25,0.1048,-0.00024371074117506534,-0.0014686886360100102,
063c5dc9578f2cc4,reversal,24,1,0.08,0.03,,0.05,stress,159.16,-40.84,5.02,20,19,0.2042,-0.0009209975039891475,-0.003181183315595513,
e0c12a86f15277f7,reversal,24,1,0.08,0.08,1,0.005,costed,191.29,-8.71,4.03,74,64,0.05362885271854747,-0.00017954340880433215,-0.0009848225981066003,nonpositive_simultaneous_lower_bound;nonpositive_stress_profit
e0c12a86f15277f7,reversal,24,1,0.08,0.08,1,0.01,costed,180.53,-19.47,7.87,74,64,0.10875789889415483,-0.00041298547419141047,-0.0020039722710847143,nonpositive_simultaneous_lower_bound;nonpositive_stress_profit
e0c12a86f15277f7,reversal,24,1,0.08,0.08,1,0.025,costed,202.5,2.5,7.04,27,22,0.20605,5.0090806445793936e-05,-0.003750415630220392,nonpositive_simultaneous_lower_bound;insufficient_release_days;nonpositive_stress_profit
e0c12a86f15277f7,reversal,24,1,0.08,0.08,1,0.05,costed,158.16,-41.84,7.77,13,12,0.2092,-0.0009464120471196581,-0.0025217811482555965,nonpositive_simultaneous_lower_bound;insufficient_release_days;nonpositive_stress_profit
e0c12a86f15277f7,reversal,24,1,0.08,0.08,1,0.005,stress,186.3,-13.7,2.28,50,45,0.0685,-0.0002861253586310237,-0.0005702491789291721,
e0c12a86f15277f7,reversal,24,1,0.08,0.08,1,0.01,stress,171.34,-28.66,4.6,50,45,0.1433,-0.0006236591935973313,-0.0012296767171306431,
e0c12a86f15277f7,reversal,24,1,0.08,0.08,1,0.025,stress,159.58,-40.42,5.29,22,20,0.2021,-0.0009103709784996046,-0.0021707414537757617,
e0c12a86f15277f7,reversal,24,1,0.08,0.08,1,0.05,stress,157.15,-42.85,6.25,12,12,0.21425,-0.0009722443681631457,-0.002563968186425669,
5277d8b7fb52e00b,reversal,24,1,0.08,0.08,3,0.005,costed,194.1,-5.9,2.69,74,67,0.045581944239563355,-0.00012074143698819465,-0.0008764877280639293,nonpositive_simultaneous_lower_bound;nonpositive_stress_profit
5277d8b7fb52e00b,reversal,24,1,0.08,0.08,3,0.01,costed,187.65,-12.35,5.33,74,67,0.0900935848324686,-0.00025701145551212354,-0.0018033453989582415,nonpositive_simultaneous_lower_bound;nonpositive_stress_profit
5277d8b7fb52e00b,reversal,24,1,0.08,0.08,3,0.025,costed,170.94,-29.06,10.27,58,51,0.20292828499487084,-0.0006330836645571172,-0.004428981708391441,nonpositive_simultaneous_lower_bound;insufficient_release_days;nonpositive_stress_profit
5277d8b7fb52e00b,reversal,24,1,0.08,0.08,3,0.05,costed,158.48,-41.52,7.21,18,17,0.2076,-0.0009382619522489569,-0.0027649039901636746,nonpositive_simultaneous_lower_bound;insufficient_release_days;nonpositive_stress_profit
5277d8b7fb52e00b,reversal,24,1,0.08,0.08,3,0.005,stress,190.07,-9.93,1.6,50,46,0.05596082742080544,-0.00020534250477939711,-0.0005626691489280899,
5277d8b7fb52e00b,reversal,24,1,0.08,0.08,3,0.01,stress,180.36,-19.64,3.17,50,46,0.11205,-0.00041678432659335686,-0.0011956455281422257,
5277d8b7fb52e00b,reversal,24,1,0.08,0.08,3,0.025,stress,159.01,-40.99,4.73,30,26,0.20495,-0.0009247994888053672,-0.002745678454281838,
5277d8b7fb52e00b,reversal,24,1,0.08,0.08,3,0.05,stress,159.83,-40.17,5.99,19,17,0.2287313612893886,-0.0009040589361591712,-0.003657046280483494,
717030f7baa2a4f7,reversal,24,1,0.08,0.08,,0.005,costed,195.28,-4.72,2.32,74,67,0.0478183788042943,-9.630217928762999e-05,-0.0008806223799518936,nonpositive_simultaneous_lower_bound;nonpositive_stress_profit
717030f7baa2a4f7,reversal,24,1,0.08,0.08,,0.01,costed,191.56,-8.44,4.55,74,67,0.09200603318250378,-0.0001738560123936603,-0.0018227800154439608,nonpositive_simultaneous_lower_bound;nonpositive_stress_profit
717030f7baa2a4f7,reversal,24,1,0.08,0.08,,0.025,costed,167.45,-32.55,8.96,57,50,0.20299857210851976,-0.0007162603520476732,-0.004646707424232185,nonpositive_simultaneous_lower_bound;insufficient_release_days;nonpositive_stress_profit
717030f7baa2a4f7,reversal,24,1,0.08,0.08,,0.05,costed,162.3,-37.7,5.8,17,16,0.21160011658408628,-0.0008422213388205292,-0.0033759031511494996,nonpositive_simultaneous_lower_bound;insufficient_release_days;nonpositive_stress_profit
717030f7baa2a4f7,reversal,24,1,0.08,0.08,,0.005,stress,190.21,-9.79,1.48,50,46,0.05995,-0.0002023735547713188,-0.0005711615495913618,
717030f7baa2a4f7,reversal,24,1,0.08,0.08,,0.01,stress,180.45,-19.55,2.93,50,46,0.1223,-0.0004147727236259649,-0.0012225155077790054,
717030f7baa2a4f7,reversal,24,1,0.08,0.08,,0.025,stress,159.48,-40.52,4.01,26,22,0.2026,-0.0009128985646567842,-0.0026554626521316143,
717030f7baa2a4f7,reversal,24,1,0.08,0.08,,0.05,stress,156.66,-43.34,5.57,18,17,0.22850389047572145,-0.0009848367524554194,-0.003652817189155746,
bc5141165a88e8e1,reversal,18,1,0.08,0.03,1,0.005,costed,187.4,-12.6,3.88,56,51,0.063,-0.0002623870836440114,-0.0004965500541265329,nonpositive_simultaneous_lower_bound;insufficient_release_days;nonpositive_stress_profit
bc5141165a88e8e1,reversal,18,1,0.08,0.03,1,0.01,costed,174.34,-25.66,7.58,56,51,0.1283,-0.0005536691571153494,-0.001050120864995663,nonpositive_simultaneous_lower_bound;insufficient_release_days;nonpositive_stress_profit
bc5141165a88e8e1,reversal,18,1,0.08,0.03,1,0.025,costed,159.9,-40.1,12.83,37,33,0.2005,-0.0009022933335005155,-0.0020321140730375793,nonpositive_simultaneous_lower_bound;insufficient_release_days;nonpositive_stress_profit
bc5141165a88e8e1,reversal,18,1,0.08,0.03,1,0.05,costed,159.27,-40.73,15.5,22,21,0.20365,-0.0009182116584046246,-0.0020363868583987412,nonpositive_simultaneous_lower_bound;insufficient_release_days;nonpositive_stress_profit
bc5141165a88e8e1,reversal,18,1,0.08,0.03,1,0.005,stress,180.84,-19.16,3.23,52,48,0.0958,-0.00040606735532916293,-0.0007443948660838713,
bc5141165a88e8e1,reversal,18,1,0.08,0.03,1,0.01,stress,161.67,-38.33,6.14,52,48,0.19165,-0.0008579038142521023,-0.001548446508258978,
bc5141165a88e8e1,reversal,18,1,0.08,0.03,1,0.025,stress,158.46,-41.54,6.61,23,23,0.2077,-0.0009387708508505677,-0.0019337196390368503,
bc5141165a88e8e1,reversal,18,1,0.08,0.03,1,0.05,stress,157.79,-42.21,6.57,12,12,0.21105,-0.0009558561754050758,-0.002331462320281162,
5960a4e802a61fcf,reversal,18,1,0.08,0.03,3,0.005,costed,184.65,-15.35,3.67,56,52,0.07675,-0.0003219968760059049,-0.0006068425273514919,nonpositive_simultaneous_lower_bound;insufficient_release_days;nonpositive_stress_profit
5960a4e802a61fcf,reversal,18,1,0.08,0.03,3,0.01,costed,168.35,-31.65,6.95,56,52,0.15825,-0.0006946460521812622,-0.0013007745302691732,nonpositive_simultaneous_lower_bound;insufficient_release_days;nonpositive_stress_profit
5960a4e802a61fcf,reversal,18,1,0.08,0.03,3,0.025,costed,158.5,-41.5,8.23,26,24,0.2075,-0.0009377531178657324,-0.0021205685621961167,nonpositive_simultaneous_lower_bound;insufficient_release_days;nonpositive_stress_profit
5960a4e802a61fcf,reversal,18,1,0.08,0.03,3,0.05,costed,158.89,-41.11,7.56,13,13,0.20555,-0.000927843659870004,-0.0023429238258857238,nonpositive_simultaneous_lower_bound;insufficient_release_days;nonpositive_stress_profit
5960a4e802a61fcf,reversal,18,1,0.08,0.03,3,0.005,stress,183.24,-16.76,3.09,52,48,0.0845,-0.0003529056351995765,-0.0006688820962900085,
5960a4e802a61fcf,reversal,18,1,0.08,0.03,3,0.01,stress,167.01,-32.99,5.95,52,48,0.1668,-0.0007268696600181873,-0.0013880824984755617,
5960a4e802a61fcf,reversal,18,1,0.08,0.03,3,0.025,stress,158.47,-41.53,7.14,27,25,0.20765,-0.000938516393521451,-0.0023592785490420837,
5960a4e802a61fcf,reversal,18,1,0.08,0.03,3,0.05,stress,155.59,-44.41,4.12,10,10,0.22205,-0.001012471871859537,-0.00257112704758626,
3754c14b6365e716,reversal,18,1,0.08,0.03,,0.005,costed,183.1,-16.9,2.15,56,52,0.0845,-0.0003559875599498873,-0.0008236623728939949,nonpositive_simultaneous_lower_bound;insufficient_release_days;nonpositive_stress_profit
3754c14b6365e716,reversal,18,1,0.08,0.03,,0.01,costed,167.27,-32.73,4.02,56,52,0.16365,-0.0007205971500972567,-0.0017046239658534837,nonpositive_simultaneous_lower_bound;insufficient_release_days;nonpositive_stress_profit
3754c14b6365e716,reversal,18,1,0.08,0.03,,0.025,costed,159.2,-40.8,2.53,14,14,0.204,-0.0009199842465232021,-0.0021938198756307173,nonpositive_simultaneous_lower_bound;insufficient_release_days;nonpositive_stress_profit
3754c14b6365e716,reversal,18,1,0.08,0.03,,0.05,costed,159.95,-40.05,2.8,8,8,0.20025,-0.0009010326619052805,-0.002848904414793513,nonpositive_simultaneous_lower_bound;insufficient_release_days;nonpositive_stress_profit
3754c14b6365e716,reversal,18,1,0.08,0.03,,0.005,stress,188.5,-11.5,2.05,52,50,0.0575,-0.00023878774056439926,-0.0007525340915003529,
3754c14b6365e716,reversal,18,1,0.08,0.03,,0.01,stress,177.64,-22.36,3.95,52,50,0.1118,-0.00047805780695215716,-0.0015589910169727674,
3754c14b6365e716,reversal,18,1,0.08,0.03,,0.025,stress,159.9,-40.1,3.73,21,21,0.2005,-0.0009022933335005169,-0.0022446157449237383,
3754c14b6365e716,reversal,18,1,0.08,0.03,,0.05,stress,158.39,-41.61,2.61,8,8,0.20805,-0.0009405525019101121,-0.0027459763906454975,
a3c71086f24e4e79,reversal,18,1,0.08,0.08,1,0.005,costed,181.5,-18.5,5.56,81,73,0.0925,-0.00039137787436746194,-0.0006610739373907515,nonpositive_simultaneous_lower_bound;nonpositive_stress_profit
a3c71086f24e4e79,reversal,18,1,0.08,0.08,1,0.01,costed,163.55,-36.45,10.68,81,73,0.18225,-0.0008112847280792074,-0.0013718074859786615,nonpositive_simultaneous_lower_bound;nonpositive_stress_profit
a3c71086f24e4e79,reversal,18,1,0.08,0.08,1,0.025,costed,159.39,-40.61,13.23,38,35,0.20305,-0.0009151747476494972,-0.0019387208624677254,nonpositive_simultaneous_lower_bound;insufficient_release_days;nonpositive_stress_profit
a3c71086f24e4e79,reversal,18,1,0.08,0.08,1,0.05,costed,159.06,-40.94,15.72,23,22,0.2047,-0.0009235317621735779,-0.0023129594841487544,nonpositive_simultaneous_lower_bound;insufficient_release_days;nonpositive_stress_profit
a3c71086f24e4e79,reversal,18,1,0.08,0.08,1,0.005,stress,174.76,-25.24,4.45,76,67,0.1262,-0.0005439667841322644,-0.0008856235748839147,
a3c71086f24e4e79,reversal,18,1,0.08,0.08,1,0.01,stress,159.85,-40.15,5.91,52,46,0.20075,-0.0009035543993636555,-0.001661726729479483,
a3c71086f24e4e79,reversal,18,1,0.08,0.08,1,0.025,stress,158.19,-41.81,6.59,24,22,0.20905,-0.0009456472755546314,-0.0019148944973498528,
a3c71086f24e4e79,reversal,18,1,0.08,0.08,1,0.05,stress,157.65,-42.35,4.95,9,9,0.21175,-0.0009594354054716405,-0.002465599181834831,
fba506ca12340744,reversal,18,1,0.08,0.08,3,0.005,costed,177.46,-22.54,5.24,81,73,0.1127,-0.0004821457062130843,-0.0008073744628672968,nonpositive_simultaneous_lower_bound;nonpositive_stress_profit
fba506ca12340744,reversal,18,1,0.08,0.08,3,0.01,costed,159.61,-40.39,9.21,76,69,0.20195,-0.0009096130115063299,-0.001594244978988055,nonpositive_simultaneous_lower_bound;nonpositive_stress_profit
fba506ca12340744,reversal,18,1,0.08,0.08,3,0.025,costed,158.54,-41.46,7.35,25,23,0.2073,-0.0009367356416896232,-0.0022421650812413964,nonpositive_simultaneous_lower_bound;insufficient_release_days;nonpositive_stress_profit
fba506ca12340744,reversal,18,1,0.08,0.08,3,0.05,costed,154.76,-45.24,9.79,17,16,0.2262,-0.001034039664176308,-0.002779352628795198,nonpositive_simultaneous_lower_bound;insufficient_release_days;nonpositive_stress_profit
fba506ca12340744,reversal,18,1,0.08,0.08,3,0.005,stress,178.28,-21.72,4.4,76,65,0.1086,-0.00046355652608742596,-0.0007968628199141311,
fba506ca12340744,reversal,18,1,0.08,0.08,3,0.01,stress,159.22,-40.78,7.9,71,61,0.2039,-0.0009194777132564678,-0.0016410123116280284,
fba506ca12340744,reversal,18,1,0.08,0.08,3,0.025,stress,159.57,-40.43,7.49,29,26,0.20215,-0.0009106236658294393,-0.0019421369747973302,
fba506ca12340744,reversal,18,1,0.08,0.08,3,0.05,stress,156.08,-43.92,7.07,14,13,0.2196,-0.0009997930251337943,-0.0026188880904878193,
705b58b5db885d44,reversal,18,1,0.08,0.08,,0.005,costed,175.41,-24.59,3.04,81,75,0.12295,-0.0005289970794046284,-0.0012175956000147249,nonpositive_simultaneous_lower_bound;nonpositive_stress_profit
705b58b5db885d44,reversal,18,1,0.08,0.08,,0.01,costed,159.52,-40.48,4.8,65,61,0.2024,-0.000911887340058503,-0.0022869417632730205,nonpositive_simultaneous_lower_bound;nonpositive_stress_profit
705b58b5db885d44,reversal,18,1,0.08,0.08,,0.025,costed,158.73,-41.27,3.76,20,20,0.20635,-0.0009319061329188977,-0.0029094025402998376,nonpositive_simultaneous_lower_bound;insufficient_release_days;nonpositive_stress_profit
705b58b5db885d44,reversal,18,1,0.08,0.08,,0.05,costed,156.98,-43.02,4.44,13,13,0.2151,-0.0009766087010055198,-0.004326718621645733,nonpositive_simultaneous_lower_bound;insufficient_release_days;nonpositive_stress_profit
705b58b5db885d44,reversal,18,1,0.08,0.08,,0.005,stress,180.8,-19.2,2.79,76,70,0.10075,-0.00040695934915306673,-0.0010056721498207274,
705b58b5db885d44,reversal,18,1,0.08,0.08,,0.01,stress,159.9,-40.1,4.39,61,57,0.2005,-0.0009022933335005158,-0.002017834521665064,
705b58b5db885d44,reversal,18,1,0.08,0.08,,0.025,stress,157.61,-42.39,2.72,16,15,0.21195,-0.0009604586264539808,-0.002247632660834837,
705b58b5db885d44,reversal,18,1,0.08,0.08,,0.05,stress,155.13,-44.87,2.25,6,6,0.22435,-0.0010244108527088583,-0.0030171848869656815,
c57ff5e7fba77f35,reversal,12,1,0.08,0.03,1,0.005,costed,171.11,-28.89,4.28,87,70,0.14445,-0.0006290755725974109,-0.000992494654302687,nonpositive_simultaneous_lower_bound;nonpositive_stress_profit
c57ff5e7fba77f35,reversal,12,1,0.08,0.03,1,0.01,costed,159.34,-40.66,4.92,52,41,0.2033,-0.0009164398491766811,-0.0017630615606687866,nonpositive_simultaneous_lower_bound;insufficient_release_days;nonpositive_stress_profit
c57ff5e7fba77f35,reversal,12,1,0.08,0.03,1,0.025,costed,159.2,-40.8,4.36,20,16,0.204,-0.0009199842465232022,-0.002266794231549166,nonpositive_simultaneous_lower_bound;insufficient_release_days;nonpositive_stress_profit
c57ff5e7fba77f35,reversal,12,1,0.08,0.03,1,0.05,costed,155.64,-44.36,3.33,9,8,0.2218,-0.0010111762839987244,-0.002937655643473747,nonpositive_simultaneous_lower_bound;insufficient_release_days;nonpositive_stress_profit
c57ff5e7fba77f35,reversal,12,1,0.08,0.03,1,0.005,stress,171.15,-28.85,3.17,84,68,0.14454940770730246,-0.000628133070854202,-0.0009627405895561654,
c57ff5e7fba77f35,reversal,12,1,0.08,0.03,1,0.01,stress,159.67,-40.33,4.13,58,44,0.2022084540821425,-0.0009080975048243027,-0.001657469322370658,
c57ff5e7fba77f35,reversal,12,1,0.08,0.03,1,0.025,stress,158.47,-41.53,4.12,23,17,0.20942878523322525,-0.0009385163935214496,-0.002368606740545907,
c57ff5e7fba77f35,reversal,12,1,0.08,0.03,1,0.05,stress,155.49,-44.51,4.64,15,12,0.2261098944853673,-0.001015064297089967,-0.0029472284227105264,
6f4100cd62725a15,reversal,12,1,0.08,0.03,3,0.005,costed,164.94,-35.06,3.05,86,69,0.17775,-0.0007771596578339799,-0.0013405259480229774,nonpositive_simultaneous_lower_bound;nonpositive_stress_profit
6f4100cd62725a15,reversal,12,1,0.08,0.03,3,0.01,costed,159.66,-40.34,3.13,44,31,0.2017,-0.0009083500497192896,-0.0018042169571257731,nonpositive_simultaneous_lower_bound;insufficient_release_days;nonpositive_stress_profit
6f4100cd62725a15,reversal,12,1,0.08,0.03,3,0.025,costed,159.69,-40.31,3.02,17,11,0.20155,-0.0009075924624808912,-0.002369075593837554,nonpositive_simultaneous_lower_bound;insufficient_release_days;nonpositive_stress_profit
6f4100cd62725a15,reversal,12,1,0.08,0.03,3,0.05,costed,159.66,-40.34,2.71,9,7,0.2017,-0.0009083500497192905,-0.002834391853444469,nonpositive_simultaneous_lower_bound;insufficient_release_days;nonpositive_stress_profit
6f4100cd62725a15,reversal,12,1,0.08,0.03,3,0.005,stress,170.96,-29.04,2.61,84,70,0.14720407043447897,-0.0006326119174884877,-0.0010540838997829345,
6f4100cd62725a15,reversal,12,1,0.08,0.03,3,0.01,stress,161.37,-38.63,3.39,57,45,0.2004261222871866,-0.0008653931515918378,-0.0018230801903101697,
6f4100cd62725a15,reversal,12,1,0.08,0.03,3,0.025,stress,166.25,-33.75,4.51,30,22,0.20032184132247524,-0.0007452608347261014,-0.00244824883763993,
6f4100cd62725a15,reversal,12,1,0.08,0.03,3,0.05,stress,168.21,-31.79,5.0,18,16,0.2316371277178878,-0.0006980006763884915,-0.002954665972673272,
9e14823a1b563f3c,reversal,12,1,0.08,0.03,,0.005,costed,167.17,-32.83,2.73,87,73,0.1666,-0.0007230084993286172,-0.0013134856624983132,nonpositive_simultaneous_lower_bound;nonpositive_stress_profit
9e14823a1b563f3c,reversal,12,1,0.08,0.03,,0.01,costed,159.94,-40.06,2.73,43,33,0.2003,-0.0009012847646947285,-0.0018537873210950448,nonpositive_simultaneous_lower_bound;insufficient_release_days;nonpositive_stress_profit
9e14823a1b563f3c,reversal,12,1,0.08,0.03,,0.025,costed,159.57,-40.43,3.1,20,15,0.20215,-0.0009106236658294374,-0.0023574699284442894,nonpositive_simultaneous_lower_bound;insufficient_release_days;nonpositive_stress_profit
9e14823a1b563f3c,reversal,12,1,0.08,0.03,,0.05,costed,152.93,-47.07,3.86,13,10,0.23535,-0.0010820042991451792,-0.0032626228197727954,nonpositive_simultaneous_lower_bound;insufficient_release_days;nonpositive_stress_profit
9e14823a1b563f3c,reversal,12,1,0.08,0.03,,0.005,stress,171.75,-28.25,2.43,84,67,0.1429213034582564,-0.0006140219171192654,-0.0010132738549741072,
9e14823a1b563f3c,reversal,12,1,0.08,0.03,,0.01,stress,161.14,-38.86,3.27,60,46,0.20093226222354457,-0.0008711444120926892,-0.00178089315468488,
9e14823a1b563f3c,reversal,12,1,0.08,0.03,,0.025,stress,166.69,-33.31,3.69,27,20,0.21242181391712275,-0.0007346030911009683,-0.0024244697756142398,
9e14823a1b563f3c,reversal,12,1,0.08,0.03,,0.05,stress,174.76,-25.24,4.24,17,14,0.22178399449667507,-0.0005439667841322631,-0.00257681793155878,
480de0f648667a67,reversal,12,1,0.08,0.08,1,0.005,costed,160.01,-39.99,6.95,141,82,0.20014996250937267,-0.000899520376077632,-0.001831647930534404,nonpositive_simultaneous_lower_bound;nonpositive_stress_profit
480de0f648667a67,reversal,12,1,0.08,0.08,1,0.01,costed,160.12,-39.88,8.06,84,54,0.2,-0.0008967493242889664,-0.0021512555476508053,nonpositive_simultaneous_lower_bound;insufficient_release_days;nonpositive_stress_profit
480de0f648667a67,reversal,12,1,0.08,0.08,1,0.025,costed,158.94,-41.06,3.95,20,14,0.20716316655858732,-0.0009265749759516262,-0.0026556331167783354,nonpositive_simultaneous_lower_bound;insufficient_release_days;nonpositive_stress_profit
480de0f648667a67,reversal,12,1,0.08,0.08,1,0.05,costed,153.89,-46.11,4.48,12,9,0.23422571656050956,-0.0010567713914204694,-0.003470628871155042,nonpositive_simultaneous_lower_bound;insufficient_release_days;nonpositive_stress_profit
480de0f648667a67,reversal,12,1,0.08,0.08,1,0.005,stress,159.74,-40.26,4.59,132,78,0.20157944719348228,-0.0009063301333015917,-0.00161648264565656,
480de0f648667a67,reversal,12,1,0.08,0.08,1,0.01,stress,158.84,-41.16,4.74,64,36,0.20635555111422005,-0.0009291127430846213,-0.002177854233555299,
480de0f648667a67,reversal,12,1,0.08,0.08,1,0.025,stress,160.24,-39.76,3.54,24,14,0.20059865303068097,-0.0008937285289938459,-0.002762526286676947,
480de0f648667a67,reversal,12,1,0.08,0.08,1,0.05,stress,157.3,-42.7,3.61,15,9,0.21710133386422456,-0.0009683974051766307,-0.0036441534772854657,
270b4996aaec52b7,reversal,12,1,0.08,0.08,3,0.005,costed,160.52,-39.48,5.07,127,69,0.2006374184552562,-0.0008866887949569367,-0.0019939959567526373,nonpositive_simultaneous_lower_bound;nonpositive_stress_profit
270b4996aaec52b7,reversal,12,1,0.08,0.08,3,0.01,costed,161.48,-38.52,6.6,83,46,0.2006336319984159,-0.0008626454458197455,-0.002352822288099597,nonpositive_simultaneous_lower_bound;insufficient_release_days;nonpositive_stress_profit
270b4996aaec52b7,reversal,12,1,0.08,0.08,3,0.025,costed,163.86,-36.14,3.19,19,13,0.20491047600562862,-0.00080364903965471,-0.0025519280545809662,nonpositive_simultaneous_lower_bound;insufficient_release_days;nonpositive_stress_profit
270b4996aaec52b7,reversal,12,1,0.08,0.08,3,0.05,costed,169.34,-30.66,3.75,13,9,0.20355563916846958,-0.0006710033803786505,-0.0032438328081290475,nonpositive_simultaneous_lower_bound;insufficient_release_days;nonpositive_stress_profit
270b4996aaec52b7,reversal,12,1,0.08,0.08,3,0.005,stress,160.32,-39.68,4.18,153,97,0.200199551010227,-0.0008917159219820023,-0.001644162087363935,
270b4996aaec52b7,reversal,12,1,0.08,0.08,3,0.01,stress,160.74,-39.26,4.65,79,52,0.20271811914091564,-0.0008811661845300986,-0.0021616488825849296,
270b4996aaec52b7,reversal,12,1,0.08,0.08,3,0.025,stress,163.52,-36.48,3.83,29,18,0.20144552424671583,-0.0008120244335995849,-0.0026939159214741533,
270b4996aaec52b7,reversal,12,1,0.08,0.08,3,0.05,stress,160.03,-39.97,3.33,15,11,0.2067905824039653,-0.000899016406815071,-0.0036103536806189663,
0a6fa16b283bafd2,reversal,12,1,0.08,0.08,,0.005,costed,163.6,-36.4,5.18,161,98,0.20245697850143812,-0.0008100521870136706,-0.00204059631750112,nonpositive_simultaneous_lower_bound;nonpositive_stress_profit
0a6fa16b283bafd2,reversal,12,1,0.08,0.08,,0.01,costed,166.46,-33.54,6.49,96,57,0.20578271864115655,-0.0007401706702826079,-0.0028241939896762134,nonpositive_simultaneous_lower_bound;insufficient_release_days;nonpositive_stress_profit
0a6fa16b283bafd2,reversal,12,1,0.08,0.08,,0.025,costed,182.59,-17.41,3.97,27,17,0.211946237080887,-0.0003672345338685291,-0.0023641439979341567,nonpositive_simultaneous_lower_bound;insufficient_release_days;nonpositive_stress_profit
0a6fa16b283bafd2,reversal,12,1,0.08,0.08,,0.05,costed,164.89,-35.11,3.4,13,9,0.22448499670774152,-0.0007783821840127405,-0.0036811311473271455,nonpositive_simultaneous_lower_bound;insufficient_release_days;nonpositive_stress_profit
0a6fa16b283bafd2,reversal,12,1,0.08,0.08,,0.005,stress,159.49,-40.51,3.97,155,95,0.20402255826720567,-0.0009126457347313449,-0.0016707292186823354,
0a6fa16b283bafd2,reversal,12,1,0.08,0.08,,0.01,stress,160.64,-39.36,4.33,80,52,0.2025812856788285,-0.0008836755243736757,-0.0022073094521423745,
0a6fa16b283bafd2,reversal,12,1,0.08,0.08,,0.025,stress,158.88,-41.12,3.99,32,19,0.2224723500048938,-0.0009280974445611865,-0.002900452603192856,
0a6fa16b283bafd2,reversal,12,1,0.08,0.08,,0.05,stress,157.22,-42.78,3.09,16,10,0.2173436877737953,-0.0009704486620259121,-0.003708721042605633,
611cf0c88cd0f276,reversal,6,1,0.08,0.03,1,0.005,costed,199.87,-0.13,0.03,1,1,0.00065,-2.6218199257514353e-06,-1.2943598999513535e-05,nonpositive_simultaneous_lower_bound;insufficient_release_days;nonpositive_stress_profit
611cf0c88cd0f276,reversal,6,1,0.08,0.03,1,0.01,costed,199.62,-0.38,0.08,1,1,0.0019,-7.668577780630367e-06,-3.7858815059775845e-05,nonpositive_simultaneous_lower_bound;insufficient_release_days;nonpositive_stress_profit
611cf0c88cd0f276,reversal,6,1,0.08,0.03,1,0.025,costed,199.13,-0.87,0.17,1,1,0.00435,-1.7578583780051867e-05,-8.678328255634556e-05,nonpositive_simultaneous_lower_bound;insufficient_release_days;nonpositive_stress_profit
611cf0c88cd0f276,reversal,6,1,0.08,0.03,1,0.05,costed,198.14,-1.86,0.36,1,1,0.0093,-3.767546372238898e-05,-0.00018599908016320236,nonpositive_simultaneous_lower_bound;insufficient_release_days;nonpositive_stress_profit
611cf0c88cd0f276,reversal,6,1,0.08,0.03,1,0.005,stress,199.87,-0.13,0.03,1,1,0.00065,-2.6218199257514353e-06,-1.2943598999513535e-05,
611cf0c88cd0f276,reversal,6,1,0.08,0.03,1,0.01,stress,199.75,-0.25,0.05,1,1,0.00125,-5.043475409889526e-06,-2.4899011037459866e-05,
611cf0c88cd0f276,reversal,6,1,0.08,0.03,1,0.025,stress,199.15,-0.85,0.15,1,1,0.00425,-1.7173616614449275e-05,-8.47840100098044e-05,
611cf0c88cd0f276,reversal,6,1,0.08,0.03,1,0.05,stress,198.3,-1.7,0.3,1,1,0.0085,-3.442068960599329e-05,-0.00016993066502040885,
ecd1d4c7289606bd,reversal,6,1,0.08,0.03,3,0.005,costed,199.72,-0.28,0.02,1,1,0.0014,-5.649116595274598e-06,-2.788898626963282e-05,nonpositive_simultaneous_lower_bound;insufficient_release_days;nonpositive_stress_profit
ecd1d4c7289606bd,reversal,6,1,0.08,0.03,3,0.01,costed,199.17,-0.83,0.05,1,1,0.00415,-1.67686901163669e-05,-8.278493823375424e-05,nonpositive_simultaneous_lower_bound;insufficient_release_days;nonpositive_stress_profit
ecd1d4c7289606bd,reversal,6,1,0.08,0.03,3,0.025,costed,198.08,-1.92,0.1,1,1,0.0096,-3.889668166050585e-05,-0.00019202808128823852,nonpositive_simultaneous_lower_bound;insufficient_release_days;nonpositive_stress_profit
ecd1d4c7289606bd,reversal,6,1,0.08,0.03,3,0.05,costed,195.89,-4.11,0.21,1,1,0.02055,-8.372616674486942e-05,-0.0004133456754477114,nonpositive_simultaneous_lower_bound;insufficient_release_days;nonpositive_stress_profit
ecd1d4c7289606bd,reversal,6,1,0.08,0.03,3,0.005,stress,199.74,-0.26,0.02,1,1,0.0013,-5.245345697774474e-06,-2.589561954998007e-05,
ecd1d4c7289606bd,reversal,6,1,0.08,0.03,3,0.01,stress,199.49,-0.51,0.03,1,1,0.00255,-1.0295390273053584e-05,-5.082706174021636e-05,
ecd1d4c7289606bd,reversal,6,1,0.08,0.03,3,0.025,stress,198.23,-1.77,0.09,1,1,0.00885,-3.584433002385939e-05,-0.0001769590007605444,
ecd1d4c7289606bd,reversal,6,1,0.08,0.03,3,0.05,stress,196.46,-3.54,0.18,1,1,0.0177,-7.201015444077901e-05,-0.00035550517936785536,
3a08dd27b4652fdc,reversal,6,1,0.08,0.03,,0.005,costed,199.72,-0.28,0.02,1,1,0.0014,-5.649116595274598e-06,-2.788898626963282e-05,nonpositive_simultaneous_lower_bound;insufficient_release_days;nonpositive_stress_profit
3a08dd27b4652fdc,reversal,6,1,0.08,0.03,,0.01,costed,199.17,-0.83,0.05,1,1,0.00415,-1.67686901163669e-05,-8.278493823375424e-05,nonpositive_simultaneous_lower_bound;insufficient_release_days;nonpositive_stress_profit
3a08dd27b4652fdc,reversal,6,1,0.08,0.03,,0.025,costed,198.08,-1.92,0.1,1,1,0.0096,-3.889668166050585e-05,-0.00019202808128823852,nonpositive_simultaneous_lower_bound;insufficient_release_days;nonpositive_stress_profit
3a08dd27b4652fdc,reversal,6,1,0.08,0.03,,0.05,costed,195.89,-4.11,0.21,1,1,0.02055,-8.372616674486942e-05,-0.0004133456754477114,nonpositive_simultaneous_lower_bound;insufficient_release_days;nonpositive_stress_profit
3a08dd27b4652fdc,reversal,6,1,0.08,0.03,,0.005,stress,199.74,-0.26,0.02,1,1,0.0013,-5.245345697774474e-06,-2.589561954998007e-05,
3a08dd27b4652fdc,reversal,6,1,0.08,0.03,,0.01,stress,199.49,-0.51,0.03,1,1,0.00255,-1.0295390273053584e-05,-5.082706174021636e-05,
3a08dd27b4652fdc,reversal,6,1,0.08,0.03,,0.025,stress,198.23,-1.77,0.09,1,1,0.00885,-3.584433002385939e-05,-0.0001769590007605444,
3a08dd27b4652fdc,reversal,6,1,0.08,0.03,,0.05,stress,196.46,-3.54,0.18,1,1,0.0177,-7.201015444077901e-05,-0.00035550517936785536,
50a0340afb768c11,reversal,6,1,0.08,0.08,1,0.005,costed,198.68,-1.32,0.19,5,5,0.0066,-2.670111414873789e-05,-9.398132389519401e-05,nonpositive_simultaneous_lower_bound;insufficient_release_days;nonpositive_stress_profit
50a0340afb768c11,reversal,6,1,0.08,0.08,1,0.01,costed,197.05,-2.95,0.42,5,5,0.01475,-5.9918802044451305e-05,-0.00020605228471389436,nonpositive_simultaneous_lower_bound;insufficient_release_days;nonpositive_stress_profit
50a0340afb768c11,reversal,6,1,0.08,0.08,1,0.025,costed,192.64,-7.36,0.97,5,5,0.0368,-0.00015118630817572763,-0.0005274307757633078,nonpositive_simultaneous_lower_bound;insufficient_release_days;nonpositive_stress_profit
50a0340afb768c11,reversal,6,1,0.08,0.08,1,0.05,costed,185.3,-14.7,1.94,5,5,0.0735,-0.00030782755345452667,-0.001067734225032674,nonpositive_simultaneous_lower_bound;insufficient_release_days;nonpositive_stress_profit
50a0340afb768c11,reversal,6,1,0.08,0.08,1,0.005,stress,199.27,-0.73,0.08,3,3,0.00365,-1.4744667352999845e-05,-5.008764740148301e-05,
50a0340afb768c11,reversal,6,1,0.08,0.08,1,0.01,stress,198.53,-1.47,0.13,3,3,0.00735,-2.9746549754230365e-05,-0.00010083973903538455,
50a0340afb768c11,reversal,6,1,0.08,0.08,1,0.025,stress,195.99,-4.01,0.35,3,3,0.02005,-8.166826220672614e-05,-0.0002710864525602888,
50a0340afb768c11,reversal,6,1,0.08,0.08,1,0.05,stress,192.07,-7.93,0.7,3,3,0.03965,-0.00016313499044869357,-0.0005411814710654496,
ca608b120b37814e,reversal,6,1,0.08,0.08,3,0.005,costed,198.16,-1.84,0.14,5,5,0.0092,-3.72684732537608e-05,-0.00012653201438739015,nonpositive_simultaneous_lower_bound;insufficient_release_days;nonpositive_stress_profit
ca608b120b37814e,reversal,6,1,0.08,0.08,3,0.01,costed,195.59,-4.41,0.29,5,5,0.02205,-8.990618951052503e-05,-0.00030156859597389697,nonpositive_simultaneous_lower_bound;insufficient_release_days;nonpositive_stress_profit
ca608b120b37814e,reversal,6,1,0.08,0.08,3,0.025,costed,189.19,-10.81,0.67,5,5,0.05405,-0.00022405469939398688,-0.000752947504625413,nonpositive_simultaneous_lower_bound;insufficient_release_days;nonpositive_stress_profit
ca608b120b37814e,reversal,6,1,0.08,0.08,3,0.05,costed,178.42,-21.58,1.33,5,5,0.1079,-0.00046039131073548096,-0.0015490907271411866,nonpositive_simultaneous_lower_bound;insufficient_release_days;nonpositive_stress_profit
ca608b120b37814e,reversal,6,1,0.08,0.08,3,0.005,stress,199.14,-0.86,0.07,3,3,0.0043,-1.737609511330012e-05,-5.667057249844702e-05,
ca608b120b37814e,reversal,6,1,0.08,0.08,3,0.01,stress,198.27,-1.73,0.11,3,3,0.00865,-3.5030759667603e-05,-0.00011381902832927742,
ca608b120b37814e,reversal,6,1,0.08,0.08,3,0.025,stress,195.16,-4.84,0.29,3,3,0.0242,-9.878077258225917e-05,-0.00031963427332450665,
ca608b120b37814e,reversal,6,1,0.08,0.08,3,0.05,stress,190.27,-9.73,0.58,3,3,0.04865,-0.00020110181651502944,-0.0006506560880505288,
6de412b9fc5151cf,reversal,6,1,0.08,0.08,,0.005,costed,198.16,-1.84,0.14,5,5,0.0092,-3.72684732537608e-05,-0.00012653201438739015,nonpositive_simultaneous_lower_bound;insufficient_release_days;nonpositive_stress_profit
6de412b9fc5151cf,reversal,6,1,0.08,0.08,,0.01,costed,195.59,-4.41,0.29,5,5,0.02205,-8.990618951052503e-05,-0.00030156859597389697,nonpositive_simultaneous_lower_bound;insufficient_release_days;nonpositive_stress_profit
6de412b9fc5151cf,reversal,6,1,0.08,0.08,,0.025,costed,189.19,-10.81,0.67,5,5,0.05405,-0.00022405469939398688,-0.000752947504625413,nonpositive_simultaneous_lower_bound;insufficient_release_days;nonpositive_stress_profit
6de412b9fc5151cf,reversal,6,1,0.08,0.08,,0.05,costed,178.42,-21.58,1.33,5,5,0.1079,-0.00046039131073548096,-0.0015490907271411866,nonpositive_simultaneous_lower_bound;insufficient_release_days;nonpositive_stress_profit
6de412b9fc5151cf,reversal,6,1,0.08,0.08,,0.005,stress,199.14,-0.86,0.07,3,3,0.0043,-1.737609511330012e-05,-5.667057249844702e-05,
6de412b9fc5151cf,reversal,6,1,0.08,0.08,,0.01,stress,198.27,-1.73,0.11,3,3,0.00865,-3.5030759667603e-05,-0.00011381902832927742,
6de412b9fc5151cf,reversal,6,1,0.08,0.08,,0.025,stress,195.16,-4.84,0.29,3,3,0.0242,-9.878077258225917e-05,-0.00031963427332450665,
6de412b9fc5151cf,reversal,6,1,0.08,0.08,,0.05,stress,190.27,-9.73,0.58,3,3,0.04865,-0.00020110181651502944,-0.0006506560880505288,
415cc4059d2ffa17,reversal,24,1,0.15,0.03,1,0.005,costed,198.79,-1.21,0.2,4,4,0.00605,-2.4469255651640068e-05,-7.976398462085997e-05,nonpositive_simultaneous_lower_bound;insufficient_release_days;nonpositive_stress_profit
415cc4059d2ffa17,reversal,24,1,0.15,0.03,1,0.01,costed,197.09,-2.91,0.46,4,4,0.01455,-5.9100360256587386e-05,-0.0001950017288238572,nonpositive_simultaneous_lower_bound;insufficient_release_days;nonpositive_stress_profit
415cc4059d2ffa17,reversal,24,1,0.15,0.03,1,0.025,costed,192.09,-7.91,1.15,4,4,0.03955,-0.00016271513850490388,-0.0005409000574713727,nonpositive_simultaneous_lower_bound;insufficient_release_days;nonpositive_stress_profit
415cc4059d2ffa17,reversal,24,1,0.15,0.03,1,0.05,costed,183.67,-16.33,2.34,4,4,0.08165,-0.00034345442503061686,-0.0011369588133260595,nonpositive_simultaneous_lower_bound;insufficient_release_days;nonpositive_stress_profit
415cc4059d2ffa17,reversal,24,1,0.15,0.03,1,0.005,stress,198.76,-1.24,0.17,4,4,0.0062,-2.5077821830309952e-05,-9.281213728176907e-05,
415cc4059d2ffa17,reversal,24,1,0.15,0.03,1,0.01,stress,197.23,-2.77,0.37,4,4,0.01385,-5.623712150251892e-05,-0.00020664443905474305,
415cc4059d2ffa17,reversal,24,1,0.15,0.03,1,0.025,stress,192.91,-7.09,0.95,4,4,0.03545,-0.0001455387405170922,-0.0005219238096817807,
415cc4059d2ffa17,reversal,24,1,0.15,0.03,1,0.05,stress,185.49,-14.51,1.96,4,4,0.07255,-0.00030369513834455525,-0.001077181934244432,
8dfe25c680693e87,reversal,24,1,0.15,0.03,3,0.005,costed,199.35,-0.65,0.12,4,4,0.0049,-1.312618032529296e-05,-0.00010442044315392502,nonpositive_simultaneous_lower_bound;insufficient_release_days
8dfe25c680693e87,reversal,24,1,0.15,0.03,3,0.01,costed,198.7,-1.3,0.28,4,4,0.0098,-2.6295229799457395e-05,-0.00024809789025830254,nonpositive_simultaneous_lower_bound;insufficient_release_days
8dfe25c680693e87,reversal,24,1,0.15,0.03,3,0.025,costed,196.64,-3.36,0.71,4,4,0.0267,-6.831742229964498e-05,-0.0006765142022271563,nonpositive_simultaneous_lower_bound;insufficient_release_days
8dfe25c680693e87,reversal,24,1,0.15,0.03,3,0.05,costed,193.76,-6.24,1.46,4,4,0.05265,-0.00012781083364215488,-0.0014023191050466697,nonpositive_simultaneous_lower_bound;insufficient_release_days
8dfe25c680693e87,reversal,24,1,0.15,0.03,3,0.005,stress,200.28,0.28,0.11,4,4,0.0043339643319717045,5.641213361722894e-06,-7.992240443784866e-05,
8dfe25c680693e87,reversal,24,1,0.15,0.03,3,0.01,stress,200.89,0.89,0.24,4,4,0.009456381819982176,1.7903742040408467e-05,-0.0001825919468199663,
8dfe25c680693e87,reversal,24,1,0.15,0.03,3,0.025,stress,203.47,3.47,0.62,4,4,0.02370175694748625,6.935970693457731e-05,-0.0004692151594744625,
8dfe25c680693e87,reversal,24,1,0.15,0.03,3,0.05,stress,207.37,7.37,1.27,4,4,0.047567312234293814,0.0001459164143617439,-0.0009564427199873956,
51063754241b3984,reversal,24,1,0.15,0.03,,0.005,costed,199.35,-0.65,0.12,4,4,0.0049,-1.312618032529296e-05,-0.00010442044315392502,nonpositive_simultaneous_lower_bound;insufficient_release_days
51063754241b3984,reversal,24,1,0.15,0.03,,0.01,costed,198.7,-1.3,0.28,4,4,0.0098,-2.6295229799457395e-05,-0.00024809789025830254,nonpositive_simultaneous_lower_bound;insufficient_release_days
51063754241b3984,reversal,24,1,0.15,0.03,,0.025,costed,196.64,-3.36,0.71,4,4,0.0267,-6.831742229964498e-05,-0.0006765142022271563,nonpositive_simultaneous_lower_bound;insufficient_release_days
51063754241b3984,reversal,24,1,0.15,0.03,,0.05,costed,193.76,-6.24,1.46,4,4,0.05265,-0.00012781083364215488,-0.0014023191050466697,nonpositive_simultaneous_lower_bound;insufficient_release_days
51063754241b3984,reversal,24,1,0.15,0.03,,0.005,stress,200.28,0.28,0.11,4,4,0.0043339643319717045,5.641213361722894e-06,-7.992240443784866e-05,
51063754241b3984,reversal,24,1,0.15,0.03,,0.01,stress,200.89,0.89,0.24,4,4,0.009456381819982176,1.7903742040408467e-05,-0.0001825919468199663,
51063754241b3984,reversal,24,1,0.15,0.03,,0.025,stress,203.47,3.47,0.62,4,4,0.02370175694748625,6.935970693457731e-05,-0.0004692151594744625,
51063754241b3984,reversal,24,1,0.15,0.03,,0.05,stress,207.37,7.37,1.27,4,4,0.047567312234293814,0.0001459164143617439,-0.0009564427199873956,
7fe05cc08085c115,reversal,24,1,0.15,0.08,1,0.005,costed,196.32,-3.68,0.54,10,10,0.0184,-7.488461929611021e-05,-0.00018010381788250562,nonpositive_simultaneous_lower_bound;insufficient_release_days;nonpositive_stress_profit
7fe05cc08085c115,reversal,24,1,0.15,0.08,1,0.01,costed,191.91,-8.09,1.13,10,10,0.04045,-0.00016649538071726063,-0.00039493066150944004,nonpositive_simultaneous_lower_bound;insufficient_release_days;nonpositive_stress_profit
7fe05cc08085c115,reversal,24,1,0.15,0.08,1,0.025,costed,179.72,-20.28,2.64,10,10,0.1014,-0.0004311180739761182,-0.0010261086028790472,nonpositive_simultaneous_lower_bound;insufficient_release_days;nonpositive_stress_profit
7fe05cc08085c115,reversal,24,1,0.15,0.08,1,0.05,costed,160.42,-39.58,5.04,10,10,0.1979,-0.0008892015750373318,-0.0021147554943482163,nonpositive_simultaneous_lower_bound;insufficient_release_days;nonpositive_stress_profit
7fe05cc08085c115,reversal,24,1,0.15,0.08,1,0.005,stress,196.29,-3.71,0.41,9,9,0.01855,-7.550084273499879e-05,-0.00019304339936888773,
7fe05cc08085c115,reversal,24,1,0.15,0.08,1,0.01,stress,192.18,-7.82,0.84,9,9,0.0391,-0.00016082634556014035,-0.00040424236813737515,
7fe05cc08085c115,reversal,24,1,0.15,0.08,1,0.025,stress,180.4,-19.6,2.06,9,9,0.098,-0.00041589015693352166,-0.001039072435304512,
7fe05cc08085c115,reversal,24,1,0.15,0.08,1,0.05,stress,162.01,-37.99,3.94,9,9,0.18995,-0.0008494326807488303,-0.0021204543824291707,
6dbb43c6ea649264,reversal,24,1,0.15,0.08,3,0.005,costed,197.33,-2.67,0.38,10,10,0.01615,-5.4193195027025306e-05,-0.00020913588504980953,nonpositive_simultaneous_lower_bound;insufficient_release_days;nonpositive_stress_profit
6dbb43c6ea649264,reversal,24,1,0.15,0.08,3,0.01,costed,195.08,-4.92,0.78,10,10,0.0302,-0.00010043401494429325,-0.0004494612520381036,nonpositive_simultaneous_lower_bound;insufficient_release_days;nonpositive_stress_profit
6dbb43c6ea649264,reversal,24,1,0.15,0.08,3,0.025,costed,187.69,-12.31,1.87,10,10,0.0772,-0.0002561520196769284,-0.0011784170509630874,nonpositive_simultaneous_lower_bound;insufficient_release_days;nonpositive_stress_profit
6dbb43c6ea649264,reversal,24,1,0.15,0.08,3,0.05,costed,176.16,-23.84,3.59,10,10,0.1505,-0.0005117931192486555,-0.0023987006524924972,nonpositive_simultaneous_lower_bound;insufficient_release_days;nonpositive_stress_profit
6dbb43c6ea649264,reversal,24,1,0.15,0.08,3,0.005,stress,198.19,-1.81,0.29,9,9,0.0111,-3.665806456362991e-05,-0.00018756810977510412,
6dbb43c6ea649264,reversal,24,1,0.15,0.08,3,0.01,stress,197.05,-2.95,0.6,9,9,0.01885,-5.991880204445161e-05,-0.0004037253824829859,
6dbb43c6ea649264,reversal,24,1,0.15,0.08,3,0.025,stress,193.08,-6.92,1.49,9,9,0.0469,-0.00014198691836993807,-0.0010371580529764557,
6dbb43c6ea649264,reversal,24,1,0.15,0.08,3,0.05,stress,186.84,-13.16,2.9,9,9,0.09285,-0.0002744545601376188,-0.0020970577777086716,
12d76c054cafd6ab,reversal,24,1,0.15,0.08,,0.005,costed,197.04,-2.96,0.35,10,10,0.0176,-6.012343845062165e-05,-0.00022476763672635945,nonpositive_simultaneous_lower_bound;insufficient_release_days;nonpositive_stress_profit
12d76c054cafd6ab,reversal,24,1,0.15,0.08,,0.01,costed,194.49,-5.51,0.72,10,10,0.03315,-0.00011264765602025236,-0.0004804285193401111,nonpositive_simultaneous_lower_bound;insufficient_release_days;nonpositive_stress_profit
12d76c054cafd6ab,reversal,24,1,0.15,0.08,,0.025,costed,186.45,-13.55,1.73,10,10,0.0834,-0.00028288008033551087,-0.0012478675614432475,nonpositive_simultaneous_lower_bound;insufficient_release_days;nonpositive_stress_profit
12d76c054cafd6ab,reversal,24,1,0.15,0.08,,0.05,costed,173.69,-26.31,3.33,10,10,0.16285,-0.0005687309092020782,-0.002554818433159444,nonpositive_simultaneous_lower_bound;insufficient_release_days;nonpositive_stress_profit
12d76c054cafd6ab,reversal,24,1,0.15,0.08,,0.005,stress,198.19,-1.81,0.29,9,9,0.0111,-3.665806456362991e-05,-0.00018756810977510412,
12d76c054cafd6ab,reversal,24,1,0.15,0.08,,0.01,stress,197.05,-2.95,0.6,9,9,0.01885,-5.991880204445161e-05,-0.0004037253824829859,
12d76c054cafd6ab,reversal,24,1,0.15,0.08,,0.025,stress,193.08,-6.92,1.49,9,9,0.0469,-0.00014198691836993807,-0.0010371580529764557,
12d76c054cafd6ab,reversal,24,1,0.15,0.08,,0.05,stress,186.84,-13.16,2.9,9,9,0.09285,-0.0002744545601376188,-0.0020970577777086716,
f89812d8835c58ad,reversal,18,1,0.15,0.03,1,0.005,costed,193.91,-6.09,1.37,17,16,0.03045,-0.0001246904542480246,-0.00031336182881150414,nonpositive_simultaneous_lower_bound;insufficient_release_days;nonpositive_stress_profit
f89812d8835c58ad,reversal,18,1,0.15,0.03,1,0.01,costed,187.76,-12.24,2.59,17,16,0.0612,-0.0002546484476018904,-0.0006455349447693983,nonpositive_simultaneous_lower_bound;insufficient_release_days;nonpositive_stress_profit
f89812d8835c58ad,reversal,18,1,0.15,0.03,1,0.025,costed,170.1,-29.9,6.32,17,16,0.1495,-0.0006529470449444383,-0.001642655347725377,nonpositive_simultaneous_lower_bound;insufficient_release_days;nonpositive_stress_profit
f89812d8835c58ad,reversal,18,1,0.15,0.03,1,0.05,costed,158.52,-41.48,9.35,13,12,0.2074,-0.0009372443476846874,-0.00275890131004174,nonpositive_simultaneous_lower_bound;insufficient_release_days;nonpositive_stress_profit
f89812d8835c58ad,reversal,18,1,0.15,0.03,1,0.005,stress,188.92,-11.08,1.62,24,22,0.0554,-0.00022981339322629144,-0.0005158408398980797,
f89812d8835c58ad,reversal,18,1,0.15,0.03,1,0.01,stress,178.4,-21.6,2.97,24,22,0.10805,-0.0004608433322666425,-0.0010283276220772507,
f89812d8835c58ad,reversal,18,1,0.15,0.03,1,0.025,stress,159.27,-40.73,5.01,17,16,0.20365,-0.000918211658404624,-0.002130948616959813,
f89812d8835c58ad,reversal,18,1,0.15,0.03,1,0.05,stress,159.91,-40.09,5.36,9,9,0.20045,-0.000902041167647927,-0.0023103108048926533,
9462ab63dc510dcb,reversal,18,1,0.15,0.03,3,0.005,costed,193.81,-6.19,1.31,17,16,0.03095,-0.0001267704388523405,-0.00032626553007566626,nonpositive_simultaneous_lower_bound;insufficient_release_days;nonpositive_stress_profit
9462ab63dc510dcb,reversal,18,1,0.15,0.03,3,0.01,costed,187.42,-12.58,2.54,17,16,0.0629,-0.00026195676956596313,-0.0006803607511849342,nonpositive_simultaneous_lower_bound;insufficient_release_days;nonpositive_stress_profit
9462ab63dc510dcb,reversal,18,1,0.15,0.03,3,0.025,costed,169.0,-31.0,6.02,17,16,0.155,-0.0006791074662296897,-0.0017358699933506163,nonpositive_simultaneous_lower_bound;insufficient_release_days;nonpositive_stress_profit
9462ab63dc510dcb,reversal,18,1,0.15,0.03,3,0.05,costed,159.72,-40.28,6.4,10,10,0.2014,-0.0009068350175524842,-0.0024509617121404154,nonpositive_simultaneous_lower_bound;insufficient_release_days;nonpositive_stress_profit
9462ab63dc510dcb,reversal,18,1,0.15,0.03,3,0.005,stress,189.08,-10.92,1.53,24,22,0.0573,-0.00022639984122177712,-0.0005039817871554819,
9462ab63dc510dcb,reversal,18,1,0.15,0.03,3,0.01,stress,179.11,-20.89,2.8,24,22,0.1099,-0.00044482751738253744,-0.0010124339415828677,
9462ab63dc510dcb,reversal,18,1,0.15,0.03,3,0.025,stress,159.47,-40.53,5.01,18,16,0.20265,-0.0009131514104361116,-0.002169055757493006,
9462ab63dc510dcb,reversal,18,1,0.15,0.03,3,0.05,stress,158.25,-41.75,2.66,6,6,0.20875,-0.0009441181674344804,-0.0025203510965015356,
d7cd27e80d658f5f,reversal,18,1,0.15,0.03,,0.005,costed,190.33,-9.67,0.81,17,17,0.04835,-0.00019983047922719307,-0.0005136103021845521,nonpositive_simultaneous_lower_bound;insufficient_release_days;nonpositive_stress_profit
d7cd27e80d658f5f,reversal,18,1,0.15,0.03,,0.01,costed,181.06,-18.94,1.56,17,17,0.0947,-0.0004011649133094457,-0.0010611152658663995,nonpositive_simultaneous_lower_bound;insufficient_release_days;nonpositive_stress_profit
d7cd27e80d658f5f,reversal,18,1,0.15,0.03,,0.025,costed,157.46,-42.54,3.43,16,16,0.2127,-0.0009642980193214333,-0.002593520013363201,nonpositive_simultaneous_lower_bound;insufficient_release_days;nonpositive_stress_profit
d7cd27e80d658f5f,reversal,18,1,0.15,0.03,,0.05,costed,159.26,-40.74,1.93,5,5,0.2037,-0.0009184648375755555,-0.0026998752386106764,nonpositive_simultaneous_lower_bound;insufficient_release_days;nonpositive_stress_profit
d7cd27e80d658f5f,reversal,18,1,0.15,0.03,,0.005,stress,186.21,-13.79,1.11,24,24,0.07515,-0.00028807378005792626,-0.0006756927839309588,
d7cd27e80d658f5f,reversal,18,1,0.15,0.03,,0.01,stress,173.58,-26.42,2.01,24,24,0.1445,-0.0005712853964997486,-0.001371713865362873,
d7cd27e80d658f5f,reversal,18,1,0.15,0.03,,0.025,stress,157.29,-42.71,3.16,16,16,0.21355,-0.0009686537552237325,-0.0024585908669311606,
d7cd27e80d658f5f,reversal,18,1,0.15,0.03,,0.05,stress,158.25,-41.75,1.98,5,5,0.20875,-0.0009441181674344809,-0.0025810471263088587,
3f5787a84ad2922f,reversal,18,1,0.15,0.08,1,0.005,costed,189.95,-10.05,2.16,29,28,0.05025,-0.00020788906013871717,-0.00041922553391894786,nonpositive_simultaneous_lower_bound;insufficient_release_days;nonpositive_stress_profit
3f5787a84ad2922f,reversal,18,1,0.15,0.08,1,0.01,costed,179.79,-20.21,4.12,29,28,0.10105,-0.0004295478363299726,-0.0008645803901630203,nonpositive_simultaneous_lower_bound;insufficient_release_days;nonpositive_stress_profit
3f5787a84ad2922f,reversal,18,1,0.15,0.08,1,0.025,costed,158.99,-41.01,8.48,25,24,0.20505,-0.0009253066910783027,-0.0020017777983161716,nonpositive_simultaneous_lower_bound;insufficient_release_days;nonpositive_stress_profit
3f5787a84ad2922f,reversal,18,1,0.15,0.08,1,0.05,costed,154.31,-45.69,11.16,17,17,0.22845,-0.0010457814534875927,-0.002368204227802809,nonpositive_simultaneous_lower_bound;insufficient_release_days;nonpositive_stress_profit
3f5787a84ad2922f,reversal,18,1,0.15,0.08,1,0.005,stress,185.62,-14.38,2.16,34,32,0.0719,-0.0003008701345999596,-0.0006148824243041673,
3f5787a84ad2922f,reversal,18,1,0.15,0.08,1,0.01,stress,172.21,-27.79,4.01,34,32,0.139,-0.0006032367106097945,-0.00121733474760807,
3f5787a84ad2922f,reversal,18,1,0.15,0.08,1,0.025,stress,159.43,-40.57,5.56,20,19,0.20285,-0.0009141629521321079,-0.002093392318112923,
3f5787a84ad2922f,reversal,18,1,0.15,0.08,1,0.05,stress,158.78,-41.22,5.97,11,11,0.2061,-0.0009306361703672146,-0.0021071204024024517,
a2313f338f1d9e39,reversal,18,1,0.15,0.08,3,0.005,costed,190.64,-9.36,2.11,29,28,0.0468,-0.00019326828128044272,-0.0004282369593699313,nonpositive_simultaneous_lower_bound;insufficient_release_days;nonpositive_stress_profit
a2313f338f1d9e39,reversal,18,1,0.15,0.08,3,0.01,costed,181.16,-18.84,4.05,29,28,0.0942,-0.0003989384994355786,-0.0008801365756761098,nonpositive_simultaneous_lower_bound;insufficient_release_days;nonpositive_stress_profit
a2313f338f1d9e39,reversal,18,1,0.15,0.08,3,0.025,costed,159.74,-40.26,8.79,27,26,0.2013,-0.0009063301333015882,-0.0021005871697492547,nonpositive_simultaneous_lower_bound;insufficient_release_days;nonpositive_stress_profit
a2313f338f1d9e39,reversal,18,1,0.15,0.08,3,0.05,costed,153.95,-46.05,5.34,10,10,0.23025,-0.0010551995652319647,-0.0026776466441732873,nonpositive_simultaneous_lower_bound;insufficient_release_days;nonpositive_stress_profit
a2313f338f1d9e39,reversal,18,1,0.15,0.08,3,0.005,stress,187.11,-12.89,2.1,34,32,0.06715,-0.0002686318037979659,-0.0005755938628952747,
a2313f338f1d9e39,reversal,18,1,0.15,0.08,3,0.01,stress,175.72,-24.28,3.96,34,32,0.12685,-0.0005218772074211999,-0.0011529780279637722,
a2313f338f1d9e39,reversal,18,1,0.15,0.08,3,0.025,stress,158.83,-41.17,6.13,23,22,0.20585,-0.0009293666076652137,-0.002180709990783077,
a2313f338f1d9e39,reversal,18,1,0.15,0.08,3,0.05,stress,159.68,-40.32,3.52,8,8,0.2016,-0.0009078449757454954,-0.0024538468263034176,
01334bb59b1e8900,reversal,18,1,0.15,0.08,,0.005,costed,185.94,-14.06,1.28,29,29,0.0703,-0.00029392469967872803,-0.0007046790247748486,nonpositive_simultaneous_lower_bound;insufficient_release_days;nonpositive_stress_profit
01334bb59b1e8900,reversal,18,1,0.15,0.08,,0.01,costed,171.51,-28.49,2.37,29,29,0.14245,-0.0006196604540485771,-0.0014487085167885164,nonpositive_simultaneous_lower_bound;insufficient_release_days;nonpositive_stress_profit
01334bb59b1e8900,reversal,18,1,0.15,0.08,,0.025,costed,157.46,-42.54,3.44,18,18,0.2127,-0.0009642980193214354,-0.0025885084138550928,nonpositive_simultaneous_lower_bound;insufficient_release_days;nonpositive_stress_profit
01334bb59b1e8900,reversal,18,1,0.15,0.08,,0.05,costed,156.59,-43.41,2.39,7,7,0.21705,-0.0009866388789946993,-0.0032426774870744843,nonpositive_simultaneous_lower_bound;insufficient_release_days;nonpositive_stress_profit
01334bb59b1e8900,reversal,18,1,0.15,0.08,,0.005,stress,183.85,-16.15,1.41,34,34,0.08695,-0.00033950467258369053,-0.0007359259576713168,
01334bb59b1e8900,reversal,18,1,0.15,0.08,,0.01,stress,168.63,-31.37,2.63,34,34,0.16925,-0.0006879451647820292,-0.0015263778034331431,
01334bb59b1e8900,reversal,18,1,0.15,0.08,,0.025,stress,158.44,-41.56,3.22,18,18,0.2078,-0.0009392798136867783,-0.002236258782148464,
01334bb59b1e8900,reversal,18,1,0.15,0.08,,0.05,stress,157.94,-42.06,2.26,7,7,0.2103,-0.0009520248083814583,-0.00274767908772017,
d864ac4382c8c292,reversal,12,1,0.15,0.03,1,0.005,costed,190.58,-9.42,1.49,28,25,0.0471,-0.00019453755091933256,-0.0003925814864685417,nonpositive_simultaneous_lower_bound;insufficient_release_days;nonpositive_stress_profit
d864ac4382c8c292,reversal,12,1,0.15,0.03,1,0.01,costed,180.38,-19.62,2.83,28,25,0.0981,-0.00041633721697771983,-0.0008287354526227551,nonpositive_simultaneous_lower_bound;insufficient_release_days;nonpositive_stress_profit
d864ac4382c8c292,reversal,12,1,0.15,0.03,1,0.025,costed,159.63,-40.37,5.08,21,19,0.20185,-0.000909107779321166,-0.001977453491168971,nonpositive_simultaneous_lower_bound;insufficient_release_days;nonpositive_stress_profit
d864ac4382c8c292,reversal,12,1,0.15,0.03,1,0.05,costed,158.99,-41.01,4.59,10,10,0.20505,-0.0009253066910783029,-0.0022365073608478048,nonpositive_simultaneous_lower_bound;insufficient_release_days;nonpositive_stress_profit
d864ac4382c8c292,reversal,12,1,0.15,0.03,1,0.005,stress,190.16,-9.84,1.21,34,29,0.0492,-0.00020343364312942858,-0.00038522175237413233,
d864ac4382c8c292,reversal,12,1,0.15,0.03,1,0.01,stress,180.32,-19.68,2.34,34,29,0.0984,-0.0004176786945829448,-0.0008075440042102494,
d864ac4382c8c292,reversal,12,1,0.15,0.03,1,0.025,stress,159.71,-40.29,4.65,29,26,0.20145,-0.000907087483386367,-0.0018958618003633194,
d864ac4382c8c292,reversal,12,1,0.15,0.03,1,0.05,stress,159.65,-40.35,5.12,15,12,0.20175,-0.0009086026104324416,-0.002179409413755404,
d66150fd9371f242,reversal,12,1,0.15,0.03,3,0.005,costed,188.27,-11.73,1.03,28,28,0.0611,-0.00024371074117506556,-0.000580175671155812,nonpositive_simultaneous_lower_bound;insufficient_release_days;nonpositive_stress_profit
d66150fd9371f242,reversal,12,1,0.15,0.03,3,0.01,costed,175.58,-24.42,1.95,28,28,0.127,-0.0005250910768144112,-0.001213151855004801,nonpositive_simultaneous_lower_bound;insufficient_release_days;nonpositive_stress_profit
d66150fd9371f242,reversal,12,1,0.15,0.03,3,0.025,costed,156.91,-43.09,2.42,14,14,0.21545,-0.0009784071531333063,-0.0022496481295188955,nonpositive_simultaneous_lower_bound;insufficient_release_days;nonpositive_stress_profit
d66150fd9371f242,reversal,12,1,0.15,0.03,3,0.05,costed,154.43,-45.57,2.8,7,7,0.22785,-0.0010426469649722863,-0.0028285345552582523,nonpositive_simultaneous_lower_bound;insufficient_release_days;nonpositive_stress_profit
d66150fd9371f242,reversal,12,1,0.15,0.03,3,0.005,stress,190.2,-9.8,0.99,34,30,0.05514157973174367,-0.0002025855501481734,-0.0004773799400224779,
d66150fd9371f242,reversal,12,1,0.15,0.03,3,0.01,stress,181.07,-18.93,1.9,34,30,0.11008993954882784,-0.0004009422165947008,-0.00102837036958449,
d66150fd9371f242,reversal,12,1,0.15,0.03,3,0.025,stress,163.3,-36.7,3.31,25,22,0.21895925004782857,-0.0008174530910145866,-0.0023211633379880137,
d66150fd9371f242,reversal,12,1,0.15,0.03,3,0.05,stress,172.72,-27.28,3.9,14,12,0.20814230698697964,-0.0005913128239576,-0.0030650058780815094,
6adb28498e130189,reversal,12,1,0.15,0.03,,0.005,costed,187.6,-12.4,0.96,28,26,0.06445,-0.00025808600796738883,-0.000602567191565626,nonpositive_simultaneous_lower_bound;insufficient_release_days;nonpositive_stress_profit
6adb28498e130189,reversal,12,1,0.15,0.03,,0.01,costed,174.16,-25.84,1.82,28,26,0.1341,-0.0005578344742812281,-0.0012678417612871015,nonpositive_simultaneous_lower_bound;insufficient_release_days;nonpositive_stress_profit
6adb28498e130189,reversal,12,1,0.15,0.03,,0.025,costed,155.67,-44.33,2.3,14,13,0.22165,-0.0010103991310495115,-0.002325040685143884,nonpositive_simultaneous_lower_bound;insufficient_release_days;nonpositive_stress_profit
6adb28498e130189,reversal,12,1,0.15,0.03,,0.05,costed,158.25,-41.75,2.28,6,6,0.20875,-0.0009441181674344799,-0.002610442995257149,nonpositive_simultaneous_lower_bound;insufficient_release_days;nonpositive_stress_profit
6adb28498e130189,reversal,12,1,0.15,0.03,,0.005,stress,190.27,-9.73,0.96,34,28,0.05479384003974168,-0.0002011018165150306,-0.0004705803336507576,
6adb28498e130189,reversal,12,1,0.15,0.03,,0.01,stress,181.26,-18.74,1.86,34,28,0.10915614095444046,-0.00039671331419919794,-0.0010106849348618966,
6adb28498e130189,reversal,12,1,0.15,0.03,,0.025,stress,163.86,-36.14,3.26,25,21,0.21628084943562273,-0.00080364903965471,-0.002268264986236353,
6adb28498e130189,reversal,12,1,0.15,0.03,,0.05,stress,173.95,-26.05,3.83,14,12,0.20250320924261875,-0.0005626994554438942,-0.002951312432773648,
26b00bb88caaccac,reversal,12,1,0.15,0.08,1,0.005,costed,174.53,-25.47,4.99,106,84,0.13065351663678024,-0.0005492770964164959,-0.001094800971552178,nonpositive_simultaneous_lower_bound;nonpositive_stress_profit
26b00bb88caaccac,reversal,12,1,0.15,0.08,1,0.01,costed,158.9,-41.1,6.92,75,57,0.20625405864428792,-0.0009275898911506709,-0.0019934000939152707,nonpositive_simultaneous_lower_bound;insufficient_release_days;nonpositive_stress_profit
26b00bb88caaccac,reversal,12,1,0.15,0.08,1,0.025,costed,159.99,-40.01,9.46,39,32,0.2032370517928287,-0.0009000244083363541,-0.003042059375310022,nonpositive_simultaneous_lower_bound;insufficient_release_days;nonpositive_stress_profit
26b00bb88caaccac,reversal,12,1,0.15,0.08,1,0.05,costed,160.42,-39.58,5.17,12,10,0.20173168789808918,-0.000889201575037331,-0.00262718845296915,nonpositive_simultaneous_lower_bound;insufficient_release_days;nonpositive_stress_profit
26b00bb88caaccac,reversal,12,1,0.15,0.08,1,0.005,stress,162.89,-37.11,3.82,114,80,0.18555,-0.0008275896781392058,-0.0013013124392693605,
26b00bb88caaccac,reversal,12,1,0.15,0.08,1,0.01,stress,159.22,-40.78,3.91,61,43,0.2039,-0.0009194777132564693,-0.0017888027373040986,
26b00bb88caaccac,reversal,12,1,0.15,0.08,1,0.025,stress,158.05,-41.95,3.44,22,15,0.20975,-0.0009492174511548793,-0.0026812116094097884,
26b00bb88caaccac,reversal,12,1,0.15,0.08,1,0.05,stress,156.47,-43.53,3.14,11,7,0.21765,-0.0009897301138470597,-0.003254255852873201,
17c82ceb614e0e4a,reversal,12,1,0.15,0.08,3,0.005,costed,167.46,-32.54,3.68,106,85,0.16607738658433344,-0.0007160195555312522,-0.0014381955460355574,nonpositive_simultaneous_lower_bound;nonpositive_stress_profit
17c82ceb614e0e4a,reversal,12,1,0.15,0.08,3,0.01,costed,159.76,-40.24,4.18,56,42,0.20914806197712985,-0.0009058253122599875,-0.0023033234097386774,nonpositive_simultaneous_lower_bound;insufficient_release_days;nonpositive_stress_profit
17c82ceb614e0e4a,reversal,12,1,0.15,0.08,3,0.025,costed,161.34,-38.66,5.83,30,21,0.21713814352952593,-0.0008661428509645491,-0.0032216853046118247,nonpositive_simultaneous_lower_bound;insufficient_release_days;nonpositive_stress_profit
17c82ceb614e0e4a,reversal,12,1,0.15,0.08,3,0.05,costed,164.81,-35.19,4.42,13,11,0.22486125482080707,-0.0007803389971852743,-0.0029500218280009145,nonpositive_simultaneous_lower_bound;insufficient_release_days;nonpositive_stress_profit
17c82ceb614e0e4a,reversal,12,1,0.15,0.08,3,0.005,stress,167.11,-32.89,3.18,114,86,0.17307501241927473,-0.0007244560013417154,-0.0013385296254108765,
17c82ceb614e0e4a,reversal,12,1,0.15,0.08,3,0.01,stress,161.79,-38.21,3.78,66,51,0.20484592323192607,-0.0008549119698822262,-0.0019378326396742008,
17c82ceb614e0e4a,reversal,12,1,0.15,0.08,3,0.025,stress,166.14,-33.86,5.18,36,27,0.20537593265735604,-0.000747929677972223,-0.002779651339231418,
17c82ceb614e0e4a,reversal,12,1,0.15,0.08,3,0.05,stress,168.96,-31.04,3.36,12,8,0.22538052448193654,-0.0006800619597989517,-0.0030372864375446955,
0a0301e055867efd,reversal,12,1,0.15,0.08,,0.005,costed,172.19,-27.81,3.28,106,85,0.15060181531176006,-0.0006037050332658966,-0.0013135650899014455,nonpositive_simultaneous_lower_bound;nonpositive_stress_profit
0a0301e055867efd,reversal,12,1,0.15,0.08,,0.01,costed,163.94,-36.06,4.12,61,46,0.20169458511881574,-0.0008016808843675475,-0.0021710180826909928,nonpositive_simultaneous_lower_bound;insufficient_release_days;nonpositive_stress_profit
0a0301e055867efd,reversal,12,1,0.15,0.08,,0.025,costed,170.56,-29.44,5.76,33,26,0.20258076581420356,-0.0006420573611715988,-0.003165718841680221,nonpositive_simultaneous_lower_bound;insufficient_release_days;nonpositive_stress_profit
0a0301e055867efd,reversal,12,1,0.15,0.08,,0.05,costed,214.21,14.21,4.35,14,11,0.21601918916376633,0.000276772079502775,-0.0026344546708472576,nonpositive_simultaneous_lower_bound;insufficient_release_days;nonpositive_stress_profit
0a0301e055867efd,reversal,12,1,0.15,0.08,,0.005,stress,167.33,-32.67,3.05,114,86,0.17198211624441131,-0.0007191510324256219,-0.0013220523192060533,
0a0301e055867efd,reversal,12,1,0.15,0.08,,0.01,stress,162.65,-37.35,3.57,66,51,0.20061925590996216,-0.0008335351355995027,-0.0018830522218020746,
0a0301e055867efd,reversal,12,1,0.15,0.08,,0.025,stress,161.93,-38.07,5.12,38,29,0.22551176583126076,-0.0008514242881558757,-0.00277955556211407,
0a0301e055867efd,reversal,12,1,0.15,0.08,,0.05,stress,180.72,-19.28,3.22,12,8,0.2054832202457363,-0.0004087439289850356,-0.0020825877926411527,
bb2b255aafd93ca7,reversal,6,1,0.15,0.03,1,0.005,costed,200.0,0.0,0.0,0,0,0.0,0.0,,nonpositive_simultaneous_lower_bound;insufficient_release_days;nonpositive_stress_profit
bb2b255aafd93ca7,reversal,6,1,0.15,0.03,1,0.01,costed,200.0,0.0,0.0,0,0,0.0,0.0,,nonpositive_simultaneous_lower_bound;insufficient_release_days;nonpositive_stress_profit
bb2b255aafd93ca7,reversal,6,1,0.15,0.03,1,0.025,costed,200.0,0.0,0.0,0,0,0.0,0.0,,nonpositive_simultaneous_lower_bound;insufficient_release_days;nonpositive_stress_profit
bb2b255aafd93ca7,reversal,6,1,0.15,0.03,1,0.05,costed,200.0,0.0,0.0,0,0,0.0,0.0,,nonpositive_simultaneous_lower_bound;insufficient_release_days;nonpositive_stress_profit
bb2b255aafd93ca7,reversal,6,1,0.15,0.03,1,0.005,stress,200.0,0.0,0.0,0,0,0.0,0.0,,
bb2b255aafd93ca7,reversal,6,1,0.15,0.03,1,0.01,stress,200.0,0.0,0.0,0,0,0.0,0.0,,
bb2b255aafd93ca7,reversal,6,1,0.15,0.03,1,0.025,stress,200.0,0.0,0.0,0,0,0.0,0.0,,
bb2b255aafd93ca7,reversal,6,1,0.15,0.03,1,0.05,stress,200.0,0.0,0.0,0,0,0.0,0.0,,
0f58bb90aa1b5590,reversal,6,1,0.15,0.03,3,0.005,costed,200.0,0.0,0.0,0,0,0.0,0.0,,nonpositive_simultaneous_lower_bound;insufficient_release_days;nonpositive_stress_profit
0f58bb90aa1b5590,reversal,6,1,0.15,0.03,3,0.01,costed,200.0,0.0,0.0,0,0,0.0,0.0,,nonpositive_simultaneous_lower_bound;insufficient_release_days;nonpositive_stress_profit
0f58bb90aa1b5590,reversal,6,1,0.15,0.03,3,0.025,costed,200.0,0.0,0.0,0,0,0.0,0.0,,nonpositive_simultaneous_lower_bound;insufficient_release_days;nonpositive_stress_profit
0f58bb90aa1b5590,reversal,6,1,0.15,0.03,3,0.05,costed,200.0,0.0,0.0,0,0,0.0,0.0,,nonpositive_simultaneous_lower_bound;insufficient_release_days;nonpositive_stress_profit
0f58bb90aa1b5590,reversal,6,1,0.15,0.03,3,0.005,stress,200.0,0.0,0.0,0,0,0.0,0.0,,
0f58bb90aa1b5590,reversal,6,1,0.15,0.03,3,0.01,stress,200.0,0.0,0.0,0,0,0.0,0.0,,
0f58bb90aa1b5590,reversal,6,1,0.15,0.03,3,0.025,stress,200.0,0.0,0.0,0,0,0.0,0.0,,
0f58bb90aa1b5590,reversal,6,1,0.15,0.03,3,0.05,stress,200.0,0.0,0.0,0,0,0.0,0.0,,
5cff8570cff0e764,reversal,6,1,0.15,0.03,,0.005,costed,200.0,0.0,0.0,0,0,0.0,0.0,,nonpositive_simultaneous_lower_bound;insufficient_release_days;nonpositive_stress_profit
5cff8570cff0e764,reversal,6,1,0.15,0.03,,0.01,costed,200.0,0.0,0.0,0,0,0.0,0.0,,nonpositive_simultaneous_lower_bound;insufficient_release_days;nonpositive_stress_profit
5cff8570cff0e764,reversal,6,1,0.15,0.03,,0.025,costed,200.0,0.0,0.0,0,0,0.0,0.0,,nonpositive_simultaneous_lower_bound;insufficient_release_days;nonpositive_stress_profit
5cff8570cff0e764,reversal,6,1,0.15,0.03,,0.05,costed,200.0,0.0,0.0,0,0,0.0,0.0,,nonpositive_simultaneous_lower_bound;insufficient_release_days;nonpositive_stress_profit
5cff8570cff0e764,reversal,6,1,0.15,0.03,,0.005,stress,200.0,0.0,0.0,0,0,0.0,0.0,,
5cff8570cff0e764,reversal,6,1,0.15,0.03,,0.01,stress,200.0,0.0,0.0,0,0,0.0,0.0,,
5cff8570cff0e764,reversal,6,1,0.15,0.03,,0.025,stress,200.0,0.0,0.0,0,0,0.0,0.0,,
5cff8570cff0e764,reversal,6,1,0.15,0.03,,0.05,stress,200.0,0.0,0.0,0,0,0.0,0.0,,
9afca4ad2fa5a4d8,reversal,6,1,0.15,0.08,1,0.005,costed,199.04,-0.96,0.12,2,2,0.0048,-1.940143950492783e-05,-8.032526038531375e-05,nonpositive_simultaneous_lower_bound;insufficient_release_days;nonpositive_stress_profit
9afca4ad2fa5a4d8,reversal,6,1,0.15,0.08,1,0.01,costed,197.88,-2.12,0.27,2,2,0.0106,-4.297008140535802e-05,-0.0001747497828098434,nonpositive_simultaneous_lower_bound;insufficient_release_days;nonpositive_stress_profit
9afca4ad2fa5a4d8,reversal,6,1,0.15,0.08,1,0.025,costed,194.63,-5.37,0.63,2,2,0.02685,-0.00010974615440948795,-0.0004511949986563239,nonpositive_simultaneous_lower_bound;insufficient_release_days;nonpositive_stress_profit
9afca4ad2fa5a4d8,reversal,6,1,0.15,0.08,1,0.05,costed,189.28,-10.72,1.24,2,2,0.0536,-0.00022213696095951623,-0.0009126447085310994,nonpositive_simultaneous_lower_bound;insufficient_release_days;nonpositive_stress_profit
9afca4ad2fa5a4d8,reversal,6,1,0.15,0.08,1,0.005,stress,199.62,-0.38,0.03,1,1,0.0019,-7.668577780630367e-06,-3.761680570452976e-05,
9afca4ad2fa5a4d8,reversal,6,1,0.15,0.08,1,0.01,stress,199.25,-0.75,0.05,1,1,0.00375,-1.5149390635936645e-05,-7.431256491046605e-05,
9afca4ad2fa5a4d8,reversal,6,1,0.15,0.08,1,0.025,stress,198.08,-1.92,0.12,1,1,0.0096,-3.889668166050585e-05,-0.00019080055760403616,
9afca4ad2fa5a4d8,reversal,6,1,0.15,0.08,1,0.05,stress,196.16,-3.84,0.24,1,1,0.0192,-7.817223306528265e-05,-0.0003834595914425523,
5af67c09b0b59850,reversal,6,1,0.15,0.08,3,0.005,costed,198.49,-1.51,0.09,2,2,0.00755,-3.055905453044516e-05,-0.00011367589795610334,nonpositive_simultaneous_lower_bound;insufficient_release_days;nonpositive_stress_profit
5af67c09b0b59850,reversal,6,1,0.15,0.08,3,0.01,costed,196.51,-3.49,0.19,2,2,0.01745,-7.098405624339083e-05,-0.00026489116069249404,nonpositive_simultaneous_lower_bound;insufficient_release_days;nonpositive_stress_profit
5af67c09b0b59850,reversal,6,1,0.15,0.08,3,0.025,costed,191.33,-8.67,0.45,2,2,0.04335,-0.00017870032520615035,-0.0006655585598891622,nonpositive_simultaneous_lower_bound;insufficient_release_days;nonpositive_stress_profit
5af67c09b0b59850,reversal,6,1,0.15,0.08,3,0.05,costed,182.67,-17.33,0.89,2,2,0.08665,-0.00036546822685259794,-0.0013618960623442465,nonpositive_simultaneous_lower_bound;insufficient_release_days;nonpositive_stress_profit
5af67c09b0b59850,reversal,6,1,0.15,0.08,3,0.005,stress,199.62,-0.38,0.03,1,1,0.0019,-7.668577780630367e-06,-3.761680570452976e-05,
5af67c09b0b59850,reversal,6,1,0.15,0.08,3,0.01,stress,199.25,-0.75,0.05,1,1,0.00375,-1.5149390635936645e-05,-7.431256491046605e-05,
5af67c09b0b59850,reversal,6,1,0.15,0.08,3,0.025,stress,198.08,-1.92,0.12,1,1,0.0096,-3.889668166050585e-05,-0.00019080055760403616,
5af67c09b0b59850,reversal,6,1,0.15,0.08,3,0.05,stress,196.16,-3.84,0.24,1,1,0.0192,-7.817223306528265e-05,-0.0003834595914425523,
3fad6045a0f2de9c,reversal,6,1,0.15,0.08,,0.005,costed,198.49,-1.51,0.09,2,2,0.00755,-3.055905453044516e-05,-0.00011367589795610334,nonpositive_simultaneous_lower_bound;insufficient_release_days;nonpositive_stress_profit
3fad6045a0f2de9c,reversal,6,1,0.15,0.08,,0.01,costed,196.51,-3.49,0.19,2,2,0.01745,-7.098405624339083e-05,-0.00026489116069249404,nonpositive_simultaneous_lower_bound;insufficient_release_days;nonpositive_stress_profit
3fad6045a0f2de9c,reversal,6,1,0.15,0.08,,0.025,costed,191.33,-8.67,0.45,2,2,0.04335,-0.00017870032520615035,-0.0006655585598891622,nonpositive_simultaneous_lower_bound;insufficient_release_days;nonpositive_stress_profit
3fad6045a0f2de9c,reversal,6,1,0.15,0.08,,0.05,costed,182.67,-17.33,0.89,2,2,0.08665,-0.00036546822685259794,-0.0013618960623442465,nonpositive_simultaneous_lower_bound;insufficient_release_days;nonpositive_stress_profit
3fad6045a0f2de9c,reversal,6,1,0.15,0.08,,0.005,stress,199.62,-0.38,0.03,1,1,0.0019,-7.668577780630367e-06,-3.761680570452976e-05,
3fad6045a0f2de9c,reversal,6,1,0.15,0.08,,0.01,stress,199.25,-0.75,0.05,1,1,0.00375,-1.5149390635936645e-05,-7.431256491046605e-05,
3fad6045a0f2de9c,reversal,6,1,0.15,0.08,,0.025,stress,198.08,-1.92,0.12,1,1,0.0096,-3.889668166050585e-05,-0.00019080055760403616,
3fad6045a0f2de9c,reversal,6,1,0.15,0.08,,0.05,stress,196.16,-3.84,0.24,1,1,0.0192,-7.817223306528265e-05,-0.0003834595914425523,
62e9182866b24810,reversal,24,3,0.03,0.03,1,0.005,costed,200.0,0.0,0.0,0,0,0.0,0.0,,nonpositive_simultaneous_lower_bound;insufficient_release_days;nonpositive_stress_profit
62e9182866b24810,reversal,24,3,0.03,0.03,1,0.01,costed,200.0,0.0,0.0,0,0,0.0,0.0,,nonpositive_simultaneous_lower_bound;insufficient_release_days;nonpositive_stress_profit
62e9182866b24810,reversal,24,3,0.03,0.03,1,0.025,costed,200.0,0.0,0.0,0,0,0.0,0.0,,nonpositive_simultaneous_lower_bound;insufficient_release_days;nonpositive_stress_profit
62e9182866b24810,reversal,24,3,0.03,0.03,1,0.05,costed,200.0,0.0,0.0,0,0,0.0,0.0,,nonpositive_simultaneous_lower_bound;insufficient_release_days;nonpositive_stress_profit
62e9182866b24810,reversal,24,3,0.03,0.03,1,0.005,stress,200.0,0.0,0.0,0,0,0.0,0.0,,
62e9182866b24810,reversal,24,3,0.03,0.03,1,0.01,stress,200.0,0.0,0.0,0,0,0.0,0.0,,
62e9182866b24810,reversal,24,3,0.03,0.03,1,0.025,stress,200.0,0.0,0.0,0,0,0.0,0.0,,
62e9182866b24810,reversal,24,3,0.03,0.03,1,0.05,stress,200.0,0.0,0.0,0,0,0.0,0.0,,
201ec8be53bf2b8f,reversal,24,3,0.03,0.03,3,0.005,costed,200.0,0.0,0.0,0,0,0.0,0.0,,nonpositive_simultaneous_lower_bound;insufficient_release_days;nonpositive_stress_profit
201ec8be53bf2b8f,reversal,24,3,0.03,0.03,3,0.01,costed,200.0,0.0,0.0,0,0,0.0,0.0,,nonpositive_simultaneous_lower_bound;insufficient_release_days;nonpositive_stress_profit
201ec8be53bf2b8f,reversal,24,3,0.03,0.03,3,0.025,costed,200.0,0.0,0.0,0,0,0.0,0.0,,nonpositive_simultaneous_lower_bound;insufficient_release_days;nonpositive_stress_profit
201ec8be53bf2b8f,reversal,24,3,0.03,0.03,3,0.05,costed,200.0,0.0,0.0,0,0,0.0,0.0,,nonpositive_simultaneous_lower_bound;insufficient_release_days;nonpositive_stress_profit
201ec8be53bf2b8f,reversal,24,3,0.03,0.03,3,0.005,stress,200.0,0.0,0.0,0,0,0.0,0.0,,
201ec8be53bf2b8f,reversal,24,3,0.03,0.03,3,0.01,stress,200.0,0.0,0.0,0,0,0.0,0.0,,
201ec8be53bf2b8f,reversal,24,3,0.03,0.03,3,0.025,stress,200.0,0.0,0.0,0,0,0.0,0.0,,
201ec8be53bf2b8f,reversal,24,3,0.03,0.03,3,0.05,stress,200.0,0.0,0.0,0,0,0.0,0.0,,
c448e50055e76bdf,reversal,24,3,0.03,0.03,,0.005,costed,200.0,0.0,0.0,0,0,0.0,0.0,,nonpositive_simultaneous_lower_bound;insufficient_release_days;nonpositive_stress_profit
c448e50055e76bdf,reversal,24,3,0.03,0.03,,0.01,costed,200.0,0.0,0.0,0,0,0.0,0.0,,nonpositive_simultaneous_lower_bound;insufficient_release_days;nonpositive_stress_profit
c448e50055e76bdf,reversal,24,3,0.03,0.03,,0.025,costed,200.0,0.0,0.0,0,0,0.0,0.0,,nonpositive_simultaneous_lower_bound;insufficient_release_days;nonpositive_stress_profit
c448e50055e76bdf,reversal,24,3,0.03,0.03,,0.05,costed,200.0,0.0,0.0,0,0,0.0,0.0,,nonpositive_simultaneous_lower_bound;insufficient_release_days;nonpositive_stress_profit
c448e50055e76bdf,reversal,24,3,0.03,0.03,,0.005,stress,200.0,0.0,0.0,0,0,0.0,0.0,,
c448e50055e76bdf,reversal,24,3,0.03,0.03,,0.01,stress,200.0,0.0,0.0,0,0,0.0,0.0,,
c448e50055e76bdf,reversal,24,3,0.03,0.03,,0.025,stress,200.0,0.0,0.0,0,0,0.0,0.0,,
c448e50055e76bdf,reversal,24,3,0.03,0.03,,0.05,stress,200.0,0.0,0.0,0,0,0.0,0.0,,
0ddf4842acde4d56,reversal,24,3,0.03,0.08,1,0.005,costed,200.0,0.0,0.0,0,0,0.0,0.0,,nonpositive_simultaneous_lower_bound;insufficient_release_days;nonpositive_stress_profit
0ddf4842acde4d56,reversal,24,3,0.03,0.08,1,0.01,costed,200.0,0.0,0.0,0,0,0.0,0.0,,nonpositive_simultaneous_lower_bound;insufficient_release_days;nonpositive_stress_profit
0ddf4842acde4d56,reversal,24,3,0.03,0.08,1,0.025,costed,200.0,0.0,0.0,0,0,0.0,0.0,,nonpositive_simultaneous_lower_bound;insufficient_release_days;nonpositive_stress_profit
0ddf4842acde4d56,reversal,24,3,0.03,0.08,1,0.05,costed,200.0,0.0,0.0,0,0,0.0,0.0,,nonpositive_simultaneous_lower_bound;insufficient_release_days;nonpositive_stress_profit
0ddf4842acde4d56,reversal,24,3,0.03,0.08,1,0.005,stress,200.0,0.0,0.0,0,0,0.0,0.0,,
0ddf4842acde4d56,reversal,24,3,0.03,0.08,1,0.01,stress,200.0,0.0,0.0,0,0,0.0,0.0,,
0ddf4842acde4d56,reversal,24,3,0.03,0.08,1,0.025,stress,200.0,0.0,0.0,0,0,0.0,0.0,,
0ddf4842acde4d56,reversal,24,3,0.03,0.08,1,0.05,stress,200.0,0.0,0.0,0,0,0.0,0.0,,
433bde39b5d2cf0c,reversal,24,3,0.03,0.08,3,0.005,costed,200.0,0.0,0.0,0,0,0.0,0.0,,nonpositive_simultaneous_lower_bound;insufficient_release_days;nonpositive_stress_profit
433bde39b5d2cf0c,reversal,24,3,0.03,0.08,3,0.01,costed,200.0,0.0,0.0,0,0,0.0,0.0,,nonpositive_simultaneous_lower_bound;insufficient_release_days;nonpositive_stress_profit
433bde39b5d2cf0c,reversal,24,3,0.03,0.08,3,0.025,costed,200.0,0.0,0.0,0,0,0.0,0.0,,nonpositive_simultaneous_lower_bound;insufficient_release_days;nonpositive_stress_profit
433bde39b5d2cf0c,reversal,24,3,0.03,0.08,3,0.05,costed,200.0,0.0,0.0,0,0,0.0,0.0,,nonpositive_simultaneous_lower_bound;insufficient_release_days;nonpositive_stress_profit
433bde39b5d2cf0c,reversal,24,3,0.03,0.08,3,0.005,stress,200.0,0.0,0.0,0,0,0.0,0.0,,
433bde39b5d2cf0c,reversal,24,3,0.03,0.08,3,0.01,stress,200.0,0.0,0.0,0,0,0.0,0.0,,
433bde39b5d2cf0c,reversal,24,3,0.03,0.08,3,0.025,stress,200.0,0.0,0.0,0,0,0.0,0.0,,
433bde39b5d2cf0c,reversal,24,3,0.03,0.08,3,0.05,stress,200.0,0.0,0.0,0,0,0.0,0.0,,
42be6c093b5e5315,reversal,24,3,0.03,0.08,,0.005,costed,200.0,0.0,0.0,0,0,0.0,0.0,,nonpositive_simultaneous_lower_bound;insufficient_release_days;nonpositive_stress_profit
42be6c093b5e5315,reversal,24,3,0.03,0.08,,0.01,costed,200.0,0.0,0.0,0,0,0.0,0.0,,nonpositive_simultaneous_lower_bound;insufficient_release_days;nonpositive_stress_profit
42be6c093b5e5315,reversal,24,3,0.03,0.08,,0.025,costed,200.0,0.0,0.0,0,0,0.0,0.0,,nonpositive_simultaneous_lower_bound;insufficient_release_days;nonpositive_stress_profit
42be6c093b5e5315,reversal,24,3,0.03,0.08,,0.05,costed,200.0,0.0,0.0,0,0,0.0,0.0,,nonpositive_simultaneous_lower_bound;insufficient_release_days;nonpositive_stress_profit
42be6c093b5e5315,reversal,24,3,0.03,0.08,,0.005,stress,200.0,0.0,0.0,0,0,0.0,0.0,,
42be6c093b5e5315,reversal,24,3,0.03,0.08,,0.01,stress,200.0,0.0,0.0,0,0,0.0,0.0,,
42be6c093b5e5315,reversal,24,3,0.03,0.08,,0.025,stress,200.0,0.0,0.0,0,0,0.0,0.0,,
42be6c093b5e5315,reversal,24,3,0.03,0.08,,0.05,stress,200.0,0.0,0.0,0,0,0.0,0.0,,
d10aa1c1136d2518,reversal,18,3,0.03,0.03,1,0.005,costed,192.76,-7.24,2.43,43,26,0.0362,-0.00014867530151574433,-0.00039187651602135297,nonpositive_simultaneous_lower_bound;insufficient_release_days;nonpositive_stress_profit
d10aa1c1136d2518,reversal,18,3,0.03,0.03,1,0.01,costed,185.07,-14.93,4.89,43,26,0.07465,-0.0003128356236224995,-0.0008213976114409109,nonpositive_simultaneous_lower_bound;insufficient_release_days;nonpositive_stress_profit
d10aa1c1136d2518,reversal,18,3,0.03,0.03,1,0.025,costed,163.44,-36.56,11.49,43,26,0.1828,-0.0008139976453172175,-0.00212347214310795,nonpositive_simultaneous_lower_bound;insufficient_release_days;nonpositive_stress_profit
d10aa1c1136d2518,reversal,18,3,0.03,0.03,1,0.05,costed,157.49,-42.51,12.74,24,18,0.21255,-0.0009635298482320452,-0.0027836600304382954,nonpositive_simultaneous_lower_bound;insufficient_release_days;nonpositive_stress_profit
d10aa1c1136d2518,reversal,18,3,0.03,0.03,1,0.005,stress,189.47,-10.53,2.09,42,26,0.05265,-0.00021809139477324899,-0.0005440497994580436,
d10aa1c1136d2518,reversal,18,3,0.03,0.03,1,0.01,stress,177.79,-22.21,4.28,42,26,0.11105,-0.000474654387175631,-0.001175162510598984,
d10aa1c1136d2518,reversal,18,3,0.03,0.03,1,0.025,stress,159.94,-40.06,6.66,29,19,0.2003,-0.0009012847646947294,-0.0024235529845860627,
d10aa1c1136d2518,reversal,18,3,0.03,0.03,1,0.05,stress,158.01,-41.99,6.03,13,10,0.20995,-0.0009502380821960849,-0.0026790278155986655,
ed595306e1e53ceb,reversal,18,3,0.03,0.03,3,0.005,costed,189.57,-10.43,2.24,43,27,0.05215,-0.0002159637786071083,-0.0005676026749928923,nonpositive_simultaneous_lower_bound;insufficient_release_days;nonpositive_stress_profit
ed595306e1e53ceb,reversal,18,3,0.03,0.03,3,0.01,costed,178.24,-21.76,4.36,43,27,0.1088,-0.0004644613298754735,-0.0012103769320138454,nonpositive_simultaneous_lower_bound;insufficient_release_days;nonpositive_stress_profit
ed595306e1e53ceb,reversal,18,3,0.03,0.03,3,0.025,costed,159.73,-40.27,7.13,30,21,0.20135,-0.0009065825675248857,-0.002599377948522166,nonpositive_simultaneous_lower_bound;insufficient_release_days;nonpositive_stress_profit
ed595306e1e53ceb,reversal,18,3,0.03,0.03,3,0.05,costed,155.15,-44.85,4.76,10,8,0.22425,-0.0010238910308614819,-0.0034634167159017237,nonpositive_simultaneous_lower_bound;insufficient_release_days;nonpositive_stress_profit
ed595306e1e53ceb,reversal,18,3,0.03,0.03,3,0.005,stress,188.4,-11.6,1.98,42,25,0.058,-0.00024092743712005548,-0.0005838257257895284,
ed595306e1e53ceb,reversal,18,3,0.03,0.03,3,0.01,stress,174.76,-25.24,3.98,42,25,0.1262,-0.000543966784132265,-0.0013229535189085095,
ed595306e1e53ceb,reversal,18,3,0.03,0.03,3,0.025,stress,158.8,-41.2,5.83,28,19,0.206,-0.0009301282973185533,-0.0023237739687239573,
ed595306e1e53ceb,reversal,18,3,0.03,0.03,3,0.05,stress,158.13,-41.87,4.53,11,9,0.20935,-0.0009471769637613372,-0.002352488687205728,
73a627b5e9ed402a,reversal,18,3,0.03,0.03,,0.005,costed,187.12,-12.88,1.25,43,25,0.0644,-0.0002684163075488437,-0.0007577766768718213,nonpositive_simultaneous_lower_bound;insufficient_release_days;nonpositive_stress_profit
73a627b5e9ed402a,reversal,18,3,0.03,0.03,,0.01,costed,174.39,-25.61,2.49,43,25,0.12805,-0.0005525128877688212,-0.0015525968764956754,nonpositive_simultaneous_lower_bound;insufficient_release_days;nonpositive_stress_profit
73a627b5e9ed402a,reversal,18,3,0.03,0.03,,0.025,costed,157.17,-42.83,3.95,28,18,0.21415,-0.0009717312276604773,-0.0030856075509662177,nonpositive_simultaneous_lower_bound;insufficient_release_days;nonpositive_stress_profit
73a627b5e9ed402a,reversal,18,3,0.03,0.03,,0.05,costed,148.11,-51.89,3.0,10,8,0.25945,-0.0012111376032627249,-0.004099971576232108,nonpositive_simultaneous_lower_bound;insufficient_release_days;nonpositive_stress_profit
73a627b5e9ed402a,reversal,18,3,0.03,0.03,,0.005,stress,185.56,-14.44,1.21,41,26,0.0722,-0.00030217373655037807,-0.0007705761746943634,
73a627b5e9ed402a,reversal,18,3,0.03,0.03,,0.01,stress,165.79,-34.21,2.47,42,26,0.17105,-0.0007564332229704142,-0.0019441807263247506,
73a627b5e9ed402a,reversal,18,3,0.03,0.03,,0.025,stress,159.41,-40.59,2.56,20,14,0.20295,-0.000914668818155167,-0.0026593464173844637,
73a627b5e9ed402a,reversal,18,3,0.03,0.03,,0.05,stress,157.3,-42.7,2.54,9,9,0.2149,-0.0009683974051766311,-0.0025953825614441666,
78293b2e23ea60f6,reversal,18,3,0.03,0.08,1,0.005,costed,185.11,-14.89,4.06,73,31,0.07445,-0.00031196420796952823,-0.0008379862389976058,nonpositive_simultaneous_lower_bound;insufficient_release_days;nonpositive_stress_profit
78293b2e23ea60f6,reversal,18,3,0.03,0.08,1,0.01,costed,168.33,-31.67,8.29,75,32,0.15835,-0.000695125113375188,-0.0018601292836598663,nonpositive_simultaneous_lower_bound;insufficient_release_days;nonpositive_stress_profit
78293b2e23ea60f6,reversal,18,3,0.03,0.08,1,0.025,costed,158.85,-41.15,10.17,38,18,0.20575,-0.0009288588944859346,-0.002777375942315876,nonpositive_simultaneous_lower_bound;insufficient_release_days;nonpositive_stress_profit
78293b2e23ea60f6,reversal,18,3,0.03,0.08,1,0.05,costed,156.82,-43.18,9.17,18,13,0.2159,-0.0009807206280050842,-0.002588430156331775,nonpositive_simultaneous_lower_bound;insufficient_release_days;nonpositive_stress_profit
78293b2e23ea60f6,reversal,18,3,0.03,0.08,1,0.005,stress,181.77,-18.23,3.93,75,33,0.09115,-0.00038538393114124716,-0.0009792107824015083,
78293b2e23ea60f6,reversal,18,3,0.03,0.08,1,0.01,stress,162.66,-37.34,7.78,77,35,0.1867,-0.0008332872331024503,-0.002112736391620528,
78293b2e23ea60f6,reversal,18,3,0.03,0.08,1,0.025,stress,157.52,-42.48,8.38,35,18,0.2124,-0.0009627618234563166,-0.002762656755001482,
78293b2e23ea60f6,reversal,18,3,0.03,0.08,1,0.05,stress,158.41,-41.59,7.37,14,12,0.20795,-0.0009400433784164414,-0.0021953231142177194,
e5bd742d589254c2,reversal,18,3,0.03,0.08,3,0.005,costed,181.03,-18.97,3.86,72,32,0.09485,-0.00040183307725880725,-0.0010676236196093113,nonpositive_simultaneous_lower_bound;insufficient_release_days;nonpositive_stress_profit
e5bd742d589254c2,reversal,18,3,0.03,0.08,3,0.01,costed,160.64,-39.36,7.55,75,33,0.1968,-0.0008836755243736783,-0.002344791550106561,nonpositive_simultaneous_lower_bound;insufficient_release_days;nonpositive_stress_profit
e5bd742d589254c2,reversal,18,3,0.03,0.08,3,0.025,costed,158.24,-41.76,6.49,29,14,0.2088,-0.0009443729785227208,-0.003010579931919479,nonpositive_simultaneous_lower_bound;insufficient_release_days;nonpositive_stress_profit
e5bd742d589254c2,reversal,18,3,0.03,0.08,3,0.05,costed,159.21,-40.79,5.5,11,9,0.20395,-0.0009197309719359815,-0.0024716390766597327,nonpositive_simultaneous_lower_bound;insufficient_release_days;nonpositive_stress_profit
e5bd742d589254c2,reversal,18,3,0.03,0.08,3,0.005,stress,181.75,-18.25,3.74,75,34,0.09125,-0.00038582762150970806,-0.0009689259229035399,
e5bd742d589254c2,reversal,18,3,0.03,0.08,3,0.01,stress,161.83,-38.17,7.33,77,36,0.19085,-0.0008539151815292043,-0.0021417061119659657,
e5bd742d589254c2,reversal,18,3,0.03,0.08,3,0.025,stress,158.89,-41.11,7.72,36,19,0.20555,-0.0009278436598700048,-0.002482911593644811,
e5bd742d589254c2,reversal,18,3,0.03,0.08,3,0.05,stress,159.34,-40.66,4.41,10,9,0.2033,-0.0009164398491766797,-0.002287368141330969,
0afa9e01b3330408,reversal,18,3,0.03,0.08,,0.005,costed,184.75,-15.25,2.29,75,32,0.07625,-0.0003198137367730866,-0.0008846600041770743,nonpositive_simultaneous_lower_bound;insufficient_release_days;nonpositive_stress_profit
0afa9e01b3330408,reversal,18,3,0.03,0.08,,0.01,costed,163.44,-36.56,4.48,75,32,0.1828,-0.0008139976453172183,-0.0021820860202323472,nonpositive_simultaneous_lower_bound;insufficient_release_days;nonpositive_stress_profit
0afa9e01b3330408,reversal,18,3,0.03,0.08,,0.025,costed,158.87,-41.13,7.04,56,27,0.20637936206379362,-0.000928351245226229,-0.0029654354791698707,nonpositive_simultaneous_lower_bound;insufficient_release_days;nonpositive_stress_profit
0afa9e01b3330408,reversal,18,3,0.03,0.08,,0.05,costed,148.49,-51.51,3.51,11,9,0.25836579762261513,-0.0012008054461293007,-0.003341590903460607,nonpositive_simultaneous_lower_bound;insufficient_release_days;nonpositive_stress_profit
0afa9e01b3330408,reversal,18,3,0.03,0.08,,0.005,stress,186.93,-13.07,2.31,76,33,0.06535,-0.00027251270695079156,-0.0007628049373130363,
0afa9e01b3330408,reversal,18,3,0.03,0.08,,0.01,stress,167.44,-32.56,4.64,77,34,0.1633,-0.0007165011629447291,-0.001932822400886063,
0afa9e01b3330408,reversal,18,3,0.03,0.08,,0.025,stress,161.31,-38.69,8.28,67,34,0.1972,-0.0008668926897513715,-0.002781449332314508,
0afa9e01b3330408,reversal,18,3,0.03,0.08,,0.05,stress,154.08,-45.92,3.43,11,10,0.2296,-0.0010517960423315354,-0.0028975404142949804,
6abf6406d2e99ed2,reversal,12,3,0.03,0.03,1,0.005,costed,159.85,-40.15,7.13,146,91,0.20075,-0.0009035543993636562,-0.0017109707681908027,nonpositive_simultaneous_lower_bound;nonpositive_stress_profit
6abf6406d2e99ed2,reversal,12,3,0.03,0.03,1,0.01,costed,159.91,-40.09,6.73,69,44,0.20045,-0.0009020411676479277,-0.0022726674575013787,nonpositive_simultaneous_lower_bound;insufficient_release_days;nonpositive_stress_profit
6abf6406d2e99ed2,reversal,12,3,0.03,0.03,1,0.025,costed,158.09,-41.91,6.02,28,17,0.20955,-0.0009481970783868559,-0.0026130630445272227,nonpositive_simultaneous_lower_bound;insufficient_release_days;nonpositive_stress_profit
6abf6406d2e99ed2,reversal,12,3,0.03,0.03,1,0.05,costed,159.79,-40.21,3.95,11,9,0.20105,-0.0009050681991804008,-0.0032770418309686303,nonpositive_simultaneous_lower_bound;insufficient_release_days;nonpositive_stress_profit
6abf6406d2e99ed2,reversal,12,3,0.03,0.03,1,0.005,stress,159.87,-40.13,4.88,125,82,0.20065,-0.0009030499256904683,-0.0015387306243467215,
6abf6406d2e99ed2,reversal,12,3,0.03,0.03,1,0.01,stress,159.86,-40.14,5.07,63,41,0.2007,-0.0009033021546377584,-0.0019561001726857937,
6abf6406d2e99ed2,reversal,12,3,0.03,0.03,1,0.025,stress,159.39,-40.61,4.16,25,17,0.20305,-0.0009151747476494965,-0.00245932346322319,
6abf6406d2e99ed2,reversal,12,3,0.03,0.03,1,0.05,stress,159.83,-40.17,3.26,11,8,0.20085,-0.0009040589361591714,-0.003017079160544252,
88aa2e7eeb943b39,reversal,12,3,0.03,0.03,3,0.005,costed,159.66,-40.34,4.82,119,75,0.20281605751947274,-0.0009083500497192884,-0.0018600735171973178,nonpositive_simultaneous_lower_bound;nonpositive_stress_profit
88aa2e7eeb943b39,reversal,12,3,0.03,0.03,3,0.01,costed,159.59,-40.41,3.82,50,29,0.20566422776367527,-0.0009101183070037962,-0.002335462448374011,nonpositive_simultaneous_lower_bound;insufficient_release_days;nonpositive_stress_profit
88aa2e7eeb943b39,reversal,12,3,0.03,0.03,3,0.025,costed,160.86,-39.14,4.24,25,16,0.20672650162737943,-0.0008781570365811037,-0.002605833239648185,nonpositive_simultaneous_lower_bound;insufficient_release_days;nonpositive_stress_profit
88aa2e7eeb943b39,reversal,12,3,0.03,0.03,3,0.05,costed,157.12,-42.88,2.77,11,7,0.2144,-0.000973014201378552,-0.0035469449302791434,nonpositive_simultaneous_lower_bound;insufficient_release_days;nonpositive_stress_profit
88aa2e7eeb943b39,reversal,12,3,0.03,0.03,3,0.005,stress,159.65,-40.35,3.84,121,81,0.20175,-0.0009086026104324403,-0.0016287066620203235,
88aa2e7eeb943b39,reversal,12,3,0.03,0.03,3,0.01,stress,159.87,-40.13,4.23,66,45,0.20065,-0.0009030499256904703,-0.00212697537731384,
88aa2e7eeb943b39,reversal,12,3,0.03,0.03,3,0.025,stress,156.15,-43.85,4.47,31,22,0.21925,-0.0009979850113667312,-0.0031765025089413603,
88aa2e7eeb943b39,reversal,12,3,0.03,0.03,3,0.05,stress,154.21,-45.79,2.73,12,10,0.22895,-0.0010483953898325466,-0.0035069975903337888,
a24f1578fbc4cf37,reversal,12,3,0.03,0.03,,0.005,costed,159.88,-40.12,4.69,146,99,0.20075984803039393,-0.0009027977125198135,-0.0021179883459879418,nonpositive_simultaneous_lower_bound;nonpositive_stress_profit
a24f1578fbc4cf37,reversal,12,3,0.03,0.03,,0.01,costed,159.08,-40.92,3.48,53,35,0.2072556934270195,-0.0009230247830989792,-0.002396280104392223,nonpositive_simultaneous_lower_bound;insufficient_release_days;nonpositive_stress_profit
a24f1578fbc4cf37,reversal,12,3,0.03,0.03,,0.025,costed,156.64,-43.36,4.41,29,20,0.22631630939444827,-0.0009853515635719213,-0.003237235160274789,nonpositive_simultaneous_lower_bound;insufficient_release_days;nonpositive_stress_profit
a24f1578fbc4cf37,reversal,12,3,0.03,0.03,,0.05,costed,157.38,-42.62,2.74,11,8,0.2131,-0.0009663471912951585,-0.0035409260181171655,nonpositive_simultaneous_lower_bound;insufficient_release_days;nonpositive_stress_profit
a24f1578fbc4cf37,reversal,12,3,0.03,0.03,,0.005,stress,159.91,-40.09,3.63,126,88,0.20045,-0.0009020411676479292,-0.0015927111480238125,
a24f1578fbc4cf37,reversal,12,3,0.03,0.03,,0.01,stress,159.35,-40.65,3.98,69,49,0.20325,-0.0009161867971156916,-0.002172938890445725,
a24f1578fbc4cf37,reversal,12,3,0.03,0.03,,0.025,stress,158.56,-41.44,4.01,30,22,0.2072,-0.0009362269998643487,-0.0030610095283944644,
a24f1578fbc4cf37,reversal,12,3,0.03,0.03,,0.05,stress,154.07,-45.93,2.71,12,11,0.22965,-0.001052057749815939,-0.003497173574019858,
6fd41584b590e057,reversal,12,3,0.03,0.08,1,0.005,costed,159.76,-40.24,6.46,139,65,0.20135972805438912,-0.0009058253122599889,-0.001986578362683733,nonpositive_simultaneous_lower_bound;nonpositive_stress_profit
6fd41584b590e057,reversal,12,3,0.03,0.08,1,0.01,costed,159.34,-40.66,4.98,60,30,0.20381751861290162,-0.0009164398491766824,-0.002393301832653892,nonpositive_simultaneous_lower_bound;insufficient_release_days;nonpositive_stress_profit
6fd41584b590e057,reversal,12,3,0.03,0.08,1,0.025,costed,157.23,-42.77,5.1,27,11,0.21530169187004042,-0.0009701921978461786,-0.003574395871795655,nonpositive_simultaneous_lower_bound;insufficient_release_days;nonpositive_stress_profit
6fd41584b590e057,reversal,12,3,0.03,0.08,1,0.05,costed,159.54,-40.46,4.63,14,6,0.205280199252802,-0.0009113818228429568,-0.004074514316422422,nonpositive_simultaneous_lower_bound;insufficient_release_days;nonpositive_stress_profit
6fd41584b590e057,reversal,12,3,0.03,0.08,1,0.005,stress,159.97,-40.03,5.05,134,64,0.20015,-0.0009005285036069835,-0.0019009515310727527,
6fd41584b590e057,reversal,12,3,0.03,0.08,1,0.01,stress,159.77,-40.23,4.22,59,28,0.20115,-0.0009055729254377289,-0.0023451017403803742,
6fd41584b590e057,reversal,12,3,0.03,0.08,1,0.025,stress,154.47,-45.53,3.68,25,12,0.22765,-0.0010416026767011166,-0.0035341723096545584,
6fd41584b590e057,reversal,12,3,0.03,0.08,1,0.05,stress,156.67,-43.33,3.74,18,11,0.21665,-0.0009845793715429069,-0.0034760896425057603,
e889f50d519977e6,reversal,12,3,0.03,0.08,3,0.005,costed,160.01,-39.99,4.6,119,52,0.2013476416271525,-0.0008995203760776356,-0.0019959000482824975,nonpositive_simultaneous_lower_bound;insufficient_release_days;nonpositive_stress_profit
e889f50d519977e6,reversal,12,3,0.03,0.08,3,0.01,costed,158.37,-41.63,4.44,63,31,0.21248135256091497,-0.0009410616896951715,-0.002433040662952041,nonpositive_simultaneous_lower_bound;insufficient_release_days;nonpositive_stress_profit
e889f50d519977e6,reversal,12,3,0.03,0.08,3,0.025,costed,158.81,-41.19,3.89,27,12,0.2175690988816081,-0.0009298743847801675,-0.003446750782028261,nonpositive_simultaneous_lower_bound;insufficient_release_days;nonpositive_stress_profit
e889f50d519977e6,reversal,12,3,0.03,0.08,3,0.05,costed,163.21,-36.79,3.57,15,7,0.20875551461676445,-0.0008196760136509358,-0.0037436152977292484,nonpositive_simultaneous_lower_bound;insufficient_release_days;nonpositive_stress_profit
e889f50d519977e6,reversal,12,3,0.03,0.08,3,0.005,stress,161.77,-38.23,4.28,145,71,0.2042,-0.0008554104564775568,-0.0019126282711160359,
e889f50d519977e6,reversal,12,3,0.03,0.08,3,0.01,stress,158.31,-41.69,3.7,65,33,0.20845,-0.0009425896389610904,-0.002554935743724681,
e889f50d519977e6,reversal,12,3,0.03,0.08,3,0.025,stress,155.12,-44.88,3.04,25,12,0.2244,-0.0010246707887646782,-0.003759508721188746,
e889f50d519977e6,reversal,12,3,0.03,0.08,3,0.05,stress,158.7,-41.3,2.47,14,9,0.2065,-0.0009326683024825543,-0.0037082216053705946,
65aad5fae1d8820b,reversal,12,3,0.03,0.08,,0.005,costed,159.2,-40.8,6.3,203,93,0.20539056650860993,-0.0009199842465232006,-0.0025995946322510317,nonpositive_simultaneous_lower_bound;nonpositive_stress_profit
65aad5fae1d8820b,reversal,12,3,0.03,0.08,,0.01,costed,159.98,-40.02,5.87,98,47,0.20447538538040777,-0.000900276448094199,-0.003187141595141087,nonpositive_simultaneous_lower_bound;insufficient_release_days;nonpositive_stress_profit
65aad5fae1d8820b,reversal,12,3,0.03,0.08,,0.025,costed,162.11,-37.89,3.19,24,11,0.20131053850322708,-0.0008469445540103028,-0.0034162490738352987,nonpositive_simultaneous_lower_bound;insufficient_release_days;nonpositive_stress_profit
65aad5fae1d8820b,reversal,12,3,0.03,0.08,,0.05,costed,164.39,-35.61,3.06,13,7,0.20303485722596595,-0.0007906278751073296,-0.003689754332140106,nonpositive_simultaneous_lower_bound;insufficient_release_days;nonpositive_stress_profit
65aad5fae1d8820b,reversal,12,3,0.03,0.08,,0.005,stress,158.91,-41.09,4.29,159,78,0.20545,-0.0009273361384011743,-0.001964313724048315,
65aad5fae1d8820b,reversal,12,3,0.03,0.08,,0.01,stress,158.97,-41.03,3.64,68,36,0.20515,-0.0009258139571582902,-0.002521522262783955,
65aad5fae1d8820b,reversal,12,3,0.03,0.08,,0.025,stress,158.53,-41.47,2.3,20,12,0.20735,-0.00093698998666492,-0.0036141219422430263,
65aad5fae1d8820b,reversal,12,3,0.03,0.08,,0.05,stress,157.09,-42.91,2.52,14,10,0.21455,-0.0009737841815975331,-0.0036865035030407604,
032120eb3cf9e340,reversal,6,3,0.03,0.03,1,0.005,costed,198.02,-1.98,0.21,4,4,0.0099,-4.011826957124243e-05,-0.0001270603370153234,nonpositive_simultaneous_lower_bound;insufficient_release_days;nonpositive_stress_profit
032120eb3cf9e340,reversal,6,3,0.03,0.03,1,0.01,costed,196.05,-3.95,0.38,4,4,0.01975,-8.04340234261939e-05,-0.0002546334732874321,nonpositive_simultaneous_lower_bound;insufficient_release_days;nonpositive_stress_profit
032120eb3cf9e340,reversal,6,3,0.03,0.03,1,0.025,costed,189.93,-10.07,0.95,4,4,0.05035,-0.00020831364243504807,-0.0006518226195501457,nonpositive_simultaneous_lower_bound;insufficient_release_days;nonpositive_stress_profit
032120eb3cf9e340,reversal,6,3,0.03,0.03,1,0.05,costed,182.45,-17.55,1.71,4,4,0.08775,-0.0003703274341354034,-0.0011462385821335212,nonpositive_simultaneous_lower_bound;insufficient_release_days;nonpositive_stress_profit
032120eb3cf9e340,reversal,6,3,0.03,0.03,1,0.005,stress,198.22,-1.78,0.14,4,4,0.0089,-3.604774826400911e-05,-0.00011359906885663641,
032120eb3cf9e340,reversal,6,3,0.03,0.03,1,0.01,stress,196.24,-3.76,0.28,4,4,0.0188,-7.652809112017275e-05,-0.0002414263477835463,
032120eb3cf9e340,reversal,6,3,0.03,0.03,1,0.025,stress,190.33,-9.67,0.71,4,4,0.04835,-0.00019983047922719345,-0.0006291811007317816,
032120eb3cf9e340,reversal,6,3,0.03,0.03,1,0.05,stress,182.26,-17.74,1.29,4,4,0.0887,-0.0003745287398389351,-0.00118189499406392,
ef3646250ded6dd6,reversal,6,3,0.03,0.03,3,0.005,costed,197.55,-2.45,0.17,4,4,0.01225,-4.970020036547166e-05,-0.00015475495190900938,nonpositive_simultaneous_lower_bound;insufficient_release_days;nonpositive_stress_profit
ef3646250ded6dd6,reversal,6,3,0.03,0.03,3,0.01,costed,195.1,-4.9,0.31,4,4,0.0245,-0.00010002064080230321,-0.0003114440755796531,nonpositive_simultaneous_lower_bound;insufficient_release_days;nonpositive_stress_profit
ef3646250ded6dd6,reversal,6,3,0.03,0.03,3,0.025,costed,187.37,-12.63,0.75,4,4,0.06315,-0.0002630326408774818,-0.0008043166704435248,nonpositive_simultaneous_lower_bound;insufficient_release_days;nonpositive_stress_profit
ef3646250ded6dd6,reversal,6,3,0.03,0.03,3,0.05,costed,177.31,-22.69,1.34,4,4,0.11345,-0.00048555545757717546,-0.0014987341253707364,nonpositive_simultaneous_lower_bound;insufficient_release_days;nonpositive_stress_profit
ef3646250ded6dd6,reversal,6,3,0.03,0.03,3,0.005,stress,198.09,-1.91,0.13,4,4,0.00955,-3.869311965099612e-05,-0.00012142297784695688,
ef3646250ded6dd6,reversal,6,3,0.03,0.03,3,0.01,stress,195.98,-4.02,0.26,4,4,0.0201,-8.187400540469466e-05,-0.00025681372887092916,
ef3646250ded6dd6,reversal,6,3,0.03,0.03,3,0.025,stress,189.41,-10.59,0.65,4,4,0.05295,-0.00021936850354591298,-0.0006887324746088417,
ef3646250ded6dd6,reversal,6,3,0.03,0.03,3,0.05,stress,180.42,-19.58,1.17,4,4,0.0979,-0.00041544314644977417,-0.001305464667631523,
2df55521a5fb4760,reversal,6,3,0.03,0.03,,0.005,costed,197.55,-2.45,0.17,4,4,0.01225,-4.970020036547166e-05,-0.00015475495190900938,nonpositive_simultaneous_lower_bound;insufficient_release_days;nonpositive_stress_profit
2df55521a5fb4760,reversal,6,3,0.03,0.03,,0.01,costed,195.1,-4.9,0.31,4,4,0.0245,-0.00010002064080230321,-0.0003114440755796531,nonpositive_simultaneous_lower_bound;insufficient_release_days;nonpositive_stress_profit
2df55521a5fb4760,reversal,6,3,0.03,0.03,,0.025,costed,187.37,-12.63,0.75,4,4,0.06315,-0.0002630326408774818,-0.0008043166704435248,nonpositive_simultaneous_lower_bound;insufficient_release_days;nonpositive_stress_profit
2df55521a5fb4760,reversal,6,3,0.03,0.03,,0.05,costed,177.31,-22.69,1.34,4,4,0.11345,-0.00048555545757717546,-0.0014987341253707364,nonpositive_simultaneous_lower_bound;insufficient_release_days;nonpositive_stress_profit
2df55521a5fb4760,reversal,6,3,0.03,0.03,,0.005,stress,198.09,-1.91,0.13,4,4,0.00955,-3.869311965099612e-05,-0.00012142297784695688,
2df55521a5fb4760,reversal,6,3,0.03,0.03,,0.01,stress,195.98,-4.02,0.26,4,4,0.0201,-8.187400540469466e-05,-0.00025681372887092916,
2df55521a5fb4760,reversal,6,3,0.03,0.03,,0.025,stress,189.41,-10.59,0.65,4,4,0.05295,-0.00021936850354591298,-0.0006887324746088417,
2df55521a5fb4760,reversal,6,3,0.03,0.03,,0.05,stress,180.42,-19.58,1.17,4,4,0.0979,-0.00041544314644977417,-0.001305464667631523,
ac71649a74558a95,reversal,6,3,0.03,0.08,1,0.005,costed,195.08,-4.92,0.63,12,11,0.0246,-0.00010043401494429261,-0.0002626018143340709,nonpositive_simultaneous_lower_bound;insufficient_release_days;nonpositive_stress_profit
ac71649a74558a95,reversal,6,3,0.03,0.08,1,0.01,costed,190.05,-9.95,1.14,12,11,0.04975,-0.00020576681900314083,-0.0005412897089438334,nonpositive_simultaneous_lower_bound;insufficient_release_days;nonpositive_stress_profit
ac71649a74558a95,reversal,6,3,0.03,0.08,1,0.025,costed,175.07,-24.93,2.83,12,11,0.12465,-0.0005368204540451432,-0.0014082330724907248,nonpositive_simultaneous_lower_bound;insufficient_release_days;nonpositive_stress_profit
ac71649a74558a95,reversal,6,3,0.03,0.08,1,0.05,costed,154.68,-45.32,5.19,12,11,0.2266,-0.001036124596003792,-0.002687354379503263,nonpositive_simultaneous_lower_bound;insufficient_release_days;nonpositive_stress_profit
ac71649a74558a95,reversal,6,3,0.03,0.08,1,0.005,stress,195.93,-4.07,0.34,10,9,0.02035,-8.29028788925857e-05,-0.0002123535221930064,
ac71649a74558a95,reversal,6,3,0.03,0.08,1,0.01,stress,191.45,-8.55,0.66,10,9,0.04275,-0.0001761721315513436,-0.00045053939121688627,
ac71649a74558a95,reversal,6,3,0.03,0.08,1,0.025,stress,178.78,-21.22,1.63,10,9,0.1061,-0.00045226357616262114,-0.0011580008675799195,
ac71649a74558a95,reversal,6,3,0.03,0.08,1,0.05,stress,160.26,-39.74,3.05,10,9,0.1987,-0.0008932252830569045,-0.0022836365406689145,
8c350fafc30e47c9,reversal,6,3,0.03,0.08,3,0.005,costed,192.75,-7.25,0.47,12,11,0.03625,-0.0001488844923572493,-0.0003481402023922496,nonpositive_simultaneous_lower_bound;insufficient_release_days;nonpositive_stress_profit
8c350fafc30e47c9,reversal,6,3,0.03,0.08,3,0.01,costed,185.6,-14.4,0.85,12,11,0.072,-0.0003013046217578083,-0.0007079639028743374,nonpositive_simultaneous_lower_bound;insufficient_release_days;nonpositive_stress_profit
8c350fafc30e47c9,reversal,6,3,0.03,0.08,3,0.025,costed,163.64,-36.36,2.06,12,11,0.1818,-0.0008090664253501571,-0.0018949827182192795,nonpositive_simultaneous_lower_bound;insufficient_release_days;nonpositive_stress_profit
8c350fafc30e47c9,reversal,6,3,0.03,0.08,3,0.05,costed,153.64,-46.36,2.62,8,7,0.2318,-0.0010633272704448896,-0.0029704535494431026,nonpositive_simultaneous_lower_bound;insufficient_release_days;nonpositive_stress_profit
8c350fafc30e47c9,reversal,6,3,0.03,0.08,3,0.005,stress,195.26,-4.74,0.31,10,9,0.0237,-9.671517238109346e-05,-0.00024497218062682804,
8c350fafc30e47c9,reversal,6,3,0.03,0.08,3,0.01,stress,190.18,-9.82,0.6,10,9,0.0491,-0.00020300957434168706,-0.0005126159896343171,
8c350fafc30e47c9,reversal,6,3,0.03,0.08,3,0.025,stress,174.96,-25.04,1.44,10,9,0.1252,-0.0005393547991109846,-0.0013699849056843392,
8c350fafc30e47c9,reversal,6,3,0.03,0.08,3,0.05,stress,159.73,-40.27,2.23,8,7,0.20135,-0.0009065825675248847,-0.0025249465716133605,
0f7c5f55718e5bad,reversal,6,3,0.03,0.08,,0.005,costed,192.75,-7.25,0.47,12,11,0.03625,-0.0001488844923572493,-0.0003481402023922496,nonpositive_simultaneous_lower_bound;insufficient_release_days;nonpositive_stress_profit
0f7c5f55718e5bad,reversal,6,3,0.03,0.08,,0.01,costed,185.6,-14.4,0.85,12,11,0.072,-0.0003013046217578083,-0.0007079639028743374,nonpositive_simultaneous_lower_bound;insufficient_release_days;nonpositive_stress_profit
0f7c5f55718e5bad,reversal,6,3,0.03,0.08,,0.025,costed,163.64,-36.36,2.06,12,11,0.1818,-0.0008090664253501571,-0.0018949827182192795,nonpositive_simultaneous_lower_bound;insufficient_release_days;nonpositive_stress_profit
0f7c5f55718e5bad,reversal,6,3,0.03,0.08,,0.05,costed,153.64,-46.36,2.62,8,7,0.2318,-0.0010633272704448896,-0.0029704535494431026,nonpositive_simultaneous_lower_bound;insufficient_release_days;nonpositive_stress_profit
0f7c5f55718e5bad,reversal,6,3,0.03,0.08,,0.005,stress,195.26,-4.74,0.31,10,9,0.0237,-9.671517238109346e-05,-0.00024497218062682804,
0f7c5f55718e5bad,reversal,6,3,0.03,0.08,,0.01,stress,190.18,-9.82,0.6,10,9,0.0491,-0.00020300957434168706,-0.0005126159896343171,
0f7c5f55718e5bad,reversal,6,3,0.03,0.08,,0.025,stress,174.96,-25.04,1.44,10,9,0.1252,-0.0005393547991109846,-0.0013699849056843392,
0f7c5f55718e5bad,reversal,6,3,0.03,0.08,,0.05,stress,159.73,-40.27,2.23,8,7,0.20135,-0.0009065825675248847,-0.0025249465716133605,
f384259af549cf53,reversal,24,3,0.08,0.03,1,0.005,costed,200.0,0.0,0.0,0,0,0.0,0.0,,nonpositive_simultaneous_lower_bound;insufficient_release_days;nonpositive_stress_profit
f384259af549cf53,reversal,24,3,0.08,0.03,1,0.01,costed,200.0,0.0,0.0,0,0,0.0,0.0,,nonpositive_simultaneous_lower_bound;insufficient_release_days;nonpositive_stress_profit
f384259af549cf53,reversal,24,3,0.08,0.03,1,0.025,costed,200.0,0.0,0.0,0,0,0.0,0.0,,nonpositive_simultaneous_lower_bound;insufficient_release_days;nonpositive_stress_profit
f384259af549cf53,reversal,24,3,0.08,0.03,1,0.05,costed,200.0,0.0,0.0,0,0,0.0,0.0,,nonpositive_simultaneous_lower_bound;insufficient_release_days;nonpositive_stress_profit
f384259af549cf53,reversal,24,3,0.08,0.03,1,0.005,stress,200.0,0.0,0.0,0,0,0.0,0.0,,
f384259af549cf53,reversal,24,3,0.08,0.03,1,0.01,stress,200.0,0.0,0.0,0,0,0.0,0.0,,
f384259af549cf53,reversal,24,3,0.08,0.03,1,0.025,stress,200.0,0.0,0.0,0,0,0.0,0.0,,
f384259af549cf53,reversal,24,3,0.08,0.03,1,0.05,stress,200.0,0.0,0.0,0,0,0.0,0.0,,
6dfdc868c689d01b,reversal,24,3,0.08,0.03,3,0.005,costed,200.0,0.0,0.0,0,0,0.0,0.0,,nonpositive_simultaneous_lower_bound;insufficient_release_days;nonpositive_stress_profit
6dfdc868c689d01b,reversal,24,3,0.08,0.03,3,0.01,costed,200.0,0.0,0.0,0,0,0.0,0.0,,nonpositive_simultaneous_lower_bound;insufficient_release_days;nonpositive_stress_profit
6dfdc868c689d01b,reversal,24,3,0.08,0.03,3,0.025,costed,200.0,0.0,0.0,0,0,0.0,0.0,,nonpositive_simultaneous_lower_bound;insufficient_release_days;nonpositive_stress_profit
6dfdc868c689d01b,reversal,24,3,0.08,0.03,3,0.05,costed,200.0,0.0,0.0,0,0,0.0,0.0,,nonpositive_simultaneous_lower_bound;insufficient_release_days;nonpositive_stress_profit
6dfdc868c689d01b,reversal,24,3,0.08,0.03,3,0.005,stress,200.0,0.0,0.0,0,0,0.0,0.0,,
6dfdc868c689d01b,reversal,24,3,0.08,0.03,3,0.01,stress,200.0,0.0,0.0,0,0,0.0,0.0,,
6dfdc868c689d01b,reversal,24,3,0.08,0.03,3,0.025,stress,200.0,0.0,0.0,0,0,0.0,0.0,,
6dfdc868c689d01b,reversal,24,3,0.08,0.03,3,0.05,stress,200.0,0.0,0.0,0,0,0.0,0.0,,
ba889a01caaff0f0,reversal,24,3,0.08,0.03,,0.005,costed,200.0,0.0,0.0,0,0,0.0,0.0,,nonpositive_simultaneous_lower_bound;insufficient_release_days;nonpositive_stress_profit
ba889a01caaff0f0,reversal,24,3,0.08,0.03,,0.01,costed,200.0,0.0,0.0,0,0,0.0,0.0,,nonpositive_simultaneous_lower_bound;insufficient_release_days;nonpositive_stress_profit
ba889a01caaff0f0,reversal,24,3,0.08,0.03,,0.025,costed,200.0,0.0,0.0,0,0,0.0,0.0,,nonpositive_simultaneous_lower_bound;insufficient_release_days;nonpositive_stress_profit
ba889a01caaff0f0,reversal,24,3,0.08,0.03,,0.05,costed,200.0,0.0,0.0,0,0,0.0,0.0,,nonpositive_simultaneous_lower_bound;insufficient_release_days;nonpositive_stress_profit
ba889a01caaff0f0,reversal,24,3,0.08,0.03,,0.005,stress,200.0,0.0,0.0,0,0,0.0,0.0,,
ba889a01caaff0f0,reversal,24,3,0.08,0.03,,0.01,stress,200.0,0.0,0.0,0,0,0.0,0.0,,
ba889a01caaff0f0,reversal,24,3,0.08,0.03,,0.025,stress,200.0,0.0,0.0,0,0,0.0,0.0,,
ba889a01caaff0f0,reversal,24,3,0.08,0.03,,0.05,stress,200.0,0.0,0.0,0,0,0.0,0.0,,
ecdb5dddb5ad068d,reversal,24,3,0.08,0.08,1,0.005,costed,200.0,0.0,0.0,0,0,0.0,0.0,,nonpositive_simultaneous_lower_bound;insufficient_release_days;nonpositive_stress_profit
ecdb5dddb5ad068d,reversal,24,3,0.08,0.08,1,0.01,costed,200.0,0.0,0.0,0,0,0.0,0.0,,nonpositive_simultaneous_lower_bound;insufficient_release_days;nonpositive_stress_profit
ecdb5dddb5ad068d,reversal,24,3,0.08,0.08,1,0.025,costed,200.0,0.0,0.0,0,0,0.0,0.0,,nonpositive_simultaneous_lower_bound;insufficient_release_days;nonpositive_stress_profit
ecdb5dddb5ad068d,reversal,24,3,0.08,0.08,1,0.05,costed,200.0,0.0,0.0,0,0,0.0,0.0,,nonpositive_simultaneous_lower_bound;insufficient_release_days;nonpositive_stress_profit
ecdb5dddb5ad068d,reversal,24,3,0.08,0.08,1,0.005,stress,200.0,0.0,0.0,0,0,0.0,0.0,,
ecdb5dddb5ad068d,reversal,24,3,0.08,0.08,1,0.01,stress,200.0,0.0,0.0,0,0,0.0,0.0,,
ecdb5dddb5ad068d,reversal,24,3,0.08,0.08,1,0.025,stress,200.0,0.0,0.0,0,0,0.0,0.0,,
ecdb5dddb5ad068d,reversal,24,3,0.08,0.08,1,0.05,stress,200.0,0.0,0.0,0,0,0.0,0.0,,
43dbb00337e872ca,reversal,24,3,0.08,0.08,3,0.005,costed,200.0,0.0,0.0,0,0,0.0,0.0,,nonpositive_simultaneous_lower_bound;insufficient_release_days;nonpositive_stress_profit
43dbb00337e872ca,reversal,24,3,0.08,0.08,3,0.01,costed,200.0,0.0,0.0,0,0,0.0,0.0,,nonpositive_simultaneous_lower_bound;insufficient_release_days;nonpositive_stress_profit
43dbb00337e872ca,reversal,24,3,0.08,0.08,3,0.025,costed,200.0,0.0,0.0,0,0,0.0,0.0,,nonpositive_simultaneous_lower_bound;insufficient_release_days;nonpositive_stress_profit
43dbb00337e872ca,reversal,24,3,0.08,0.08,3,0.05,costed,200.0,0.0,0.0,0,0,0.0,0.0,,nonpositive_simultaneous_lower_bound;insufficient_release_days;nonpositive_stress_profit
43dbb00337e872ca,reversal,24,3,0.08,0.08,3,0.005,stress,200.0,0.0,0.0,0,0,0.0,0.0,,
43dbb00337e872ca,reversal,24,3,0.08,0.08,3,0.01,stress,200.0,0.0,0.0,0,0,0.0,0.0,,
43dbb00337e872ca,reversal,24,3,0.08,0.08,3,0.025,stress,200.0,0.0,0.0,0,0,0.0,0.0,,
43dbb00337e872ca,reversal,24,3,0.08,0.08,3,0.05,stress,200.0,0.0,0.0,0,0,0.0,0.0,,
1ef82fb0635a282d,reversal,24,3,0.08,0.08,,0.005,costed,200.0,0.0,0.0,0,0,0.0,0.0,,nonpositive_simultaneous_lower_bound;insufficient_release_days;nonpositive_stress_profit
1ef82fb0635a282d,reversal,24,3,0.08,0.08,,0.01,costed,200.0,0.0,0.0,0,0,0.0,0.0,,nonpositive_simultaneous_lower_bound;insufficient_release_days;nonpositive_stress_profit
1ef82fb0635a282d,reversal,24,3,0.08,0.08,,0.025,costed,200.0,0.0,0.0,0,0,0.0,0.0,,nonpositive_simultaneous_lower_bound;insufficient_release_days;nonpositive_stress_profit
1ef82fb0635a282d,reversal,24,3,0.08,0.08,,0.05,costed,200.0,0.0,0.0,0,0,0.0,0.0,,nonpositive_simultaneous_lower_bound;insufficient_release_days;nonpositive_stress_profit
1ef82fb0635a282d,reversal,24,3,0.08,0.08,,0.005,stress,200.0,0.0,0.0,0,0,0.0,0.0,,
1ef82fb0635a282d,reversal,24,3,0.08,0.08,,0.01,stress,200.0,0.0,0.0,0,0,0.0,0.0,,
1ef82fb0635a282d,reversal,24,3,0.08,0.08,,0.025,stress,200.0,0.0,0.0,0,0,0.0,0.0,,
1ef82fb0635a282d,reversal,24,3,0.08,0.08,,0.05,stress,200.0,0.0,0.0,0,0,0.0,0.0,,
6933ea4f9e6ab474,reversal,18,3,0.08,0.03,1,0.005,costed,197.21,-2.79,0.99,15,13,0.01395,-5.664603115346458e-05,-0.00016500587249780311,nonpositive_simultaneous_lower_bound;insufficient_release_days;nonpositive_stress_profit
6933ea4f9e6ab474,reversal,18,3,0.08,0.03,1,0.01,costed,194.26,-5.74,2.0,15,13,0.0287,-0.0001174189458623071,-0.0003436508167721307,nonpositive_simultaneous_lower_bound;insufficient_release_days;nonpositive_stress_profit
6933ea4f9e6ab474,reversal,18,3,0.08,0.03,1,0.025,costed,185.44,-14.56,4.97,15,13,0.0728,-0.00030478220547014147,-0.0008914122454002711,nonpositive_simultaneous_lower_bound;insufficient_release_days;nonpositive_stress_profit
6933ea4f9e6ab474,reversal,18,3,0.08,0.03,1,0.05,costed,173.59,-26.41,9.05,14,13,0.13205,-0.0005710531034983018,-0.0016882913457399377,nonpositive_simultaneous_lower_bound;insufficient_release_days;nonpositive_stress_profit
6933ea4f9e6ab474,reversal,18,3,0.08,0.03,1,0.005,stress,196.01,-3.99,0.66,12,10,0.01995,-8.12568073018264e-05,-0.00021057217179157962,
6933ea4f9e6ab474,reversal,18,3,0.08,0.03,1,0.01,stress,191.56,-8.44,1.35,12,10,0.0422,-0.00017385601239366114,-0.0004500053706913155,
6933ea4f9e6ab474,reversal,18,3,0.08,0.03,1,0.025,stress,178.83,-21.17,3.26,12,10,0.10585,-0.0004511360187423066,-0.001166726233294921,
6933ea4f9e6ab474,reversal,18,3,0.08,0.03,1,0.05,stress,160.85,-39.15,5.7,11,9,0.19575,-0.0008784077131572638,-0.002286194338394488,
bb6154dafd1477c4,reversal,18,3,0.08,0.03,3,0.005,costed,196.13,-3.87,0.97,15,14,0.01935,-7.878895917184237e-05,-0.00020844648767423925,nonpositive_simultaneous_lower_bound;insufficient_release_days;nonpositive_stress_profit
bb6154dafd1477c4,reversal,18,3,0.08,0.03,3,0.01,costed,191.99,-8.01,1.91,15,14,0.04005,-0.00016481483552408105,-0.00043958457554755127,nonpositive_simultaneous_lower_bound;insufficient_release_days;nonpositive_stress_profit
bb6154dafd1477c4,reversal,18,3,0.08,0.03,3,0.025,costed,179.43,-20.57,4.59,15,14,0.10285,-0.0004376298662236327,-0.0011711270539210385,nonpositive_simultaneous_lower_bound;insufficient_release_days;nonpositive_stress_profit
bb6154dafd1477c4,reversal,18,3,0.08,0.03,3,0.05,costed,161.15,-38.85,8.19,14,14,0.19425,-0.000870894186639476,-0.0023489792642196173,nonpositive_simultaneous_lower_bound;insufficient_release_days;nonpositive_stress_profit
bb6154dafd1477c4,reversal,18,3,0.08,0.03,3,0.005,stress,195.76,-4.24,0.61,12,10,0.0212,-8.640301376459934e-05,-0.00023467492955364622,
bb6154dafd1477c4,reversal,18,3,0.08,0.03,3,0.01,stress,190.75,-9.25,1.21,12,10,0.04625,-0.00019094232412689637,-0.0005215926247227963,
bb6154dafd1477c4,reversal,18,3,0.08,0.03,3,0.025,stress,176.99,-23.01,2.94,12,10,0.11505,-0.0004928392449410252,-0.0013803156556286469,
bb6154dafd1477c4,reversal,18,3,0.08,0.03,3,0.05,stress,157.91,-42.09,5.13,11,9,0.21045,-0.0009527907906027624,-0.0026973327510219397,
0680e6ea788496ee,reversal,18,3,0.08,0.03,,0.005,costed,190.8,-9.2,0.54,15,13,0.046,-0.0001898855142493965,-0.0005299349894453233,nonpositive_simultaneous_lower_bound;insufficient_release_days;nonpositive_stress_profit
0680e6ea788496ee,reversal,18,3,0.08,0.03,,0.01,costed,180.6,-19.4,1.09,15,13,0.097,-0.00041142228050464435,-0.0011564440886906574,nonpositive_simultaneous_lower_bound;insufficient_release_days;nonpositive_stress_profit
0680e6ea788496ee,reversal,18,3,0.08,0.03,,0.025,costed,152.24,-47.76,2.53,15,13,0.2388,-0.0011002384820973496,-0.0031207415001433623,nonpositive_simultaneous_lower_bound;insufficient_release_days;nonpositive_stress_profit
0680e6ea788496ee,reversal,18,3,0.08,0.03,,0.05,costed,148.23,-51.77,3.13,9,9,0.25885,-0.0012078719557349538,-0.0038444748602096245,nonpositive_simultaneous_lower_bound;insufficient_release_days;nonpositive_stress_profit
0680e6ea788496ee,reversal,18,3,0.08,0.03,,0.005,stress,195.36,-4.64,0.43,12,10,0.0232,-9.465062978081387e-05,-0.0003099977509767797,
0680e6ea788496ee,reversal,18,3,0.08,0.03,,0.01,stress,189.18,-10.82,0.87,12,10,0.0541,-0.00022426783775408176,-0.0007317508471601959,
0680e6ea788496ee,reversal,18,3,0.08,0.03,,0.025,stress,172.93,-27.07,2.11,12,10,0.13535,-0.0005864132185895394,-0.0019865363576038273,
0680e6ea788496ee,reversal,18,3,0.08,0.03,,0.05,stress,158.64,-41.36,3.61,10,9,0.2068,-0.0009341930739374853,-0.0034973445493239087,
dcd26e8da50478ef,reversal,18,3,0.08,0.08,1,0.005,costed,193.08,-6.92,1.74,29,22,0.0346,-0.0001419869183699363,-0.00035639034311097555,nonpositive_simultaneous_lower_bound;insufficient_release_days;nonpositive_stress_profit
dcd26e8da50478ef,reversal,18,3,0.08,0.08,1,0.01,costed,185.32,-14.68,3.5,29,22,0.0734,-0.0003073923629015685,-0.0007684676566039157,nonpositive_simultaneous_lower_bound;insufficient_release_days;nonpositive_stress_profit
dcd26e8da50478ef,reversal,18,3,0.08,0.08,1,0.025,costed,163.99,-36.01,8.39,29,22,0.18005,-0.000800451274970494,-0.0019962049357371394,nonpositive_simultaneous_lower_bound;insufficient_release_days;nonpositive_stress_profit
dcd26e8da50478ef,reversal,18,3,0.08,0.08,1,0.05,costed,157.07,-42.93,9.06,17,14,0.21465,-0.0009742975834399017,-0.0024594541547278987,nonpositive_simultaneous_lower_bound;insufficient_release_days;nonpositive_stress_profit
dcd26e8da50478ef,reversal,18,3,0.08,0.08,1,0.005,stress,192.47,-7.53,1.32,24,20,0.03765,-0.00015474624645566245,-0.00037627089928489227,
dcd26e8da50478ef,reversal,18,3,0.08,0.08,1,0.01,stress,184.7,-15.3,2.52,24,20,0.0765,-0.0003209051586404936,-0.000784097819030013,
dcd26e8da50478ef,reversal,18,3,0.08,0.08,1,0.025,stress,161.62,-38.38,6.13,24,20,0.1919,-0.0008591510715432863,-0.0021048918234589133,
dcd26e8da50478ef,reversal,18,3,0.08,0.08,1,0.05,stress,155.75,-44.25,6.97,14,12,0.22125,-0.0010083274551632028,-0.0024234932976173315,
86a4900a52971935,reversal,18,3,0.08,0.08,3,0.005,costed,191.79,-8.21,1.72,29,23,0.04105,-0.000169017512505208,-0.00043131029223125337,nonpositive_simultaneous_lower_bound;insufficient_release_days;nonpositive_stress_profit
86a4900a52971935,reversal,18,3,0.08,0.08,3,0.01,costed,182.89,-17.11,3.45,29,23,0.08555,-0.0003606148682723881,-0.0009285064833304018,nonpositive_simultaneous_lower_bound;insufficient_release_days;nonpositive_stress_profit
86a4900a52971935,reversal,18,3,0.08,0.08,3,0.025,costed,157.3,-42.7,8.06,29,23,0.2135,-0.0009683974051766317,-0.002518702891224128,nonpositive_simultaneous_lower_bound;insufficient_release_days;nonpositive_stress_profit
86a4900a52971935,reversal,18,3,0.08,0.08,3,0.05,costed,156.37,-43.63,8.2,16,14,0.21815,-0.000992307954405716,-0.002582683126834783,nonpositive_simultaneous_lower_bound;insufficient_release_days;nonpositive_stress_profit
86a4900a52971935,reversal,18,3,0.08,0.08,3,0.005,stress,193.45,-6.55,1.26,24,21,0.03275,-0.00013426727984481844,-0.00042826226432885134,
86a4900a52971935,reversal,18,3,0.08,0.08,3,0.01,stress,186.04,-13.96,2.44,24,21,0.0698,-0.00029175670238766274,-0.000920783241816944,
86a4900a52971935,reversal,18,3,0.08,0.08,3,0.025,stress,165.69,-34.31,5.96,24,21,0.17155,-0.0007588661047049632,-0.002487797079627851,
86a4900a52971935,reversal,18,3,0.08,0.08,3,0.05,stress,159.75,-40.25,7.93,17,16,0.20125,-0.0009060777148806143,-0.0032971246270775763,
06a4c6b14a5571fe,reversal,18,3,0.08,0.08,,0.005,costed,186.0,-14.0,0.99,29,22,0.0714392691328441,-0.0002926237614307885,-0.0008240354639892917,nonpositive_simultaneous_lower_bound;insufficient_release_days;nonpositive_stress_profit
06a4c6b14a5571fe,reversal,18,3,0.08,0.08,,0.01,costed,170.83,-29.17,1.96,29,22,0.1484896819858439,-0.0006356792604397995,-0.001783325695017139,nonpositive_simultaneous_lower_bound;insufficient_release_days;nonpositive_stress_profit
06a4c6b14a5571fe,reversal,18,3,0.08,0.08,,0.025,costed,154.21,-45.79,3.42,21,17,0.2373392680514342,-0.0010483953898325475,-0.003101680229878089,nonpositive_simultaneous_lower_bound;insufficient_release_days;nonpositive_stress_profit
06a4c6b14a5571fe,reversal,18,3,0.08,0.08,,0.05,costed,159.45,-40.55,2.68,8,8,0.2199119373776908,-0.0009136571495643952,-0.0026580365429790588,nonpositive_simultaneous_lower_bound;insufficient_release_days;nonpositive_stress_profit
06a4c6b14a5571fe,reversal,18,3,0.08,0.08,,0.005,stress,194.35,-5.65,0.83,24,21,0.030721659767592637,-0.00011555124697501878,-0.0005748664307762849,
06a4c6b14a5571fe,reversal,18,3,0.08,0.08,,0.01,stress,187.04,-12.96,1.65,24,21,0.06796890572055013,-0.0002701406000978951,-0.0012507673101500177,
06a4c6b14a5571fe,reversal,18,3,0.08,0.08,,0.025,stress,166.25,-33.75,4.04,24,21,0.17763157894736842,-0.0007452608347261012,-0.0034523490596915715,
06a4c6b14a5571fe,reversal,18,3,0.08,0.08,,0.05,stress,153.37,-46.63,5.79,19,17,0.23315,-0.0010704196124409202,-0.005483830791854689,
a4ed2019083745ba,reversal,12,3,0.08,0.03,1,0.005,costed,169.87,-30.13,6.24,120,88,0.15075,-0.0006584029351484551,-0.0013291794074781844,nonpositive_simultaneous_lower_bound;nonpositive_stress_profit
a4ed2019083745ba,reversal,12,3,0.08,0.03,1,0.01,costed,159.98,-40.02,7.05,70,47,0.2001,-0.000900276448094197,-0.0020710490359917566,nonpositive_simultaneous_lower_bound;insufficient_release_days;nonpositive_stress_profit
a4ed2019083745ba,reversal,12,3,0.08,0.03,1,0.025,costed,159.4,-40.6,5.68,24,17,0.203,-0.0009149217749674281,-0.002461031942402287,nonpositive_simultaneous_lower_bound;insufficient_release_days;nonpositive_stress_profit
a4ed2019083745ba,reversal,12,3,0.08,0.03,1,0.05,costed,159.97,-40.03,5.73,14,11,0.20015,-0.0009005285036069841,-0.002839479812980502,nonpositive_simultaneous_lower_bound;insufficient_release_days;nonpositive_stress_profit
a4ed2019083745ba,reversal,12,3,0.08,0.03,1,0.005,stress,159.12,-40.88,4.66,119,92,0.2044,-0.0009220110161383909,-0.001410975722988401,
a4ed2019083745ba,reversal,12,3,0.08,0.03,1,0.01,stress,159.84,-40.16,4.71,58,43,0.2008,-0.000903806659870135,-0.0018931196403688673,
a4ed2019083745ba,reversal,12,3,0.08,0.03,1,0.025,stress,159.4,-40.6,4.46,23,17,0.203,-0.0009149217749674275,-0.0023669137400403424,
a4ed2019083745ba,reversal,12,3,0.08,0.03,1,0.05,stress,159.22,-40.78,4.58,13,12,0.2039,-0.000919477713256469,-0.0026773992574812195,
4f0fa1b50b8d9246,reversal,12,3,0.08,0.03,3,0.005,costed,166.06,-33.94,4.81,120,93,0.1697,-0.0007498717649764184,-0.0015262974040146555,nonpositive_simultaneous_lower_bound;nonpositive_stress_profit
4f0fa1b50b8d9246,reversal,12,3,0.08,0.03,3,0.01,costed,158.43,-41.57,5.33,67,48,0.20785,-0.0009395343191979233,-0.0022829083048323466,nonpositive_simultaneous_lower_bound;insufficient_release_days;nonpositive_stress_profit
4f0fa1b50b8d9246,reversal,12,3,0.08,0.03,3,0.025,costed,158.71,-41.29,3.9,21,17,0.20645,-0.0009324142299539089,-0.0027344835861629266,nonpositive_simultaneous_lower_bound;insufficient_release_days;nonpositive_stress_profit
4f0fa1b50b8d9246,reversal,12,3,0.08,0.03,3,0.05,costed,157.53,-42.47,4.64,14,12,0.21235,-0.0009625058477022551,-0.00335839681972873,nonpositive_simultaneous_lower_bound;insufficient_release_days;nonpositive_stress_profit
4f0fa1b50b8d9246,reversal,12,3,0.08,0.03,3,0.005,stress,159.53,-40.47,3.78,116,90,0.20235,-0.0009116345735287506,-0.001494858656247629,
4f0fa1b50b8d9246,reversal,12,3,0.08,0.03,3,0.01,stress,158.05,-41.95,4.1,63,45,0.20975,-0.0009492174511548799,-0.0021017813430888087,
4f0fa1b50b8d9246,reversal,12,3,0.08,0.03,3,0.025,stress,159.26,-40.74,3.59,24,20,0.2037,-0.0009184648375755562,-0.0029240283530086735,
4f0fa1b50b8d9246,reversal,12,3,0.08,0.03,3,0.05,stress,159.89,-40.11,2.02,8,7,0.20055,-0.0009025455151238217,-0.003055483180626618,
7a033b8810c51e46,reversal,12,3,0.08,0.03,,0.005,costed,167.54,-32.46,3.96,120,95,0.1623,-0.0007140937008966641,-0.001674466712878707,nonpositive_simultaneous_lower_bound;nonpositive_stress_profit
7a033b8810c51e46,reversal,12,3,0.08,0.03,,0.01,costed,161.86,-38.14,4.44,69,53,0.20195,-0.0008531677519374236,-0.0026731787821263017,nonpositive_simultaneous_lower_bound;insufficient_release_days;nonpositive_stress_profit
7a033b8810c51e46,reversal,12,3,0.08,0.03,,0.025,costed,156.3,-43.7,3.76,23,19,0.2185,-0.0009941134238734112,-0.0029161601075166285,nonpositive_simultaneous_lower_bound;insufficient_release_days;nonpositive_stress_profit
7a033b8810c51e46,reversal,12,3,0.08,0.03,,0.05,costed,157.65,-42.35,4.44,15,14,0.21175,-0.0009594354054716403,-0.003456259382145786,nonpositive_simultaneous_lower_bound;insufficient_release_days;nonpositive_stress_profit
7a033b8810c51e46,reversal,12,3,0.08,0.03,,0.005,stress,159.97,-40.03,3.48,116,90,0.20015,-0.0009005285036069859,-0.0014512211141035737,
7a033b8810c51e46,reversal,12,3,0.08,0.03,,0.01,stress,158.82,-41.18,3.74,63,47,0.2059,-0.0009296204882297246,-0.002088484736300741,
7a033b8810c51e46,reversal,12,3,0.08,0.03,,0.025,stress,159.43,-40.57,3.37,24,20,0.20285,-0.0009141629521321088,-0.002869923951201928,
7a033b8810c51e46,reversal,12,3,0.08,0.03,,0.05,stress,159.52,-40.48,1.99,8,8,0.2024,-0.0009118873400585021,-0.0030455506678509154,
6b88242737eeabf0,reversal,12,3,0.08,0.08,1,0.005,costed,159.85,-40.15,6.56,138,72,0.2009098180363927,-0.000903554399363654,-0.0018884629548230436,nonpositive_simultaneous_lower_bound;nonpositive_stress_profit
6b88242737eeabf0,reversal,12,3,0.08,0.08,1,0.01,costed,159.72,-40.28,5.66,64,38,0.20191875281067306,-0.0009068350175524867,-0.0021712016824430467,nonpositive_simultaneous_lower_bound;insufficient_release_days;nonpositive_stress_profit
6b88242737eeabf0,reversal,12,3,0.08,0.08,1,0.025,costed,160.2,-39.8,4.65,22,13,0.20047911363976642,-0.00089473520932975,-0.0029897616466063926,nonpositive_simultaneous_lower_bound;insufficient_release_days;nonpositive_stress_profit
6b88242737eeabf0,reversal,12,3,0.08,0.08,1,0.05,costed,155.37,-44.63,4.9,13,7,0.22628355161595537,-0.001018177409048898,-0.004195703312800273,nonpositive_simultaneous_lower_bound;insufficient_release_days;nonpositive_stress_profit
6b88242737eeabf0,reversal,12,3,0.08,0.08,1,0.005,stress,159.64,-40.36,4.8,130,72,0.2018,-0.0009088551869657394,-0.0017791157146024412,
6b88242737eeabf0,reversal,12,3,0.08,0.08,1,0.01,stress,157.4,-42.6,4.12,58,33,0.213,-0.0009658348006642498,-0.002369035425897479,
6b88242737eeabf0,reversal,12,3,0.08,0.08,1,0.025,stress,156.0,-44.0,3.52,22,13,0.22,-0.0010018603197520144,-0.003327224080974506,
6b88242737eeabf0,reversal,12,3,0.08,0.08,1,0.05,stress,153.5,-46.5,3.87,14,11,0.2325,-0.0010670032238741325,-0.0038351217272567083,
0000372335325953,reversal,12,3,0.08,0.08,3,0.005,costed,159.17,-40.83,4.89,128,68,0.20554030446718244,-0.0009207441657511002,-0.001970733216911138,nonpositive_simultaneous_lower_bound;nonpositive_stress_profit
0000372335325953,reversal,12,3,0.08,0.08,3,0.01,costed,160.77,-39.23,3.56,50,33,0.2009448035803083,-0.0008804136869885818,-0.002241265007550292,nonpositive_simultaneous_lower_bound;insufficient_release_days;nonpositive_stress_profit
0000372335325953,reversal,12,3,0.08,0.08,3,0.025,costed,162.01,-37.99,3.08,19,12,0.2018032221510568,-0.0008494326807488299,-0.003104418095252419,nonpositive_simultaneous_lower_bound;insufficient_release_days;nonpositive_stress_profit
0000372335325953,reversal,12,3,0.08,0.08,3,0.05,costed,164.03,-35.97,3.6,12,7,0.2050884419675309,-0.0007994678573533958,-0.0036648341583837138,nonpositive_simultaneous_lower_bound;insufficient_release_days;nonpositive_stress_profit
0000372335325953,reversal,12,3,0.08,0.08,3,0.005,stress,158.79,-41.21,4.46,152,78,0.20605,-0.0009303822258469007,-0.0019128544725669125,
0000372335325953,reversal,12,3,0.08,0.08,3,0.01,stress,157.7,-42.3,3.31,58,32,0.2115,-0.0009581567442703401,-0.0025410385399396605,
0000372335325953,reversal,12,3,0.08,0.08,3,0.025,stress,155.08,-44.92,2.85,23,12,0.2246,-0.0010257107005859204,-0.0035043433525241184,
0000372335325953,reversal,12,3,0.08,0.08,3,0.05,stress,156.47,-43.53,2.25,10,6,0.21765,-0.0009897301138470597,-0.004145227946905555,
fc08f5795b0b5b9b,reversal,12,3,0.08,0.08,,0.005,costed,165.51,-34.49,4.6,147,78,0.2005490391814325,-0.0007632489943370467,-0.0020353900062120593,nonpositive_simultaneous_lower_bound;nonpositive_stress_profit
fc08f5795b0b5b9b,reversal,12,3,0.08,0.08,,0.01,costed,159.83,-40.17,3.39,55,34,0.20522128294380906,-0.0009040589361591714,-0.0023402131958126012,nonpositive_simultaneous_lower_bound;insufficient_release_days;nonpositive_stress_profit
fc08f5795b0b5b9b,reversal,12,3,0.08,0.08,,0.025,costed,161.24,-38.76,2.77,18,11,0.20559688623934572,-0.0008686428560446445,-0.003255580396239336,nonpositive_simultaneous_lower_bound;insufficient_release_days;nonpositive_stress_profit
fc08f5795b0b5b9b,reversal,12,3,0.08,0.08,,0.05,costed,164.68,-35.32,3.09,12,7,0.20193845408286892,-0.0007835208453481153,-0.0036667972463278924,nonpositive_simultaneous_lower_bound;insufficient_release_days;nonpositive_stress_profit
fc08f5795b0b5b9b,reversal,12,3,0.08,0.08,,0.005,stress,159.89,-40.11,4.12,152,79,0.20055,-0.0009025455151238207,-0.0018644695345943216,
fc08f5795b0b5b9b,reversal,12,3,0.08,0.08,,0.01,stress,159.52,-40.48,3.15,58,33,0.2024,-0.0009118873400585018,-0.0024483155319980914,
fc08f5795b0b5b9b,reversal,12,3,0.08,0.08,,0.025,stress,154.67,-45.33,2.8,23,14,0.22665,-0.00103638528829834,-0.0035170623313998143,
fc08f5795b0b5b9b,reversal,12,3,0.08,0.08,,0.05,stress,157.09,-42.91,2.09,9,7,0.21455,-0.000973784181597534,-0.004003725135695543,
ffea7f4d11751da3,reversal,6,3,0.08,0.03,1,0.005,costed,199.51,-0.49,0.06,2,2,0.00245,-9.891153875269516e-06,-3.997737225758068e-05,nonpositive_simultaneous_lower_bound;insufficient_release_days;nonpositive_stress_profit
ffea7f4d11751da3,reversal,6,3,0.08,0.03,1,0.01,costed,199.01,-0.99,0.1,2,2,0.00495,-2.0009241249254146e-05,-8.148131210122789e-05,nonpositive_simultaneous_lower_bound;insufficient_release_days;nonpositive_stress_profit
ffea7f4d11751da3,reversal,6,3,0.08,0.03,1,0.025,costed,197.27,-2.73,0.29,2,2,0.01365,-5.541942658169042e-05,-0.0002175283236959912,nonpositive_simultaneous_lower_bound;insufficient_release_days;nonpositive_stress_profit
ffea7f4d11751da3,reversal,6,3,0.08,0.03,1,0.05,costed,195.06,-4.94,0.54,2,2,0.0247,-0.00010084743146841829,-0.0003901150028024318,nonpositive_simultaneous_lower_bound;insufficient_release_days;nonpositive_stress_profit
ffea7f4d11751da3,reversal,6,3,0.08,0.03,1,0.005,stress,198.69,-1.31,0.11,3,3,0.00655,-2.6498166867092314e-05,-9.624666551291045e-05,
ffea7f4d11751da3,reversal,6,3,0.08,0.03,1,0.01,stress,197.23,-2.77,0.21,3,3,0.01385,-5.6237121502518486e-05,-0.00020447694190844784,
ffea7f4d11751da3,reversal,6,3,0.08,0.03,1,0.025,stress,192.77,-7.23,0.55,3,3,0.03615,-0.00014846612152635762,-0.0005368524721186243,
ffea7f4d11751da3,reversal,6,3,0.08,0.03,1,0.05,stress,186.41,-13.59,1.03,3,3,0.06795,-0.0002837452325277519,-0.0010247195846677345,
479dd0c503d332ff,reversal,6,3,0.08,0.03,3,0.005,costed,199.36,-0.64,0.05,2,2,0.0032,-1.2923915116727445e-05,-4.87655477328369e-05,nonpositive_simultaneous_lower_bound;insufficient_release_days;nonpositive_stress_profit
479dd0c503d332ff,reversal,6,3,0.08,0.03,3,0.01,costed,198.71,-1.29,0.08,2,2,0.00645,-2.609230294480575e-05,-9.865590185624956e-05,nonpositive_simultaneous_lower_bound;insufficient_release_days;nonpositive_stress_profit
479dd0c503d332ff,reversal,6,3,0.08,0.03,3,0.025,costed,196.22,-3.78,0.22,2,2,0.0189,-7.693906376125768e-05,-0.00028889184906075334,nonpositive_simultaneous_lower_bound;insufficient_release_days;nonpositive_stress_profit
479dd0c503d332ff,reversal,6,3,0.08,0.03,3,0.05,costed,192.96,-7.04,0.4,2,2,0.0352,-0.0001444937621339357,-0.0005445886873574019,nonpositive_simultaneous_lower_bound;insufficient_release_days;nonpositive_stress_profit
479dd0c503d332ff,reversal,6,3,0.08,0.03,3,0.005,stress,198.56,-1.44,0.1,3,3,0.0072,-2.913727859572452e-05,-0.0001047418677651582,
479dd0c503d332ff,reversal,6,3,0.08,0.03,3,0.01,stress,196.97,-3.03,0.19,3,3,0.01515,-6.155618415497329e-05,-0.0002211491730263991,
479dd0c503d332ff,reversal,6,3,0.08,0.03,3,0.025,stress,191.85,-8.15,0.49,3,3,0.04075,-0.00016775624941562625,-0.0006005812738022456,
479dd0c503d332ff,reversal,6,3,0.08,0.03,3,0.05,stress,184.57,-15.43,0.91,3,3,0.07715,-0.0003237442388259548,-0.001154557243554346,
1eeb08fed56e4ed1,reversal,6,3,0.08,0.03,,0.005,costed,199.36,-0.64,0.05,2,2,0.0032,-1.2923915116727445e-05,-4.87655477328369e-05,nonpositive_simultaneous_lower_bound;insufficient_release_days;nonpositive_stress_profit
1eeb08fed56e4ed1,reversal,6,3,0.08,0.03,,0.01,costed,198.71,-1.29,0.08,2,2,0.00645,-2.609230294480575e-05,-9.865590185624956e-05,nonpositive_simultaneous_lower_bound;insufficient_release_days;nonpositive_stress_profit
1eeb08fed56e4ed1,reversal,6,3,0.08,0.03,,0.025,costed,196.22,-3.78,0.22,2,2,0.0189,-7.693906376125768e-05,-0.00028889184906075334,nonpositive_simultaneous_lower_bound;insufficient_release_days;nonpositive_stress_profit
1eeb08fed56e4ed1,reversal,6,3,0.08,0.03,,0.05,costed,192.96,-7.04,0.4,2,2,0.0352,-0.0001444937621339357,-0.0005445886873574019,nonpositive_simultaneous_lower_bound;insufficient_release_days;nonpositive_stress_profit
1eeb08fed56e4ed1,reversal,6,3,0.08,0.03,,0.005,stress,198.56,-1.44,0.1,3,3,0.0072,-2.913727859572452e-05,-0.0001047418677651582,
1eeb08fed56e4ed1,reversal,6,3,0.08,0.03,,0.01,stress,196.97,-3.03,0.19,3,3,0.01515,-6.155618415497329e-05,-0.0002211491730263991,
1eeb08fed56e4ed1,reversal,6,3,0.08,0.03,,0.025,stress,191.85,-8.15,0.49,3,3,0.04075,-0.00016775624941562625,-0.0006005812738022456,
1eeb08fed56e4ed1,reversal,6,3,0.08,0.03,,0.05,stress,184.57,-15.43,0.91,3,3,0.07715,-0.0003237442388259548,-0.001154557243554346,
61c6223944c36c6f,reversal,6,3,0.08,0.08,1,0.005,costed,196.77,-3.23,0.46,9,9,0.01615,-6.565255070275345e-05,-0.00017352449787616696,nonpositive_simultaneous_lower_bound;insufficient_release_days;nonpositive_stress_profit
61c6223944c36c6f,reversal,6,3,0.08,0.08,1,0.01,costed,193.21,-6.79,0.9,9,9,0.03395,-0.00013927292852719615,-0.00036862046432955994,nonpositive_simultaneous_lower_bound;insufficient_release_days;nonpositive_stress_profit
61c6223944c36c6f,reversal,6,3,0.08,0.08,1,0.025,costed,182.89,-17.11,2.2,9,9,0.08555,-0.000360614868272389,-0.0009560018697591688,nonpositive_simultaneous_lower_bound;insufficient_release_days;nonpositive_stress_profit
61c6223944c36c6f,reversal,6,3,0.08,0.08,1,0.05,costed,167.49,-32.51,4.12,9,9,0.16255,-0.000715297252248621,-0.0019112052618673484,nonpositive_simultaneous_lower_bound;insufficient_release_days;nonpositive_stress_profit
61c6223944c36c6f,reversal,6,3,0.08,0.08,1,0.005,stress,197.15,-2.85,0.25,7,7,0.01425,-5.7873008969357036e-05,-0.00016644098865338077,
61c6223944c36c6f,reversal,6,3,0.08,0.08,1,0.01,stress,194.03,-5.97,0.49,7,7,0.02985,-0.00012219588816474001,-0.00035218957249246705,
61c6223944c36c6f,reversal,6,3,0.08,0.08,1,0.025,stress,184.78,-15.22,1.25,7,7,0.0761,-0.0003191590254251513,-0.000920889992886645,
61c6223944c36c6f,reversal,6,3,0.08,0.08,1,0.05,stress,171.16,-28.84,2.36,7,7,0.1442,-0.0006278974798363734,-0.0018111684881203214,
56d8de98e9f1f713,reversal,6,3,0.08,0.08,3,0.005,costed,194.76,-5.24,0.33,9,9,0.0262,-0.00010705377110296983,-0.0002551179979905396,nonpositive_simultaneous_lower_bound;insufficient_release_days;nonpositive_stress_profit
56d8de98e9f1f713,reversal,6,3,0.08,0.08,3,0.01,costed,189.43,-10.57,0.6,9,9,0.05285,-0.00021894275567681205,-0.0005236704155167362,nonpositive_simultaneous_lower_bound;insufficient_release_days;nonpositive_stress_profit
56d8de98e9f1f713,reversal,6,3,0.08,0.08,3,0.025,costed,172.41,-27.59,1.52,9,9,0.13795,-0.0005985564732269238,-0.001436411596644401,nonpositive_simultaneous_lower_bound;insufficient_release_days;nonpositive_stress_profit
56d8de98e9f1f713,reversal,6,3,0.08,0.08,3,0.05,costed,159.95,-40.05,2.11,7,7,0.20025,-0.0009010326619052807,-0.0024565127646524244,nonpositive_simultaneous_lower_bound;insufficient_release_days;nonpositive_stress_profit
56d8de98e9f1f713,reversal,6,3,0.08,0.08,3,0.005,stress,196.48,-3.52,0.22,7,7,0.0176,-7.159968382765745e-05,-0.00020280949241414437,
56d8de98e9f1f713,reversal,6,3,0.08,0.08,3,0.01,stress,192.69,-7.31,0.43,7,7,0.03655,-0.0001501398653638136,-0.00042411319699791705,
56d8de98e9f1f713,reversal,6,3,0.08,0.08,3,0.025,stress,180.84,-19.16,1.06,7,7,0.0958,-0.0004060673553291621,-0.0011562353053266756,
56d8de98e9f1f713,reversal,6,3,0.08,0.08,3,0.05,stress,163.64,-36.36,1.97,7,7,0.1818,-0.0008090664253501566,-0.0023075641346425677,
9fa0f736e5b039e2,reversal,6,3,0.08,0.08,,0.005,costed,194.76,-5.24,0.33,9,9,0.0262,-0.00010705377110296983,-0.0002551179979905396,nonpositive_simultaneous_lower_bound;insufficient_release_days;nonpositive_stress_profit
9fa0f736e5b039e2,reversal,6,3,0.08,0.08,,0.01,costed,189.43,-10.57,0.6,9,9,0.05285,-0.00021894275567681205,-0.0005236704155167362,nonpositive_simultaneous_lower_bound;insufficient_release_days;nonpositive_stress_profit
9fa0f736e5b039e2,reversal,6,3,0.08,0.08,,0.025,costed,172.41,-27.59,1.52,9,9,0.13795,-0.0005985564732269238,-0.001436411596644401,nonpositive_simultaneous_lower_bound;insufficient_release_days;nonpositive_stress_profit
9fa0f736e5b039e2,reversal,6,3,0.08,0.08,,0.05,costed,159.95,-40.05,2.11,7,7,0.20025,-0.0009010326619052807,-0.0024565127646524244,nonpositive_simultaneous_lower_bound;insufficient_release_days;nonpositive_stress_profit
9fa0f736e5b039e2,reversal,6,3,0.08,0.08,,0.005,stress,196.48,-3.52,0.22,7,7,0.0176,-7.159968382765745e-05,-0.00020280949241414437,
9fa0f736e5b039e2,reversal,6,3,0.08,0.08,,0.01,stress,192.69,-7.31,0.43,7,7,0.03655,-0.0001501398653638136,-0.00042411319699791705,
9fa0f736e5b039e2,reversal,6,3,0.08,0.08,,0.025,stress,180.84,-19.16,1.06,7,7,0.0958,-0.0004060673553291621,-0.0011562353053266756,
9fa0f736e5b039e2,reversal,6,3,0.08,0.08,,0.05,stress,163.64,-36.36,1.97,7,7,0.1818,-0.0008090664253501566,-0.0023075641346425677,
9a85ae2c0e271185,reversal,24,3,0.15,0.03,1,0.005,costed,200.0,0.0,0.0,0,0,0.0,0.0,,nonpositive_simultaneous_lower_bound;insufficient_release_days;nonpositive_stress_profit
9a85ae2c0e271185,reversal,24,3,0.15,0.03,1,0.01,costed,200.0,0.0,0.0,0,0,0.0,0.0,,nonpositive_simultaneous_lower_bound;insufficient_release_days;nonpositive_stress_profit
9a85ae2c0e271185,reversal,24,3,0.15,0.03,1,0.025,costed,200.0,0.0,0.0,0,0,0.0,0.0,,nonpositive_simultaneous_lower_bound;insufficient_release_days;nonpositive_stress_profit
9a85ae2c0e271185,reversal,24,3,0.15,0.03,1,0.05,costed,200.0,0.0,0.0,0,0,0.0,0.0,,nonpositive_simultaneous_lower_bound;insufficient_release_days;nonpositive_stress_profit
9a85ae2c0e271185,reversal,24,3,0.15,0.03,1,0.005,stress,200.0,0.0,0.0,0,0,0.0,0.0,,
9a85ae2c0e271185,reversal,24,3,0.15,0.03,1,0.01,stress,200.0,0.0,0.0,0,0,0.0,0.0,,
9a85ae2c0e271185,reversal,24,3,0.15,0.03,1,0.025,stress,200.0,0.0,0.0,0,0,0.0,0.0,,
9a85ae2c0e271185,reversal,24,3,0.15,0.03,1,0.05,stress,200.0,0.0,0.0,0,0,0.0,0.0,,
7321ee63662b3ca9,reversal,24,3,0.15,0.03,3,0.005,costed,200.0,0.0,0.0,0,0,0.0,0.0,,nonpositive_simultaneous_lower_bound;insufficient_release_days;nonpositive_stress_profit
7321ee63662b3ca9,reversal,24,3,0.15,0.03,3,0.01,costed,200.0,0.0,0.0,0,0,0.0,0.0,,nonpositive_simultaneous_lower_bound;insufficient_release_days;nonpositive_stress_profit
7321ee63662b3ca9,reversal,24,3,0.15,0.03,3,0.025,costed,200.0,0.0,0.0,0,0,0.0,0.0,,nonpositive_simultaneous_lower_bound;insufficient_release_days;nonpositive_stress_profit
7321ee63662b3ca9,reversal,24,3,0.15,0.03,3,0.05,costed,200.0,0.0,0.0,0,0,0.0,0.0,,nonpositive_simultaneous_lower_bound;insufficient_release_days;nonpositive_stress_profit
7321ee63662b3ca9,reversal,24,3,0.15,0.03,3,0.005,stress,200.0,0.0,0.0,0,0,0.0,0.0,,
7321ee63662b3ca9,reversal,24,3,0.15,0.03,3,0.01,stress,200.0,0.0,0.0,0,0,0.0,0.0,,
7321ee63662b3ca9,reversal,24,3,0.15,0.03,3,0.025,stress,200.0,0.0,0.0,0,0,0.0,0.0,,
7321ee63662b3ca9,reversal,24,3,0.15,0.03,3,0.05,stress,200.0,0.0,0.0,0,0,0.0,0.0,,
1206e52269e106d2,reversal,24,3,0.15,0.03,,0.005,costed,200.0,0.0,0.0,0,0,0.0,0.0,,nonpositive_simultaneous_lower_bound;insufficient_release_days;nonpositive_stress_profit
1206e52269e106d2,reversal,24,3,0.15,0.03,,0.01,costed,200.0,0.0,0.0,0,0,0.0,0.0,,nonpositive_simultaneous_lower_bound;insufficient_release_days;nonpositive_stress_profit
1206e52269e106d2,reversal,24,3,0.15,0.03,,0.025,costed,200.0,0.0,0.0,0,0,0.0,0.0,,nonpositive_simultaneous_lower_bound;insufficient_release_days;nonpositive_stress_profit
1206e52269e106d2,reversal,24,3,0.15,0.03,,0.05,costed,200.0,0.0,0.0,0,0,0.0,0.0,,nonpositive_simultaneous_lower_bound;insufficient_release_days;nonpositive_stress_profit
1206e52269e106d2,reversal,24,3,0.15,0.03,,0.005,stress,200.0,0.0,0.0,0,0,0.0,0.0,,
1206e52269e106d2,reversal,24,3,0.15,0.03,,0.01,stress,200.0,0.0,0.0,0,0,0.0,0.0,,
1206e52269e106d2,reversal,24,3,0.15,0.03,,0.025,stress,200.0,0.0,0.0,0,0,0.0,0.0,,
1206e52269e106d2,reversal,24,3,0.15,0.03,,0.05,stress,200.0,0.0,0.0,0,0,0.0,0.0,,
c1973627a089a4fb,reversal,24,3,0.15,0.08,1,0.005,costed,200.0,0.0,0.0,0,0,0.0,0.0,,nonpositive_simultaneous_lower_bound;insufficient_release_days;nonpositive_stress_profit
c1973627a089a4fb,reversal,24,3,0.15,0.08,1,0.01,costed,200.0,0.0,0.0,0,0,0.0,0.0,,nonpositive_simultaneous_lower_bound;insufficient_release_days;nonpositive_stress_profit
c1973627a089a4fb,reversal,24,3,0.15,0.08,1,0.025,costed,200.0,0.0,0.0,0,0,0.0,0.0,,nonpositive_simultaneous_lower_bound;insufficient_release_days;nonpositive_stress_profit
c1973627a089a4fb,reversal,24,3,0.15,0.08,1,0.05,costed,200.0,0.0,0.0,0,0,0.0,0.0,,nonpositive_simultaneous_lower_bound;insufficient_release_days;nonpositive_stress_profit
c1973627a089a4fb,reversal,24,3,0.15,0.08,1,0.005,stress,200.0,0.0,0.0,0,0,0.0,0.0,,
c1973627a089a4fb,reversal,24,3,0.15,0.08,1,0.01,stress,200.0,0.0,0.0,0,0,0.0,0.0,,
c1973627a089a4fb,reversal,24,3,0.15,0.08,1,0.025,stress,200.0,0.0,0.0,0,0,0.0,0.0,,
c1973627a089a4fb,reversal,24,3,0.15,0.08,1,0.05,stress,200.0,0.0,0.0,0,0,0.0,0.0,,
ab5eddff79bc72c0,reversal,24,3,0.15,0.08,3,0.005,costed,200.0,0.0,0.0,0,0,0.0,0.0,,nonpositive_simultaneous_lower_bound;insufficient_release_days;nonpositive_stress_profit
ab5eddff79bc72c0,reversal,24,3,0.15,0.08,3,0.01,costed,200.0,0.0,0.0,0,0,0.0,0.0,,nonpositive_simultaneous_lower_bound;insufficient_release_days;nonpositive_stress_profit
ab5eddff79bc72c0,reversal,24,3,0.15,0.08,3,0.025,costed,200.0,0.0,0.0,0,0,0.0,0.0,,nonpositive_simultaneous_lower_bound;insufficient_release_days;nonpositive_stress_profit
ab5eddff79bc72c0,reversal,24,3,0.15,0.08,3,0.05,costed,200.0,0.0,0.0,0,0,0.0,0.0,,nonpositive_simultaneous_lower_bound;insufficient_release_days;nonpositive_stress_profit
ab5eddff79bc72c0,reversal,24,3,0.15,0.08,3,0.005,stress,200.0,0.0,0.0,0,0,0.0,0.0,,
ab5eddff79bc72c0,reversal,24,3,0.15,0.08,3,0.01,stress,200.0,0.0,0.0,0,0,0.0,0.0,,
ab5eddff79bc72c0,reversal,24,3,0.15,0.08,3,0.025,stress,200.0,0.0,0.0,0,0,0.0,0.0,,
ab5eddff79bc72c0,reversal,24,3,0.15,0.08,3,0.05,stress,200.0,0.0,0.0,0,0,0.0,0.0,,
f2d19ef959204442,reversal,24,3,0.15,0.08,,0.005,costed,200.0,0.0,0.0,0,0,0.0,0.0,,nonpositive_simultaneous_lower_bound;insufficient_release_days;nonpositive_stress_profit
f2d19ef959204442,reversal,24,3,0.15,0.08,,0.01,costed,200.0,0.0,0.0,0,0,0.0,0.0,,nonpositive_simultaneous_lower_bound;insufficient_release_days;nonpositive_stress_profit
f2d19ef959204442,reversal,24,3,0.15,0.08,,0.025,costed,200.0,0.0,0.0,0,0,0.0,0.0,,nonpositive_simultaneous_lower_bound;insufficient_release_days;nonpositive_stress_profit
f2d19ef959204442,reversal,24,3,0.15,0.08,,0.05,costed,200.0,0.0,0.0,0,0,0.0,0.0,,nonpositive_simultaneous_lower_bound;insufficient_release_days;nonpositive_stress_profit
f2d19ef959204442,reversal,24,3,0.15,0.08,,0.005,stress,200.0,0.0,0.0,0,0,0.0,0.0,,
f2d19ef959204442,reversal,24,3,0.15,0.08,,0.01,stress,200.0,0.0,0.0,0,0,0.0,0.0,,
f2d19ef959204442,reversal,24,3,0.15,0.08,,0.025,stress,200.0,0.0,0.0,0,0,0.0,0.0,,
f2d19ef959204442,reversal,24,3,0.15,0.08,,0.05,stress,200.0,0.0,0.0,0,0,0.0,0.0,,
a6f3f91c4fc530b0,reversal,18,3,0.15,0.03,1,0.005,costed,199.27,-0.73,0.22,4,4,0.00365,-1.4744667352999139e-05,-5.2669728276351436e-05,nonpositive_simultaneous_lower_bound;insufficient_release_days;nonpositive_stress_profit
a6f3f91c4fc530b0,reversal,18,3,0.15,0.03,1,0.01,costed,198.51,-1.49,0.43,4,4,0.00745,-3.015278167725387e-05,-0.00010813662488950698,nonpositive_simultaneous_lower_bound;insufficient_release_days;nonpositive_stress_profit
a6f3f91c4fc530b0,reversal,18,3,0.15,0.03,1,0.025,costed,196.18,-3.82,1.1,4,4,0.0191,-7.776113472527047e-05,-0.00027904635978528763,nonpositive_simultaneous_lower_bound;insufficient_release_days;nonpositive_stress_profit
a6f3f91c4fc530b0,reversal,18,3,0.15,0.03,1,0.05,costed,192.36,-7.64,2.18,4,4,0.0382,-0.00015705141184909195,-0.0005626040300374146,nonpositive_simultaneous_lower_bound;insufficient_release_days;nonpositive_stress_profit
a6f3f91c4fc530b0,reversal,18,3,0.15,0.03,1,0.005,stress,198.86,-1.14,0.26,5,5,0.0057,-2.304962498431092e-05,-7.620933734564449e-05,
a6f3f91c4fc530b0,reversal,18,3,0.15,0.03,1,0.01,stress,197.46,-2.54,0.54,5,5,0.0127,-5.1537638567472186e-05,-0.00016955687094377501,
a6f3f91c4fc530b0,reversal,18,3,0.15,0.03,1,0.025,stress,193.35,-6.65,1.4,5,5,0.03325,-0.00013635221167230106,-0.000446038408982157,
a6f3f91c4fc530b0,reversal,18,3,0.15,0.03,1,0.05,stress,186.84,-13.16,2.73,5,5,0.0658,-0.0002744545601376188,-0.0008987755991201273,
64dada889e1be3ba,reversal,18,3,0.15,0.03,3,0.005,costed,199.48,-0.52,0.21,4,4,0.0026,-1.0497523669818009e-05,-4.28092581501586e-05,nonpositive_simultaneous_lower_bound;insufficient_release_days;nonpositive_stress_profit
64dada889e1be3ba,reversal,18,3,0.15,0.03,3,0.01,costed,199.01,-0.99,0.41,4,4,0.00495,-2.000924124925435e-05,-8.29359351657126e-05,nonpositive_simultaneous_lower_bound;insufficient_release_days;nonpositive_stress_profit
64dada889e1be3ba,reversal,18,3,0.15,0.03,3,0.025,costed,197.61,-2.39,1.05,4,4,0.01195,-4.847570656179593e-05,-0.00020887355948439798,nonpositive_simultaneous_lower_bound;insufficient_release_days;nonpositive_stress_profit
64dada889e1be3ba,reversal,18,3,0.15,0.03,3,0.05,costed,195.19,-4.81,2.11,4,4,0.02405,-9.816098140934438e-05,-0.000421199601151615,nonpositive_simultaneous_lower_bound;insufficient_release_days;nonpositive_stress_profit
64dada889e1be3ba,reversal,18,3,0.15,0.03,3,0.005,stress,198.26,-1.74,0.22,5,5,0.0087,-3.523413686808633e-05,-0.00011385799260246617,
64dada889e1be3ba,reversal,18,3,0.15,0.03,3,0.01,stress,195.98,-4.02,0.45,5,5,0.0201,-8.187400540469447e-05,-0.0002637803298971463,
64dada889e1be3ba,reversal,18,3,0.15,0.03,3,0.025,stress,189.71,-10.29,1.12,5,5,0.05145,-0.00021298700074025254,-0.0006868145903965629,
64dada889e1be3ba,reversal,18,3,0.15,0.03,3,0.05,stress,179.46,-20.54,2.2,5,5,0.1027,-0.00043695574466985946,-0.0014137290176441304,
b8feb66e1ae8a48f,reversal,18,3,0.15,0.03,,0.005,costed,198.48,-1.52,0.12,4,4,0.0076,-3.076220630843186e-05,-0.00011571209028467647,nonpositive_simultaneous_lower_bound;insufficient_release_days;nonpositive_stress_profit
b8feb66e1ae8a48f,reversal,18,3,0.15,0.03,,0.01,costed,196.65,-3.35,0.24,4,4,0.01675,-6.811236963797648e-05,-0.0002599040237755517,nonpositive_simultaneous_lower_bound;insufficient_release_days;nonpositive_stress_profit
b8feb66e1ae8a48f,reversal,18,3,0.15,0.03,,0.025,costed,191.76,-8.24,0.61,4,4,0.0412,-0.00016964829202382198,-0.0006614587395363189,nonpositive_simultaneous_lower_bound;insufficient_release_days;nonpositive_stress_profit
b8feb66e1ae8a48f,reversal,18,3,0.15,0.03,,0.05,costed,183.42,-16.58,1.2,4,4,0.0829,-0.00034894661861789773,-0.0013546472191848398,nonpositive_simultaneous_lower_bound;insufficient_release_days;nonpositive_stress_profit
b8feb66e1ae8a48f,reversal,18,3,0.15,0.03,,0.005,stress,197.79,-2.21,0.15,5,5,0.01105,-4.480445465612427e-05,-0.00015168306250496063,
b8feb66e1ae8a48f,reversal,18,3,0.15,0.03,,0.01,stress,194.65,-5.35,0.31,5,5,0.02675,-0.00010933182456279074,-0.00037379968199774774,
b8feb66e1ae8a48f,reversal,18,3,0.15,0.03,,0.025,stress,186.35,-13.65,0.78,5,5,0.06825,-0.0002850433089627791,-0.000982879898880157,
b8feb66e1ae8a48f,reversal,18,3,0.15,0.03,,0.05,stress,172.88,-27.12,1.54,5,5,0.1356,-0.0005875792514088962,-0.002032247423755397,
ee57818e4b86b86f,reversal,18,3,0.15,0.08,1,0.005,costed,198.04,-1.96,0.52,9,9,0.0098,-3.971103247908974e-05,-0.00011752378821251963,nonpositive_simultaneous_lower_bound;insufficient_release_days;nonpositive_stress_profit
ee57818e4b86b86f,reversal,18,3,0.15,0.08,1,0.01,costed,195.72,-4.28,1.08,9,9,0.0214,-8.722701664158821e-05,-0.00025849028782399966,nonpositive_simultaneous_lower_bound;insufficient_release_days;nonpositive_stress_profit
ee57818e4b86b86f,reversal,18,3,0.15,0.08,1,0.025,costed,189.2,-10.8,2.67,9,9,0.054,-0.00022384157229943095,-0.0006596591116213928,nonpositive_simultaneous_lower_bound;insufficient_release_days;nonpositive_stress_profit
ee57818e4b86b86f,reversal,18,3,0.15,0.08,1,0.05,costed,178.69,-21.31,5.22,9,9,0.10655,-0.00045429397442526897,-0.0013398916465187083,nonpositive_simultaneous_lower_bound;insufficient_release_days;nonpositive_stress_profit
ee57818e4b86b86f,reversal,18,3,0.15,0.08,1,0.005,stress,197.68,-2.32,0.5,9,9,0.0116,-4.7047600272911136e-05,-0.00014325210924383378,
ee57818e4b86b86f,reversal,18,3,0.15,0.08,1,0.01,stress,194.93,-5.07,1.03,9,9,0.02535,-0.00010353567254025387,-0.0003158622377339347,
ee57818e4b86b86f,reversal,18,3,0.15,0.08,1,0.025,stress,187.07,-12.93,2.55,9,9,0.06465,-0.0002694939039807397,-0.0008270122426369132,
ee57818e4b86b86f,reversal,18,3,0.15,0.08,1,0.05,stress,174.16,-25.84,5.07,9,9,0.1292,-0.0005578344742812288,-0.0017154242802069116,
1f24516d68e729f4,reversal,18,3,0.15,0.08,3,0.005,costed,197.96,-2.04,0.48,9,9,0.0102,-4.134022767883535e-05,-0.00013686066834979043,nonpositive_simultaneous_lower_bound;insufficient_release_days;nonpositive_stress_profit
1f24516d68e729f4,reversal,18,3,0.15,0.08,3,0.01,costed,195.54,-4.46,1.01,9,9,0.0223,-9.093711480044965e-05,-0.00030834320994346104,nonpositive_simultaneous_lower_bound;insufficient_release_days;nonpositive_stress_profit
1f24516d68e729f4,reversal,18,3,0.15,0.08,3,0.025,costed,188.88,-11.12,2.54,9,9,0.0556,-0.0002306672329466899,-0.0007858480433390718,nonpositive_simultaneous_lower_bound;insufficient_release_days;nonpositive_stress_profit
1f24516d68e729f4,reversal,18,3,0.15,0.08,3,0.05,costed,177.96,-22.04,4.95,9,9,0.1102,-0.0004708006476217569,-0.0016065246904224735,nonpositive_simultaneous_lower_bound;insufficient_release_days;nonpositive_stress_profit
1f24516d68e729f4,reversal,18,3,0.15,0.08,3,0.005,stress,198.3,-1.7,0.45,9,8,0.016076213158678177,-3.4420689605992596e-05,-0.00021392810287696026,
1f24516d68e729f4,reversal,18,3,0.15,0.08,3,0.01,stress,195.98,-4.02,0.99,9,8,0.03742632612966601,-8.187400540469402e-05,-0.0005206969783895154,
1f24516d68e729f4,reversal,18,3,0.15,0.08,3,0.025,stress,189.6,-10.4,2.36,9,8,0.09178003448936578,-0.00021532571260933508,-0.0013078547443281835,
1f24516d68e729f4,reversal,18,3,0.15,0.08,3,0.05,stress,178.82,-21.18,4.78,9,8,0.1799128640220133,-0.0004513615050034868,-0.0027099461356228836,
c28255330c32b698,reversal,18,3,0.15,0.08,,0.005,costed,199.2,-0.8,0.29,9,9,0.016975917883932098,-1.616137660297961e-05,-0.00022148140420517838,nonpositive_simultaneous_lower_bound;insufficient_release_days;nonpositive_stress_profit
c28255330c32b698,reversal,18,3,0.15,0.08,,0.01,costed,198.04,-1.96,0.63,9,9,0.03892070270794914,-3.971103247909016e-05,-0.0005200557477079545,nonpositive_simultaneous_lower_bound;insufficient_release_days;nonpositive_stress_profit
c28255330c32b698,reversal,18,3,0.15,0.08,,0.025,costed,195.3,-4.7,1.6,9,9,0.09671153045650062,-9.588922848953035e-05,-0.0013219973475448853,nonpositive_simultaneous_lower_bound;insufficient_release_days;nonpositive_stress_profit
c28255330c32b698,reversal,18,3,0.15,0.08,,0.05,costed,189.35,-10.65,3.35,9,9,0.18803602058319038,-0.00022064601693642266,-0.002685094122834359,nonpositive_simultaneous_lower_bound;insufficient_release_days;nonpositive_stress_profit
c28255330c32b698,reversal,18,3,0.15,0.08,,0.005,stress,199.07,-0.93,0.29,9,9,0.01703535453288564,-1.879372936368773e-05,-0.00026094189172778254,
c28255330c32b698,reversal,18,3,0.15,0.08,,0.01,stress,197.85,-2.15,0.63,9,9,0.03900330289489023,-4.3581446437916794e-05,-0.0006253924886388744,
c28255330c32b698,reversal,18,3,0.15,0.08,,0.025,stress,192.79,-7.21,1.57,9,9,0.1003313267067992,-0.00014804779409943324,-0.001623839784625539,
c28255330c32b698,reversal,18,3,0.15,0.08,,0.05,stress,185.73,-14.27,3.24,9,9,0.19047203940199625,-0.00029848129172897693,-0.0032576343528870635,
7dd10ff07188c185,reversal,12,3,0.15,0.03,1,0.005,costed,186.98,-13.02,3.75,67,61,0.07305,-0.0002714343035680126,-0.000834177323601346,nonpositive_simultaneous_lower_bound;nonpositive_stress_profit
7dd10ff07188c185,reversal,12,3,0.15,0.03,1,0.01,costed,173.85,-26.15,7.04,67,61,0.14505,-0.0005650181777990582,-0.0017257295801713082,nonpositive_simultaneous_lower_bound;nonpositive_stress_profit
7dd10ff07188c185,reversal,12,3,0.15,0.03,1,0.025,costed,159.75,-40.25,9.37,35,31,0.20125,-0.0009060777148806135,-0.0032091153377337965,nonpositive_simultaneous_lower_bound;insufficient_release_days;nonpositive_stress_profit
7dd10ff07188c185,reversal,12,3,0.15,0.03,1,0.05,costed,156.75,-43.25,6.16,14,12,0.21625,-0.0009825209154637373,-0.0028525685286923965,nonpositive_simultaneous_lower_bound;insufficient_release_days;nonpositive_stress_profit
7dd10ff07188c185,reversal,12,3,0.15,0.03,1,0.005,stress,178.3,-21.7,2.44,63,53,0.1085,-0.0004631042003183136,-0.0008185032684438645,
7dd10ff07188c185,reversal,12,3,0.15,0.03,1,0.01,stress,159.79,-40.21,4.3,59,49,0.20105,-0.0009050681991804004,-0.0017014816347735193,
7dd10ff07188c185,reversal,12,3,0.15,0.03,1,0.025,stress,159.36,-40.64,4.92,26,21,0.2032,-0.0009159337609344714,-0.002231062759615659,
7dd10ff07188c185,reversal,12,3,0.15,0.03,1,0.05,stress,156.29,-43.71,4.29,12,11,0.21855,-0.000994371414088444,-0.0028962966690025344,
77c0497a270f2c1f,reversal,12,3,0.15,0.03,3,0.005,costed,185.44,-14.56,2.89,67,57,0.0728,-0.000304782205470143,-0.0009913801130283617,nonpositive_simultaneous_lower_bound;insufficient_release_days;nonpositive_stress_profit
77c0497a270f2c1f,reversal,12,3,0.15,0.03,3,0.01,costed,171.09,-28.91,5.41,67,57,0.14455,-0.0006295469060946745,-0.002014852196899555,nonpositive_simultaneous_lower_bound;insufficient_release_days;nonpositive_stress_profit
77c0497a270f2c1f,reversal,12,3,0.15,0.03,3,0.025,costed,159.02,-40.98,4.34,21,17,0.2049,-0.000924545911591529,-0.0023798174478804083,nonpositive_simultaneous_lower_bound;insufficient_release_days;nonpositive_stress_profit
77c0497a270f2c1f,reversal,12,3,0.15,0.03,3,0.05,costed,154.46,-45.54,4.75,13,11,0.2277,-0.0010418637234149955,-0.003302722057136881,nonpositive_simultaneous_lower_bound;insufficient_release_days;nonpositive_stress_profit
77c0497a270f2c1f,reversal,12,3,0.15,0.03,3,0.005,stress,180.75,-19.25,2.1,63,55,0.10096990798308879,-0.000408074618988559,-0.0008175081156026596,
77c0497a270f2c1f,reversal,12,3,0.15,0.03,3,0.01,stress,161.8,-38.2,3.93,62,54,0.20283785781149924,-0.0008546627496921177,-0.0018088311576202173,
77c0497a270f2c1f,reversal,12,3,0.15,0.03,3,0.025,stress,164.96,-35.04,4.78,29,23,0.207151783139479,-0.0007766707511265614,-0.002575697829928314,
77c0497a270f2c1f,reversal,12,3,0.15,0.03,3,0.05,stress,156.24,-43.76,3.69,12,11,0.2188,-0.000995661612821021,-0.003220385503433028,
a68a7be910238c35,reversal,12,3,0.15,0.03,,0.005,costed,189.68,-10.32,2.36,67,60,0.060757613270611535,-0.00021362469673744572,-0.0012010428225658,nonpositive_simultaneous_lower_bound;nonpositive_stress_profit
a68a7be910238c35,reversal,12,3,0.15,0.03,,0.01,costed,175.15,-24.85,4.53,67,60,0.13493357040549217,-0.0005349782939699234,-0.0024913035542553233,nonpositive_simultaneous_lower_bound;nonpositive_stress_profit
a68a7be910238c35,reversal,12,3,0.15,0.03,,0.025,costed,158.95,-41.05,3.65,21,19,0.20525,-0.0009263212870613918,-0.00258540055726477,nonpositive_simultaneous_lower_bound;insufficient_release_days;nonpositive_stress_profit
a68a7be910238c35,reversal,12,3,0.15,0.03,,0.05,costed,157.51,-42.49,4.49,14,12,0.21245,-0.0009630178154612616,-0.003303824923184473,nonpositive_simultaneous_lower_bound;insufficient_release_days;nonpositive_stress_profit
a68a7be910238c35,reversal,12,3,0.15,0.03,,0.005,stress,181.89,-18.11,1.94,63,54,0.09583933986180843,-0.0003827228136947079,-0.0007988533186723149,
a68a7be910238c35,reversal,12,3,0.15,0.03,,0.01,stress,162.79,-37.21,3.73,63,54,0.19890753407804734,-0.0008300658868049094,-0.0017964236000723214,
a68a7be910238c35,reversal,12,3,0.15,0.03,,0.025,stress,166.28,-33.72,4.63,31,26,0.20352541073909086,-0.0007445332748532269,-0.0026322479337714637,
a68a7be910238c35,reversal,12,3,0.15,0.03,,0.05,stress,157.86,-42.14,3.41,12,11,0.2107,-0.00095406775107976,-0.0030510402383220427,
90513dbc8a78efc5,reversal,12,3,0.15,0.08,1,0.005,costed,159.5,-40.5,6.56,139,88,0.20265946810637872,-0.0009123929206578106,-0.0018256140528732615,nonpositive_simultaneous_lower_bound;nonpositive_stress_profit
90513dbc8a78efc5,reversal,12,3,0.15,0.08,1,0.01,costed,159.61,-40.39,7.4,77,50,0.2024683955428971,-0.0009096130115063308,-0.002300113369173522,nonpositive_simultaneous_lower_bound;insufficient_release_days;nonpositive_stress_profit
90513dbc8a78efc5,reversal,12,3,0.15,0.08,1,0.025,costed,159.93,-40.07,4.16,20,15,0.2018266207516095,-0.0009015368832470058,-0.0025805241275099512,nonpositive_simultaneous_lower_bound;insufficient_release_days;nonpositive_stress_profit
90513dbc8a78efc5,reversal,12,3,0.15,0.08,1,0.05,costed,159.63,-40.37,4.95,13,8,0.20506946865195957,-0.0009091077793211647,-0.003287295711920398,nonpositive_simultaneous_lower_bound;insufficient_release_days;nonpositive_stress_profit
90513dbc8a78efc5,reversal,12,3,0.15,0.08,1,0.005,stress,159.58,-40.42,4.73,140,86,0.2021,-0.0009103709784996039,-0.0015745930776939125,
90513dbc8a78efc5,reversal,12,3,0.15,0.08,1,0.01,stress,159.34,-40.66,4.22,62,38,0.2033,-0.0009164398491766794,-0.0020868664734158987,
90513dbc8a78efc5,reversal,12,3,0.15,0.08,1,0.025,stress,157.87,-42.13,3.08,21,17,0.21065,-0.0009538123266306498,-0.002600860946241282,
90513dbc8a78efc5,reversal,12,3,0.15,0.08,1,0.05,stress,157.07,-42.93,2.91,12,10,0.21465,-0.0009742975834399025,-0.0033885164548693955,
0fe492356496db7e,reversal,12,3,0.15,0.08,3,0.005,costed,160.2,-39.8,4.75,122,73,0.20039930122285998,-0.0008947352093297498,-0.002001551420545986,nonpositive_simultaneous_lower_bound;nonpositive_stress_profit
0fe492356496db7e,reversal,12,3,0.15,0.08,3,0.01,costed,160.27,-39.73,3.8,51,33,0.20303331675783193,-0.0008929736836393253,-0.002222053766427775,nonpositive_simultaneous_lower_bound;insufficient_release_days;nonpositive_stress_profit
0fe492356496db7e,reversal,12,3,0.15,0.08,3,0.025,costed,158.86,-41.14,3.44,20,16,0.21732275705769324,-0.0009286050618671397,-0.00270324136867868,nonpositive_simultaneous_lower_bound;insufficient_release_days;nonpositive_stress_profit
0fe492356496db7e,reversal,12,3,0.15,0.08,3,0.05,costed,164.78,-35.22,3.41,12,8,0.20145384056215168,-0.0007810730470185183,-0.0032316999532314805,nonpositive_simultaneous_lower_bound;insufficient_release_days;nonpositive_stress_profit
0fe492356496db7e,reversal,12,3,0.15,0.08,3,0.005,stress,159.68,-40.32,4.92,170,110,0.2016,-0.0009078449757454963,-0.0016986153177472585,
0fe492356496db7e,reversal,12,3,0.15,0.08,3,0.01,stress,158.85,-41.15,4.01,68,45,0.20575,-0.0009288588944859329,-0.00211959920732596,
0fe492356496db7e,reversal,12,3,0.15,0.08,3,0.025,stress,159.54,-40.46,3.12,23,19,0.2023,-0.0009113818228429569,-0.0026028902489496335,
0fe492356496db7e,reversal,12,3,0.15,0.08,3,0.05,stress,154.93,-45.07,2.73,12,9,0.22535,-0.0010296127602412762,-0.0035585645369774046,
d15fa74e9b32768d,reversal,12,3,0.15,0.08,,0.005,costed,160.1,-39.9,5.44,170,111,0.200898427751435,-0.0008972530102635786,-0.0021687973019293176,nonpositive_simultaneous_lower_bound;nonpositive_stress_profit
d15fa74e9b32768d,reversal,12,3,0.15,0.08,,0.01,costed,160.47,-39.53,5.68,87,56,0.20203878667329686,-0.0008879449892611639,-0.0032712355159119594,nonpositive_simultaneous_lower_bound;insufficient_release_days;nonpositive_stress_profit
d15fa74e9b32768d,reversal,12,3,0.15,0.08,,0.025,costed,158.62,-41.38,4.26,27,22,0.2185051978124846,-0.0009347014592454153,-0.002698043636521048,nonpositive_simultaneous_lower_bound;insufficient_release_days;nonpositive_stress_profit
d15fa74e9b32768d,reversal,12,3,0.15,0.08,,0.05,costed,164.78,-35.22,3.41,12,8,0.20145384056215168,-0.0007810730470185183,-0.0032316999532314805,nonpositive_simultaneous_lower_bound;insufficient_release_days;nonpositive_stress_profit
d15fa74e9b32768d,reversal,12,3,0.15,0.08,,0.005,stress,159.65,-40.35,4.83,176,113,0.20175,-0.0009086026104324397,-0.0016706335786976067,
d15fa74e9b32768d,reversal,12,3,0.15,0.08,,0.01,stress,166.11,-33.89,3.93,72,45,0.20425,-0.00074865785098811,-0.0019291570346154255,
d15fa74e9b32768d,reversal,12,3,0.15,0.08,,0.025,stress,162.29,-37.71,3.0,23,18,0.20025,-0.0008424697912106695,-0.0025344063465939704,
d15fa74e9b32768d,reversal,12,3,0.15,0.08,,0.05,stress,154.93,-45.07,2.73,12,9,0.22535,-0.0010296127602412762,-0.0035585645369774046,
dc358c7654179279,reversal,6,3,0.15,0.03,1,0.005,costed,199.51,-0.49,0.06,2,2,0.00245,-9.891153875269516e-06,-3.997737225758068e-05,nonpositive_simultaneous_lower_bound;insufficient_release_days;nonpositive_stress_profit
dc358c7654179279,reversal,6,3,0.15,0.03,1,0.01,costed,199.01,-0.99,0.1,2,2,0.00495,-2.0009241249254146e-05,-8.148131210122789e-05,nonpositive_simultaneous_lower_bound;insufficient_release_days;nonpositive_stress_profit
dc358c7654179279,reversal,6,3,0.15,0.03,1,0.025,costed,197.27,-2.73,0.29,2,2,0.01365,-5.541942658169042e-05,-0.0002175283236959912,nonpositive_simultaneous_lower_bound;insufficient_release_days;nonpositive_stress_profit
dc358c7654179279,reversal,6,3,0.15,0.03,1,0.05,costed,195.06,-4.94,0.54,2,2,0.0247,-0.00010084743146841829,-0.0003901150028024318,nonpositive_simultaneous_lower_bound;insufficient_release_days;nonpositive_stress_profit
dc358c7654179279,reversal,6,3,0.15,0.03,1,0.005,stress,199.28,-0.72,0.07,2,2,0.0036,-1.4542320943999054e-05,-6.195473584326067e-05,
dc358c7654179279,reversal,6,3,0.15,0.03,1,0.01,stress,198.46,-1.54,0.13,2,2,0.0077,-3.1168540572343396e-05,-0.0001345702829423342,
dc358c7654179279,reversal,6,3,0.15,0.03,1,0.025,stress,195.76,-4.24,0.35,2,2,0.0212,-8.640301376459868e-05,-0.00036336265765157187,
dc358c7654179279,reversal,6,3,0.15,0.03,1,0.05,stress,191.52,-8.48,0.7,2,2,0.0424,-0.00017469808362247425,-0.0007355632348300927,
df1610bd20b2440b,reversal,6,3,0.15,0.03,3,0.005,costed,199.36,-0.64,0.05,2,2,0.0032,-1.2923915116727445e-05,-4.87655477328369e-05,nonpositive_simultaneous_lower_bound;insufficient_release_days;nonpositive_stress_profit
df1610bd20b2440b,reversal,6,3,0.15,0.03,3,0.01,costed,198.71,-1.29,0.08,2,2,0.00645,-2.609230294480575e-05,-9.865590185624956e-05,nonpositive_simultaneous_lower_bound;insufficient_release_days;nonpositive_stress_profit
df1610bd20b2440b,reversal,6,3,0.15,0.03,3,0.025,costed,196.22,-3.78,0.22,2,2,0.0189,-7.693906376125768e-05,-0.00028889184906075334,nonpositive_simultaneous_lower_bound;insufficient_release_days;nonpositive_stress_profit
df1610bd20b2440b,reversal,6,3,0.15,0.03,3,0.05,costed,192.96,-7.04,0.4,2,2,0.0352,-0.0001444937621339357,-0.0005445886873574019,nonpositive_simultaneous_lower_bound;insufficient_release_days;nonpositive_stress_profit
df1610bd20b2440b,reversal,6,3,0.15,0.03,3,0.005,stress,199.15,-0.85,0.06,2,2,0.00425,-1.7173616614449363e-05,-6.766897741301466e-05,
df1610bd20b2440b,reversal,6,3,0.15,0.03,3,0.01,stress,198.2,-1.8,0.11,2,2,0.009,-3.645461553285928e-05,-0.0001454316497146318,
df1610bd20b2440b,reversal,6,3,0.15,0.03,3,0.025,stress,194.84,-5.16,0.29,2,2,0.0258,-0.00010539781294231753,-0.0004084886237435178,
df1610bd20b2440b,reversal,6,3,0.15,0.03,3,0.05,stress,189.79,-10.21,0.58,2,2,0.05105,-0.00021128697096455004,-0.0008186202544311578,
a6c09ac45e497e78,reversal,6,3,0.15,0.03,,0.005,costed,199.36,-0.64,0.05,2,2,0.0032,-1.2923915116727445e-05,-4.87655477328369e-05,nonpositive_simultaneous_lower_bound;insufficient_release_days;nonpositive_stress_profit
a6c09ac45e497e78,reversal,6,3,0.15,0.03,,0.01,costed,198.71,-1.29,0.08,2,2,0.00645,-2.609230294480575e-05,-9.865590185624956e-05,nonpositive_simultaneous_lower_bound;insufficient_release_days;nonpositive_stress_profit
a6c09ac45e497e78,reversal,6,3,0.15,0.03,,0.025,costed,196.22,-3.78,0.22,2,2,0.0189,-7.693906376125768e-05,-0.00028889184906075334,nonpositive_simultaneous_lower_bound;insufficient_release_days;nonpositive_stress_profit
a6c09ac45e497e78,reversal,6,3,0.15,0.03,,0.05,costed,192.96,-7.04,0.4,2,2,0.0352,-0.0001444937621339357,-0.0005445886873574019,nonpositive_simultaneous_lower_bound;insufficient_release_days;nonpositive_stress_profit
a6c09ac45e497e78,reversal,6,3,0.15,0.03,,0.005,stress,199.15,-0.85,0.06,2,2,0.00425,-1.7173616614449363e-05,-6.766897741301466e-05,
a6c09ac45e497e78,reversal,6,3,0.15,0.03,,0.01,stress,198.2,-1.8,0.11,2,2,0.009,-3.645461553285928e-05,-0.0001454316497146318,
a6c09ac45e497e78,reversal,6,3,0.15,0.03,,0.025,stress,194.84,-5.16,0.29,2,2,0.0258,-0.00010539781294231753,-0.0004084886237435178,
a6c09ac45e497e78,reversal,6,3,0.15,0.03,,0.05,stress,189.79,-10.21,0.58,2,2,0.05105,-0.00021128697096455004,-0.0008186202544311578,
b3dbfa4d369f07c9,reversal,6,3,0.15,0.08,1,0.005,costed,198.12,-1.88,0.32,6,6,0.0094,-3.8082495274192506e-05,-0.00011491800375042826,nonpositive_simultaneous_lower_bound;insufficient_release_days;nonpositive_stress_profit
b3dbfa4d369f07c9,reversal,6,3,0.15,0.08,1,0.01,costed,196.01,-3.99,0.62,6,6,0.01995,-8.12568073018262e-05,-0.0002471192872334254,nonpositive_simultaneous_lower_bound;insufficient_release_days;nonpositive_stress_profit
b3dbfa4d369f07c9,reversal,6,3,0.15,0.08,1,0.025,costed,189.72,-10.28,1.51,6,6,0.0514,-0.0002127744578171604,-0.0006433650420882211,nonpositive_simultaneous_lower_bound;insufficient_release_days;nonpositive_stress_profit
b3dbfa4d369f07c9,reversal,6,3,0.15,0.08,1,0.05,costed,180.22,-19.78,2.93,6,6,0.0989,-0.0004199154828271996,-0.001284354074850128,nonpositive_simultaneous_lower_bound;insufficient_release_days;nonpositive_stress_profit
b3dbfa4d369f07c9,reversal,6,3,0.15,0.08,1,0.005,stress,198.64,-1.36,0.11,3,3,0.0068,-2.751300543599042e-05,-0.00010041470300030649,
b3dbfa4d369f07c9,reversal,6,3,0.15,0.08,1,0.01,stress,197.05,-2.95,0.22,3,3,0.01475,-5.9918802044451197e-05,-0.00022037737151116852,
b3dbfa4d369f07c9,reversal,6,3,0.15,0.08,1,0.025,stress,192.19,-7.81,0.56,3,3,0.03905,-0.0001606165342811428,-0.0005816129427722158,
b3dbfa4d369f07c9,reversal,6,3,0.15,0.08,1,0.05,stress,184.38,-15.62,1.12,3,3,0.0781,-0.000327897262812856,-0.0011891100911539765,
3b2bbc10e6877472,reversal,6,3,0.15,0.08,3,0.005,costed,196.66,-3.34,0.22,6,6,0.0167,-6.790732740333339e-05,-0.00017568262327704505,nonpositive_simultaneous_lower_bound;insufficient_release_days;nonpositive_stress_profit
3b2bbc10e6877472,reversal,6,3,0.15,0.08,3,0.01,costed,192.81,-7.19,0.41,6,6,0.03595,-0.0001476295100674686,-0.0003884706040490474,nonpositive_simultaneous_lower_bound;insufficient_release_days;nonpositive_stress_profit
3b2bbc10e6877472,reversal,6,3,0.15,0.08,3,0.025,costed,181.89,-18.11,1.01,6,6,0.09055,-0.00038272281369470856,-0.0009950851526684254,nonpositive_simultaneous_lower_bound;insufficient_release_days;nonpositive_stress_profit
3b2bbc10e6877472,reversal,6,3,0.15,0.08,3,0.05,costed,165.1,-34.9,1.89,6,6,0.1745,-0.0007732500629917516,-0.0020266782501285807,nonpositive_simultaneous_lower_bound;insufficient_release_days;nonpositive_stress_profit
3b2bbc10e6877472,reversal,6,3,0.15,0.08,3,0.005,stress,198.51,-1.49,0.1,3,3,0.00745,-3.0152781677253587e-05,-0.00010494014897285903,
3b2bbc10e6877472,reversal,6,3,0.15,0.08,3,0.01,stress,196.79,-3.21,0.2,3,3,0.01605,-6.524272672999343e-05,-0.00022910085214770013,
3b2bbc10e6877472,reversal,6,3,0.15,0.08,3,0.025,stress,191.27,-8.73,0.5,3,3,0.04365,-0.00017996501671610474,-0.0006184133554101499,
3b2bbc10e6877472,reversal,6,3,0.15,0.08,3,0.05,stress,182.78,-17.22,0.99,3,3,0.0861,-0.00036304081735476267,-0.0012481939639624974,
c84bcb02c8b16e1a,reversal,6,3,0.15,0.08,,0.005,costed,196.66,-3.34,0.22,6,6,0.0167,-6.790732740333339e-05,-0.00017568262327704505,nonpositive_simultaneous_lower_bound;insufficient_release_days;nonpositive_stress_profit
c84bcb02c8b16e1a,reversal,6,3,0.15,0.08,,0.01,costed,192.81,-7.19,0.41,6,6,0.03595,-0.0001476295100674686,-0.0003884706040490474,nonpositive_simultaneous_lower_bound;insufficient_release_days;nonpositive_stress_profit
c84bcb02c8b16e1a,reversal,6,3,0.15,0.08,,0.025,costed,181.89,-18.11,1.01,6,6,0.09055,-0.00038272281369470856,-0.0009950851526684254,nonpositive_simultaneous_lower_bound;insufficient_release_days;nonpositive_stress_profit
c84bcb02c8b16e1a,reversal,6,3,0.15,0.08,,0.05,costed,165.1,-34.9,1.89,6,6,0.1745,-0.0007732500629917516,-0.0020266782501285807,nonpositive_simultaneous_lower_bound;insufficient_release_days;nonpositive_stress_profit
c84bcb02c8b16e1a,reversal,6,3,0.15,0.08,,0.005,stress,198.51,-1.49,0.1,3,3,0.00745,-3.0152781677253587e-05,-0.00010494014897285903,
c84bcb02c8b16e1a,reversal,6,3,0.15,0.08,,0.01,stress,196.79,-3.21,0.2,3,3,0.01605,-6.524272672999343e-05,-0.00022910085214770013,
c84bcb02c8b16e1a,reversal,6,3,0.15,0.08,,0.025,stress,191.27,-8.73,0.5,3,3,0.04365,-0.00017996501671610474,-0.0006184133554101499,
c84bcb02c8b16e1a,reversal,6,3,0.15,0.08,,0.05,stress,182.78,-17.22,0.99,3,3,0.0861,-0.00036304081735476267,-0.0012481939639624974,
9c700453b4911dae,favorite_yes,24,0,0.6,0.03,1,0.005,costed,196.31,-3.69,1.35,35,30,0.01845,-7.50900166455429e-05,-0.0001595268902263311,nonpositive_simultaneous_lower_bound;insufficient_release_days;nonpositive_stress_profit
9c700453b4911dae,favorite_yes,24,0,0.6,0.03,1,0.01,costed,191.56,-8.44,2.85,35,30,0.0422,-0.00017385601239366182,-0.0003780245543936045,nonpositive_simultaneous_lower_bound;insufficient_release_days;nonpositive_stress_profit
9c700453b4911dae,favorite_yes,24,0,0.6,0.03,1,0.025,costed,177.63,-22.37,7.18,35,30,0.11185,-0.0004782848037751704,-0.0010388125009204406,nonpositive_simultaneous_lower_bound;insufficient_release_days;nonpositive_stress_profit
9c700453b4911dae,favorite_yes,24,0,0.6,0.03,1,0.05,costed,159.63,-40.37,11.86,30,26,0.20185,-0.0009091077793211653,-0.0020615654044397825,nonpositive_simultaneous_lower_bound;insufficient_release_days;nonpositive_stress_profit
9c700453b4911dae,favorite_yes,24,0,0.6,0.03,1,0.005,stress,197.25,-2.75,0.99,26,26,0.01375,-5.5828253314730176e-05,-0.00013581673781955217,
9c700453b4911dae,favorite_yes,24,0,0.6,0.03,1,0.01,stress,193.94,-6.06,2.04,26,26,0.0303,-0.00012406666803079365,-0.00032632227404811323,
9c700453b4911dae,favorite_yes,24,0,0.6,0.03,1,0.025,stress,182.92,-17.08,5.41,26,26,0.0854,-0.0003599534990249287,-0.0008978517390930895,
9c700453b4911dae,favorite_yes,24,0,0.6,0.03,1,0.05,stress,166.76,-33.24,10.29,26,26,0.1662,-0.0007329101352235518,-0.0018199516329449037,
ad77a59b180fbddf,favorite_yes,24,0,0.6,0.03,3,0.005,costed,199.77,-0.23,0.85,35,33,0.011822318955282945,-4.639765150788976e-06,-0.00023096067852107537,nonpositive_simultaneous_lower_bound;insufficient_release_days;nonpositive_stress_profit
ad77a59b180fbddf,favorite_yes,24,0,0.6,0.03,3,0.01,costed,198.55,-1.45,1.81,35,33,0.031179857519273935,-2.9340358753131576e-05,-0.0006147435876506699,nonpositive_simultaneous_lower_bound;insufficient_release_days;nonpositive_stress_profit
ad77a59b180fbddf,favorite_yes,24,0,0.6,0.03,3,0.025,costed,196.81,-3.19,4.68,35,33,0.08503021850302185,-6.483294440601103e-05,-0.0016585922992189133,nonpositive_simultaneous_lower_bound;insufficient_release_days;nonpositive_stress_profit
ad77a59b180fbddf,favorite_yes,24,0,0.6,0.03,3,0.05,costed,192.49,-7.51,9.57,35,33,0.16645736803360325,-0.00015432726702214623,-0.0034899016260076005,nonpositive_simultaneous_lower_bound;insufficient_release_days;nonpositive_stress_profit
ad77a59b180fbddf,favorite_yes,24,0,0.6,0.03,3,0.005,stress,199.63,-0.37,0.63,26,26,0.00854233921033027,-7.466586143041608e-06,-0.0001764854939010498,
ad77a59b180fbddf,favorite_yes,24,0,0.6,0.03,3,0.01,stress,197.25,-2.75,1.32,26,26,0.023466508242982326,-5.5828253314728834e-05,-0.0004927069236021292,
ad77a59b180fbddf,favorite_yes,24,0,0.6,0.03,3,0.025,stress,196.1,-3.9,3.43,26,26,0.057981457462650716,-7.940577961990352e-05,-0.0012637760321940745,
ad77a59b180fbddf,favorite_yes,24,0,0.6,0.03,3,0.05,stress,191.36,-8.64,6.76,26,26,0.11787212464850412,-0.00017806812816842602,-0.002641118476560906,
a89d488ee73d603e,favorite_yes,24,0,0.6,0.03,,0.005,costed,197.38,-2.62,0.69,35,31,0.021708961141950832,-5.3171620178126766e-05,-0.0003372226618523184,nonpositive_simultaneous_lower_bound;insufficient_release_days;nonpositive_stress_profit
a89d488ee73d603e,favorite_yes,24,0,0.6,0.03,,0.01,costed,192.23,-7.77,1.46,35,31,0.055891164481115856,-0.00015977739831962698,-0.0008912142202094405,nonpositive_simultaneous_lower_bound;insufficient_release_days;nonpositive_stress_profit
a89d488ee73d603e,favorite_yes,24,0,0.6,0.03,,0.025,costed,180.88,-19.12,3.82,35,31,0.14751625977943256,-0.00040517555878355715,-0.0024004351893095765,nonpositive_simultaneous_lower_bound;insufficient_release_days;nonpositive_stress_profit
a89d488ee73d603e,favorite_yes,24,0,0.6,0.03,,0.05,costed,170.63,-29.37,6.91,33,29,0.2296266197119509,-0.0006404028105196089,-0.00442367909030098,nonpositive_simultaneous_lower_bound;insufficient_release_days;nonpositive_stress_profit
a89d488ee73d603e,favorite_yes,24,0,0.6,0.03,,0.005,stress,198.25,-1.75,0.51,26,26,0.015249354261871647,-3.543752432693284e-05,-0.00024040728743140007,
a89d488ee73d603e,favorite_yes,24,0,0.6,0.03,,0.01,stress,193.66,-6.34,1.06,26,26,0.03914661374348797,-0.00012989242888972546,-0.0006507089852193132,
a89d488ee73d603e,favorite_yes,24,0,0.6,0.03,,0.025,stress,187.29,-12.71,2.8,26,26,0.09948071929993269,-0.00026475463228336425,-0.0016813343760380976,
a89d488ee73d603e,favorite_yes,24,0,0.6,0.03,,0.05,stress,172.47,-27.53,5.45,26,26,0.19952659426343636,-0.0005971534606642235,-0.003557862831807312,
17b2ab74a2dc2a9b,favorite_yes,24,0,0.6,0.08,1,0.005,costed,193.18,-6.82,2.64,72,62,0.0341,-0.00013989907176163895,-0.00025029941802037954,nonpositive_simultaneous_lower_bound;nonpositive_stress_profit
17b2ab74a2dc2a9b,favorite_yes,24,0,0.6,0.08,1,0.01,costed,185.92,-14.08,5.02,72,62,0.0704,-0.000294358439050363,-0.0005341400446001605,nonpositive_simultaneous_lower_bound;nonpositive_stress_profit
17b2ab74a2dc2a9b,favorite_yes,24,0,0.6,0.08,1,0.025,costed,161.94,-38.06,12.89,72,62,0.1903,-0.0008511752834276968,-0.001530221914416287,nonpositive_simultaneous_lower_bound;nonpositive_stress_profit
17b2ab74a2dc2a9b,favorite_yes,24,0,0.6,0.08,1,0.05,costed,159.48,-40.52,12.12,35,31,0.2026,-0.0009128985646567834,-0.0020574321818914764,nonpositive_simultaneous_lower_bound;insufficient_release_days;nonpositive_stress_profit
17b2ab74a2dc2a9b,favorite_yes,24,0,0.6,0.08,1,0.005,stress,194.29,-5.71,1.98,54,52,0.030730855574956348,-0.00011679628343957666,-0.00023870690286116662,
17b2ab74a2dc2a9b,favorite_yes,24,0,0.6,0.08,1,0.01,stress,188.82,-11.18,3.73,55,53,0.06022297431813657,-0.00023194833162768627,-0.0004957789887010566,
17b2ab74a2dc2a9b,favorite_yes,24,0,0.6,0.08,1,0.025,stress,168.44,-31.56,9.68,55,53,0.17073651043718,-0.0006924909808641519,-0.0014661257855726523,
17b2ab74a2dc2a9b,favorite_yes,24,0,0.6,0.08,1,0.05,stress,165.02,-34.98,11.56,34,32,0.20063941096686688,-0.0007752043865799969,-0.002263737776880523,
818f76b02c1ab3af,favorite_yes,24,0,0.6,0.08,3,0.005,costed,202.15,2.15,1.65,72,63,0.014911554017835388,4.311544168848385e-05,-0.0002564065093662046,nonpositive_simultaneous_lower_bound
818f76b02c1ab3af,favorite_yes,24,0,0.6,0.08,3,0.01,costed,204.07,4.07,3.44,72,63,0.03926368815027541,8.12326842457926e-05,-0.0006975303248826418,nonpositive_simultaneous_lower_bound
818f76b02c1ab3af,favorite_yes,24,0,0.6,0.08,3,0.025,costed,212.28,12.28,9.29,72,63,0.10622710622710622,0.00024027738472442715,-0.0018607500192641452,nonpositive_simultaneous_lower_bound
818f76b02c1ab3af,favorite_yes,24,0,0.6,0.08,3,0.05,costed,205.36,5.36,17.34,68,61,0.2028569210465026,0.00010664181457600189,-0.004174793899549343,nonpositive_simultaneous_lower_bound
818f76b02c1ab3af,favorite_yes,24,0,0.6,0.08,3,0.005,stress,202.21,2.21,1.24,55,50,0.013369114418150769,4.431207580484425e-05,-0.00020543850335582198,
818f76b02c1ab3af,favorite_yes,24,0,0.6,0.08,3,0.01,stress,202.74,2.74,2.49,55,50,0.03512278697886922,5.486694921861516e-05,-0.0005772015143177164,
818f76b02c1ab3af,favorite_yes,24,0,0.6,0.08,3,0.025,stress,212.07,12.07,6.86,55,50,0.09107663295045432,0.0002362864608989301,-0.0015040933809697026,
818f76b02c1ab3af,favorite_yes,24,0,0.6,0.08,3,0.05,stress,213.94,13.94,13.11,55,50,0.17122491671186177,0.00027168643278204847,-0.0031388536044425763,
b1cd5a42b355d92c,favorite_yes,24,0,0.6,0.08,,0.005,costed,201.72,1.72,1.35,72,62,0.023817608537472713,3.4529155889066766e-05,-0.0003283380832874516,nonpositive_simultaneous_lower_bound
b1cd5a42b355d92c,favorite_yes,24,0,0.6,0.08,,0.01,costed,202.03,2.03,2.81,72,62,0.060859411489957965,4.072110757022078e-05,-0.0008902044943661237,nonpositive_simultaneous_lower_bound
b1cd5a42b355d92c,favorite_yes,24,0,0.6,0.08,,0.025,costed,203.14,3.14,7.73,72,62,0.167491989513545,6.281463694886823e-05,-0.002537628037893717,nonpositive_simultaneous_lower_bound
b1cd5a42b355d92c,favorite_yes,24,0,0.6,0.08,,0.05,costed,204.67,4.67,13.99,64,58,0.26247702785485205,9.307080420693954e-05,-0.004944151757433911,nonpositive_simultaneous_lower_bound;insufficient_release_days
b1cd5a42b355d92c,favorite_yes,24,0,0.6,0.08,,0.005,stress,202.36,2.36,1.04,55,51,0.01675107128944293,4.730210836975279e-05,-0.00021969195059599108,
b1cd5a42b355d92c,favorite_yes,24,0,0.6,0.08,,0.01,stress,202.2,2.2,2.08,55,51,0.04393047112462006,4.411266144489777e-05,-0.0006292786301582942,
b1cd5a42b355d92c,favorite_yes,24,0,0.6,0.08,,0.025,stress,211.37,11.37,5.75,55,51,0.11008704557091654,0.000222954781244792,-0.0016136858957311638,
b1cd5a42b355d92c,favorite_yes,24,0,0.6,0.08,,0.05,stress,205.33,5.33,10.5,51,47,0.2085951050298709,0.0001060527194329458,-0.003719480051958272,
2875031dee91b559,favorite_yes,18,0,0.6,0.03,1,0.005,costed,198.77,-1.23,0.36,9,9,0.00615,-2.487495623197154e-05,-6.281437635840162e-05,nonpositive_simultaneous_lower_bound;insufficient_release_days;nonpositive_stress_profit
2875031dee91b559,favorite_yes,18,0,0.6,0.03,1,0.01,costed,197.15,-2.85,0.81,9,9,0.01425,-5.787300896935669e-05,-0.00014783724200280614,nonpositive_simultaneous_lower_bound;insufficient_release_days;nonpositive_stress_profit
2875031dee91b559,favorite_yes,18,0,0.6,0.03,1,0.025,costed,191.91,-8.09,2.06,9,9,0.04045,-0.00016649538071726082,-0.00042434547125114706,nonpositive_simultaneous_lower_bound;insufficient_release_days;nonpositive_stress_profit
2875031dee91b559,favorite_yes,18,0,0.6,0.03,1,0.05,costed,183.88,-16.12,4.09,9,9,0.0806,-0.0003388467564919729,-0.0008639210366903555,nonpositive_simultaneous_lower_bound;insufficient_release_days;nonpositive_stress_profit
2875031dee91b559,favorite_yes,18,0,0.6,0.03,1,0.005,stress,198.8,-1.2,0.48,12,12,0.006,-2.426642066759331e-05,-5.57292804360755e-05,
2875031dee91b559,favorite_yes,18,0,0.6,0.03,1,0.01,stress,197.27,-2.73,1.05,12,12,0.01365,-5.541942658169076e-05,-0.00013105844148014382,
2875031dee91b559,favorite_yes,18,0,0.6,0.03,1,0.025,stress,192.29,-7.71,2.69,12,12,0.03855,-0.00015851902171588983,-0.00036950261590964096,
2875031dee91b559,favorite_yes,18,0,0.6,0.03,1,0.05,stress,184.98,-15.02,5.22,12,12,0.0751,-0.00031479699766904205,-0.0007315208934470584,
64aa388f0c9041a3,favorite_yes,18,0,0.6,0.03,3,0.005,costed,199.41,-0.59,0.35,9,9,0.00295,-1.1912741235631024e-05,-3.8272902749189694e-05,nonpositive_simultaneous_lower_bound;insufficient_release_days;nonpositive_stress_profit
64aa388f0c9041a3,favorite_yes,18,0,0.6,0.03,3,0.01,costed,198.69,-1.31,0.78,9,9,0.00655,-2.6498166867093093e-05,-8.212947215586257e-05,nonpositive_simultaneous_lower_bound;insufficient_release_days;nonpositive_stress_profit
64aa388f0c9041a3,favorite_yes,18,0,0.6,0.03,3,0.025,costed,196.04,-3.96,2.02,9,9,0.0198,-8.063970365600718e-05,-0.00025720788059378774,nonpositive_simultaneous_lower_bound;insufficient_release_days;nonpositive_stress_profit
64aa388f0c9041a3,favorite_yes,18,0,0.6,0.03,3,0.05,costed,192.15,-7.85,4.07,9,9,0.03925,-0.00016145584490799873,-0.0005197786864476906,nonpositive_simultaneous_lower_bound;insufficient_release_days;nonpositive_stress_profit
64aa388f0c9041a3,favorite_yes,18,0,0.6,0.03,3,0.005,stress,198.77,-1.23,0.47,12,12,0.00615,-2.487495623197102e-05,-6.43090244105001e-05,
64aa388f0c9041a3,favorite_yes,18,0,0.6,0.03,3,0.01,stress,197.16,-2.84,1.04,12,12,0.0142,-5.766848673733731e-05,-0.00015026111048357558,
64aa388f0c9041a3,favorite_yes,18,0,0.6,0.03,3,0.025,stress,192.03,-7.97,2.65,12,12,0.03985,-0.00016397482550812507,-0.0004358787997496383,
64aa388f0c9041a3,favorite_yes,18,0,0.6,0.03,3,0.05,stress,184.38,-15.62,5.2,12,12,0.0781,-0.0003278972628128556,-0.0008713777223300241,
a8838e2c76afd330,favorite_yes,18,0,0.6,0.03,,0.005,costed,197.01,-2.99,0.18,9,9,0.01495,-6.073740998808813e-05,-0.00019508587426301466,nonpositive_simultaneous_lower_bound;insufficient_release_days;nonpositive_stress_profit
a8838e2c76afd330,favorite_yes,18,0,0.6,0.03,,0.01,costed,193.17,-6.83,0.4,9,9,0.03415,-0.00014010780778159204,-0.00046003680206608443,nonpositive_simultaneous_lower_bound;insufficient_release_days;nonpositive_stress_profit
a8838e2c76afd330,favorite_yes,18,0,0.6,0.03,,0.025,costed,179.77,-20.23,0.96,9,9,0.10115,-0.000429996413264968,-0.0013632231681293414,nonpositive_simultaneous_lower_bound;insufficient_release_days;nonpositive_stress_profit
a8838e2c76afd330,favorite_yes,18,0,0.6,0.03,,0.05,costed,159.7,-40.3,1.84,9,9,0.2015,-0.000907339965028507,-0.0028686887707480395,nonpositive_simultaneous_lower_bound;insufficient_release_days;nonpositive_stress_profit
a8838e2c76afd330,favorite_yes,18,0,0.6,0.03,,0.005,stress,196.94,-3.06,0.24,12,12,0.0167,-6.217037390476163e-05,-0.00020041167585093338,
a8838e2c76afd330,favorite_yes,18,0,0.6,0.03,,0.01,stress,193.25,-6.75,0.47,12,12,0.03655,-0.0001384382220988115,-0.00043689038720896465,
a8838e2c76afd330,favorite_yes,18,0,0.6,0.03,,0.025,stress,181.17,-18.83,1.25,12,12,0.10255,-0.0003987159256456344,-0.001312955638772821,
a8838e2c76afd330,favorite_yes,18,0,0.6,0.03,,0.05,stress,158.43,-41.57,2.19,11,11,0.20785,-0.0009395343191979232,-0.002826409491819533,
d1ff03403c67fbd3,favorite_yes,18,0,0.6,0.08,1,0.005,costed,197.94,-2.06,0.62,17,17,0.0103,-4.174762935278815e-05,-9.110873440870557e-05,nonpositive_simultaneous_lower_bound;insufficient_release_days;nonpositive_stress_profit
d1ff03403c67fbd3,favorite_yes,18,0,0.6,0.08,1,0.01,costed,195.56,-4.44,1.26,17,17,0.0222,-9.052471305480553e-05,-0.0002009972343507288,nonpositive_simultaneous_lower_bound;insufficient_release_days;nonpositive_stress_profit
d1ff03403c67fbd3,favorite_yes,18,0,0.6,0.08,1,0.025,costed,187.43,-12.57,3.18,17,17,0.06285,-0.00026174162974654345,-0.0005862819933281272,nonpositive_simultaneous_lower_bound;insufficient_release_days;nonpositive_stress_profit
d1ff03403c67fbd3,favorite_yes,18,0,0.6,0.08,1,0.05,costed,175.75,-24.25,6.1,17,17,0.12125,-0.0005211888542631548,-0.0011612075990042952,nonpositive_simultaneous_lower_bound;insufficient_release_days;nonpositive_stress_profit
d1ff03403c67fbd3,favorite_yes,18,0,0.6,0.08,1,0.005,stress,197.08,-2.92,0.96,25,24,0.0146,-5.93049551301379e-05,-0.00012589376105973267,
d1ff03403c67fbd3,favorite_yes,18,0,0.6,0.08,1,0.01,stress,194.33,-5.67,1.75,25,24,0.02835,-0.00011596621641703427,-0.00024750419263881273,
d1ff03403c67fbd3,favorite_yes,18,0,0.6,0.08,1,0.025,stress,183.47,-16.53,4.81,25,24,0.08265,-0.00034784758127987274,-0.0007526391055460297,
d1ff03403c67fbd3,favorite_yes,18,0,0.6,0.08,1,0.05,stress,167.11,-32.89,9.12,25,24,0.16445,-0.0007244560013417174,-0.0015973353157011506,
dc0ee618aa4fc67d,favorite_yes,18,0,0.6,0.08,3,0.005,costed,198.35,-1.65,0.6,17,17,0.00825,-3.340411124071455e-05,-8.883433273955399e-05,nonpositive_simultaneous_lower_bound;insufficient_release_days;nonpositive_stress_profit
dc0ee618aa4fc67d,favorite_yes,18,0,0.6,0.08,3,0.01,costed,196.67,-3.33,1.18,17,17,0.01665,-6.770229559465339e-05,-0.00017984237229290946,nonpositive_simultaneous_lower_bound;insufficient_release_days;nonpositive_stress_profit
dc0ee618aa4fc67d,favorite_yes,18,0,0.6,0.08,3,0.025,costed,189.75,-10.25,3.09,17,17,0.05125,-0.00021213689625926437,-0.0005858185646241002,nonpositive_simultaneous_lower_bound;insufficient_release_days;nonpositive_stress_profit
dc0ee618aa4fc67d,favorite_yes,18,0,0.6,0.08,3,0.05,costed,180.11,-19.89,5.92,17,17,0.09945,-0.00042237738386722006,-0.0011791672539772458,nonpositive_simultaneous_lower_bound;insufficient_release_days;nonpositive_stress_profit
dc0ee618aa4fc67d,favorite_yes,18,0,0.6,0.08,3,0.005,stress,198.19,-1.81,0.89,25,24,0.011175971660929002,-3.665806456362903e-05,-0.00011589797838655583,
dc0ee618aa4fc67d,favorite_yes,18,0,0.6,0.08,3,0.01,stress,196.34,-3.66,1.69,25,24,0.022795142345212023,-7.447385598250562e-05,-0.0002355851561244053,
dc0ee618aa4fc67d,favorite_yes,18,0,0.6,0.08,3,0.025,stress,189.14,-10.86,4.52,25,24,0.0698337759417724,-0.00022512050387367167,-0.0007553877412514742,
dc0ee618aa4fc67d,favorite_yes,18,0,0.6,0.08,3,0.05,stress,178.5,-21.5,8.99,25,24,0.1365549267160064,-0.00045858373116267217,-0.0015350221704219515,
88078d6b4996f68c,favorite_yes,18,0,0.6,0.08,,0.005,costed,197.52,-2.48,0.31,17,17,0.0124987501249875,-5.0312586738356796e-05,-0.0001771806543778569,nonpositive_simultaneous_lower_bound;insufficient_release_days;nonpositive_stress_profit
88078d6b4996f68c,favorite_yes,18,0,0.6,0.08,,0.01,costed,194.24,-5.76,0.61,17,17,0.029091272618214536,-0.00011783410756815969,-0.00041568553324054954,nonpositive_simultaneous_lower_bound;insufficient_release_days;nonpositive_stress_profit
88078d6b4996f68c,favorite_yes,18,0,0.6,0.08,,0.025,costed,181.71,-18.29,1.5,17,17,0.0922216116301144,-0.0003867151487381907,-0.0012894715790568777,nonpositive_simultaneous_lower_bound;insufficient_release_days;nonpositive_stress_profit
88078d6b4996f68c,favorite_yes,18,0,0.6,0.08,,0.05,costed,163.95,-36.05,2.86,17,17,0.18172289878219205,-0.0008014349324894322,-0.002647888179446478,nonpositive_simultaneous_lower_bound;insufficient_release_days;nonpositive_stress_profit
88078d6b4996f68c,favorite_yes,18,0,0.6,0.08,,0.005,stress,198.34,-1.66,0.48,25,24,0.01113385590893205,-3.36074064115239e-05,-0.00019543192618404328,
88078d6b4996f68c,favorite_yes,18,0,0.6,0.08,,0.01,stress,196.33,-3.67,0.91,25,24,0.02402911411336557,-7.46792324087865e-05,-0.0004440971754206136,
88078d6b4996f68c,favorite_yes,18,0,0.6,0.08,,0.025,stress,187.29,-12.71,2.38,25,24,0.08009119294245924,-0.00026475463228336354,-0.0013788965529145827,
88078d6b4996f68c,favorite_yes,18,0,0.6,0.08,,0.05,stress,183.08,-16.92,4.49,25,24,0.11828484521414905,-0.0003564280272685302,-0.0026138456318866047,
281028107134dc63,favorite_yes,12,0,0.6,0.03,1,0.005,costed,193.93,-6.07,0.93,28,25,0.030592351912021993,-0.00012427458604793336,-0.00027259194262998105,nonpositive_simultaneous_lower_bound;insufficient_release_days;nonpositive_stress_profit
281028107134dc63,favorite_yes,12,0,0.6,0.03,1,0.01,costed,187.01,-12.99,1.85,32,29,0.06541729135432284,-0.0002707873999492272,-0.0005939046374572103,nonpositive_simultaneous_lower_bound;insufficient_release_days;nonpositive_stress_profit
281028107134dc63,favorite_yes,12,0,0.6,0.03,1,0.025,costed,166.2,-33.8,4.44,32,29,0.17136161938475344,-0.0007464737263172938,-0.001641552649866618,nonpositive_simultaneous_lower_bound;insufficient_release_days;nonpositive_stress_profit
281028107134dc63,favorite_yes,12,0,0.6,0.03,1,0.05,costed,155.12,-44.88,5.16,22,20,0.2291790896442059,-0.0010246707887646787,-0.0025047320071930005,nonpositive_simultaneous_lower_bound;insufficient_release_days;nonpositive_stress_profit
281028107134dc63,favorite_yes,12,0,0.6,0.03,1,0.005,stress,196.82,-3.18,0.54,19,18,0.01795,-6.462806885966594e-05,-0.00016750157031890698,
281028107134dc63,favorite_yes,12,0,0.6,0.03,1,0.01,stress,193.66,-6.34,0.98,20,19,0.0358,-0.00012989242888972508,-0.0003358707549095467,
281028107134dc63,favorite_yes,12,0,0.6,0.03,1,0.025,stress,182.34,-17.66,2.49,20,19,0.1006,-0.00037275923544870953,-0.0009837004331812744,
281028107134dc63,favorite_yes,12,0,0.6,0.03,1,0.05,stress,170.21,-29.79,4.44,18,17,0.1715,-0.0006503403134199792,-0.0018723770270195027,
32a08e325fa7ad57,favorite_yes,12,0,0.6,0.03,3,0.005,costed,197.91,-2.09,0.66,29,26,0.015467518211755314,-4.2358809053013485e-05,-0.00027359640299163364,nonpositive_simultaneous_lower_bound;insufficient_release_days
32a08e325fa7ad57,favorite_yes,12,0,0.6,0.03,3,0.01,costed,195.47,-4.53,1.24,32,29,0.033854425968336155,-9.238085315768604e-05,-0.0005856902862099814,nonpositive_simultaneous_lower_bound;insufficient_release_days
32a08e325fa7ad57,favorite_yes,12,0,0.6,0.03,3,0.025,costed,188.73,-11.27,3.02,32,29,0.08981563639948734,-0.0002338707431370526,-0.0016488205473624779,nonpositive_simultaneous_lower_bound;insufficient_release_days
32a08e325fa7ad57,favorite_yes,12,0,0.6,0.03,3,0.05,costed,191.28,-8.72,5.88,31,29,0.12203989857915132,-0.00017975420724986756,-0.002421753970964601,nonpositive_simultaneous_lower_bound;insufficient_release_days
32a08e325fa7ad57,favorite_yes,12,0,0.6,0.03,3,0.005,stress,200.39,0.39,0.35,19,18,0.009343926447808924,7.855246846838294e-06,-0.00017232327656283925,
32a08e325fa7ad57,favorite_yes,12,0,0.6,0.03,3,0.01,stress,200.72,0.72,0.64,20,19,0.018525916308798563,1.4490062540846581e-05,-0.0003505236851233252,
32a08e325fa7ad57,favorite_yes,12,0,0.6,0.03,3,0.025,stress,203.36,3.36,1.7,20,19,0.05163219536506354,6.717919714962432e-05,-0.0010091894168354548,
32a08e325fa7ad57,favorite_yes,12,0,0.6,0.03,3,0.05,stress,221.62,21.62,3.38,19,19,0.04695600651755295,0.0004138985361296071,-0.0016844243690309073,
f787618c4f72d6da,favorite_yes,12,0,0.6,0.03,,0.005,costed,196.81,-3.19,0.5,28,26,0.02288169464428457,-6.483294440600984e-05,-0.0003482953544417941,nonpositive_simultaneous_lower_bound;insufficient_release_days;nonpositive_stress_profit
f787618c4f72d6da,favorite_yes,12,0,0.6,0.03,,0.01,costed,193.26,-6.74,1.01,32,30,0.04947084664536741,-0.00013822957248739605,-0.0007485655230512011,nonpositive_simultaneous_lower_bound;insufficient_release_days;nonpositive_stress_profit
f787618c4f72d6da,favorite_yes,12,0,0.6,0.03,,0.025,costed,181.12,-18.88,2.4,32,30,0.13461155378486056,-0.00039982891747265505,-0.002150096076418382,nonpositive_simultaneous_lower_bound;insufficient_release_days;nonpositive_stress_profit
f787618c4f72d6da,favorite_yes,12,0,0.6,0.03,,0.05,costed,179.37,-20.63,4.46,30,30,0.1851704996034893,-0.00043897844752868465,-0.003130944396704871,nonpositive_simultaneous_lower_bound;insufficient_release_days
f787618c4f72d6da,favorite_yes,12,0,0.6,0.03,,0.005,stress,199.79,-0.21,0.32,19,17,0.012691750362264527,-4.236095307173451e-06,-0.00020312521259251322,
f787618c4f72d6da,favorite_yes,12,0,0.6,0.03,,0.01,stress,199.67,-0.33,0.59,20,18,0.025267152701488067,-6.65872076302589e-06,-0.0004071717680377798,
f787618c4f72d6da,favorite_yes,12,0,0.6,0.03,,0.025,stress,199.51,-0.49,1.56,20,18,0.07181659606279592,-9.891153875268737e-06,-0.0012004951309128936,
f787618c4f72d6da,favorite_yes,12,0,0.6,0.03,,0.05,stress,212.58,12.58,3.02,19,18,0.08513701350277998,0.00024597186111854647,-0.0019411074395487404,
1dd92a4557cc7c19,favorite_yes,12,0,0.6,0.08,1,0.005,costed,181.41,-18.59,3.52,103,82,0.09317670582354412,-0.00039337783707582916,-0.0006590009634220779,nonpositive_simultaneous_lower_bound;nonpositive_stress_profit
1dd92a4557cc7c19,favorite_yes,12,0,0.6,0.08,1,0.01,costed,165.09,-34.91,6.4,119,93,0.1750449730161903,-0.0007734943016462031,-0.0012912768577909351,nonpositive_simultaneous_lower_bound;nonpositive_stress_profit
1dd92a4557cc7c19,favorite_yes,12,0,0.6,0.08,1,0.025,costed,160.25,-39.75,4.61,38,27,0.20700303830253525,-0.0008934768981744248,-0.00242629545852095,nonpositive_simultaneous_lower_bound;insufficient_release_days;nonpositive_stress_profit
1dd92a4557cc7c19,favorite_yes,12,0,0.6,0.08,1,0.05,costed,156.6,-43.4,4.83,20,17,0.217,-0.0009863813830295733,-0.0028996309548597506,nonpositive_simultaneous_lower_bound;insufficient_release_days;nonpositive_stress_profit
1dd92a4557cc7c19,favorite_yes,12,0,0.6,0.08,1,0.005,stress,188.08,-11.92,2.28,74,66,0.06587365053978408,-0.0002477821061138007,-0.0004528863804532811,
1dd92a4557cc7c19,favorite_yes,12,0,0.6,0.08,1,0.01,stress,176.67,-23.33,4.11,79,70,0.12924660271782573,-0.000500136213401,-0.0009229995295560354,
1dd92a4557cc7c19,favorite_yes,12,0,0.6,0.08,1,0.025,stress,160.2,-39.8,5.69,47,42,0.2006785749925157,-0.0008947352093297491,-0.001868144726644704,
1dd92a4557cc7c19,favorite_yes,12,0,0.6,0.08,1,0.05,stress,158.87,-41.13,5.18,22,22,0.20897231627165902,-0.0009283512452262279,-0.002529133460285533,
a97dd2768a0b0b6a,favorite_yes,12,0,0.6,0.08,3,0.005,costed,188.4,-11.6,2.57,105,84,0.05978423733892718,-0.0002409274371200533,-0.0006355335008684912,nonpositive_simultaneous_lower_bound;nonpositive_stress_profit
a97dd2768a0b0b6a,favorite_yes,12,0,0.6,0.08,3,0.01,costed,177.52,-22.48,4.56,119,90,0.11562250598563448,-0.0004807826125955552,-0.001280165934267835,nonpositive_simultaneous_lower_bound;nonpositive_stress_profit
a97dd2768a0b0b6a,favorite_yes,12,0,0.6,0.08,3,0.025,costed,157.8,-42.2,3.01,32,24,0.21504253096552753,-0.0009556006376462205,-0.002675691761504829,nonpositive_simultaneous_lower_bound;insufficient_release_days;nonpositive_stress_profit
a97dd2768a0b0b6a,favorite_yes,12,0,0.6,0.08,3,0.05,costed,160.62,-39.38,3.11,19,16,0.20268056589724498,-0.0008841775797891975,-0.002505426606127386,nonpositive_simultaneous_lower_bound;insufficient_release_days;nonpositive_stress_profit
a97dd2768a0b0b6a,favorite_yes,12,0,0.6,0.08,3,0.005,stress,195.2,-4.8,1.51,75,65,0.03431397033115229,-9.795440552034226e-05,-0.00039212767081791525,
a97dd2768a0b0b6a,favorite_yes,12,0,0.6,0.08,3,0.01,stress,190.67,-9.33,2.76,79,68,0.06750486454123635,-0.00019263379625678994,-0.000794311955124978,
a97dd2768a0b0b6a,favorite_yes,12,0,0.6,0.08,3,0.025,stress,175.2,-24.8,6.51,79,68,0.17959427207637232,-0.0005338273711522025,-0.0022395151483562597,
a97dd2768a0b0b6a,favorite_yes,12,0,0.6,0.08,3,0.05,stress,159.0,-41.0,4.1,24,22,0.21434924399644234,-0.000925053081966957,-0.002867672580979511,
efc895e310d4dc81,favorite_yes,12,0,0.6,0.08,,0.005,costed,190.29,-9.71,1.92,104,80,0.052347652347652346,-0.00020067799287951744,-0.0006731895359650515,nonpositive_simultaneous_lower_bound;nonpositive_stress_profit
efc895e310d4dc81,favorite_yes,12,0,0.6,0.08,,0.01,costed,181.04,-18.96,3.56,119,90,0.09774961329274987,-0.0004016103436401414,-0.0013461417831083084,nonpositive_simultaneous_lower_bound;nonpositive_stress_profit
efc895e310d4dc81,favorite_yes,12,0,0.6,0.08,,0.025,costed,152.61,-47.39,2.24,32,22,0.24078404059499528,-0.0010904504800211831,-0.003005548985307492,nonpositive_simultaneous_lower_bound;insufficient_release_days;nonpositive_stress_profit
efc895e310d4dc81,favorite_yes,12,0,0.6,0.08,,0.05,costed,158.65,-41.35,1.44,11,9,0.21522556390977443,-0.0009339389053178719,-0.002904457054368555,nonpositive_simultaneous_lower_bound;insufficient_release_days;nonpositive_stress_profit
efc895e310d4dc81,favorite_yes,12,0,0.6,0.08,,0.005,stress,197.25,-2.75,1.32,75,67,0.02870980627122029,-5.58282533147289e-05,-0.00036636471625439595,
efc895e310d4dc81,favorite_yes,12,0,0.6,0.08,,0.01,stress,194.77,-5.23,2.45,79,69,0.05674112485041883,-0.00010684673913801647,-0.0007387243599839563,
efc895e310d4dc81,favorite_yes,12,0,0.6,0.08,,0.025,stress,186.78,-13.22,5.93,79,69,0.15046664019062747,-0.00027574964865509697,-0.0021021985194104244,
efc895e310d4dc81,favorite_yes,12,0,0.6,0.08,,0.05,stress,159.71,-40.29,4.04,28,27,0.2144616293961186,-0.0009070874833863668,-0.002907378419664054,
cf50f1757dfc250c,favorite_yes,6,0,0.6,0.03,1,0.005,costed,199.44,-0.56,0.11,5,5,0.0028,-1.1306158599734365e-05,-3.810339426023122e-05,nonpositive_simultaneous_lower_bound;insufficient_release_days;nonpositive_stress_profit
cf50f1757dfc250c,favorite_yes,6,0,0.6,0.03,1,0.01,costed,198.87,-1.13,0.21,8,8,0.00565,-2.2846861397689134e-05,-7.455896265929287e-05,nonpositive_simultaneous_lower_bound;insufficient_release_days;nonpositive_stress_profit
cf50f1757dfc250c,favorite_yes,6,0,0.6,0.03,1,0.025,costed,196.82,-3.18,0.45,8,8,0.0159,-6.462806885966658e-05,-0.00021466970093051037,nonpositive_simultaneous_lower_bound;insufficient_release_days;nonpositive_stress_profit
cf50f1757dfc250c,favorite_yes,6,0,0.6,0.03,1,0.05,costed,193.69,-6.31,0.83,8,8,0.03155,-0.00012926783747535853,-0.0004312488845407079,nonpositive_simultaneous_lower_bound;insufficient_release_days;nonpositive_stress_profit
cf50f1757dfc250c,favorite_yes,6,0,0.6,0.03,1,0.005,stress,199.87,-0.13,0.03,1,1,0.00065,-2.6218199257514353e-06,-1.2943598999513535e-05,
cf50f1757dfc250c,favorite_yes,6,0,0.6,0.03,1,0.01,stress,199.75,-0.25,0.05,1,1,0.00125,-5.043475409889526e-06,-2.4899011037459866e-05,
cf50f1757dfc250c,favorite_yes,6,0,0.6,0.03,1,0.025,stress,199.15,-0.85,0.15,1,1,0.00425,-1.7173616614449275e-05,-8.47840100098044e-05,
cf50f1757dfc250c,favorite_yes,6,0,0.6,0.03,1,0.05,stress,198.3,-1.7,0.3,1,1,0.0085,-3.442068960599329e-05,-0.00016993066502040885,
ff9220f0af702da1,favorite_yes,6,0,0.6,0.03,3,0.005,costed,199.6,-0.4,0.07,5,5,0.002549617557366395,-8.072591414003787e-06,-3.3761907042740034e-05,nonpositive_simultaneous_lower_bound;insufficient_release_days;nonpositive_stress_profit
ff9220f0af702da1,favorite_yes,6,0,0.6,0.03,3,0.01,costed,198.96,-1.04,0.15,8,8,0.006397441023590564,-2.10224477938998e-05,-9.020239444857351e-05,nonpositive_simultaneous_lower_bound;insufficient_release_days;nonpositive_stress_profit
ff9220f0af702da1,favorite_yes,6,0,0.6,0.03,3,0.025,costed,197.49,-2.51,0.26,8,8,0.016082309459594445,-5.092506612960301e-05,-0.00021999876614817992,nonpositive_simultaneous_lower_bound;insufficient_release_days;nonpositive_stress_profit
ff9220f0af702da1,favorite_yes,6,0,0.6,0.03,3,0.05,costed,194.78,-5.22,0.49,8,8,0.03347468196557745,-0.00010663971780235294,-0.00046553591991452085,nonpositive_simultaneous_lower_bound;insufficient_release_days;nonpositive_stress_profit
ff9220f0af702da1,favorite_yes,6,0,0.6,0.03,3,0.005,stress,199.74,-0.26,0.02,1,1,0.0013,-5.245345697774474e-06,-2.589561954998007e-05,
ff9220f0af702da1,favorite_yes,6,0,0.6,0.03,3,0.01,stress,199.49,-0.51,0.03,1,1,0.00255,-1.0295390273053584e-05,-5.082706174021636e-05,
ff9220f0af702da1,favorite_yes,6,0,0.6,0.03,3,0.025,stress,198.23,-1.77,0.09,1,1,0.00885,-3.584433002385939e-05,-0.0001769590007605444,
ff9220f0af702da1,favorite_yes,6,0,0.6,0.03,3,0.05,stress,196.46,-3.54,0.18,1,1,0.0177,-7.201015444077901e-05,-0.00035550517936785536,
bdad76d04b962e81,favorite_yes,6,0,0.6,0.03,,0.005,costed,199.6,-0.4,0.07,5,5,0.002549617557366395,-8.072591414003787e-06,-3.3761907042740034e-05,nonpositive_simultaneous_lower_bound;insufficient_release_days;nonpositive_stress_profit
bdad76d04b962e81,favorite_yes,6,0,0.6,0.03,,0.01,costed,198.96,-1.04,0.15,8,8,0.006397441023590564,-2.10224477938998e-05,-9.020239444857351e-05,nonpositive_simultaneous_lower_bound;insufficient_release_days;nonpositive_stress_profit
bdad76d04b962e81,favorite_yes,6,0,0.6,0.03,,0.025,costed,197.49,-2.51,0.26,8,8,0.016082309459594445,-5.092506612960301e-05,-0.00021999876614817992,nonpositive_simultaneous_lower_bound;insufficient_release_days;nonpositive_stress_profit
bdad76d04b962e81,favorite_yes,6,0,0.6,0.03,,0.05,costed,194.78,-5.22,0.49,8,8,0.03347468196557745,-0.00010663971780235294,-0.00046553591991452085,nonpositive_simultaneous_lower_bound;insufficient_release_days;nonpositive_stress_profit
bdad76d04b962e81,favorite_yes,6,0,0.6,0.03,,0.005,stress,199.74,-0.26,0.02,1,1,0.0013,-5.245345697774474e-06,-2.589561954998007e-05,
bdad76d04b962e81,favorite_yes,6,0,0.6,0.03,,0.01,stress,199.49,-0.51,0.03,1,1,0.00255,-1.0295390273053584e-05,-5.082706174021636e-05,
bdad76d04b962e81,favorite_yes,6,0,0.6,0.03,,0.025,stress,198.23,-1.77,0.09,1,1,0.00885,-3.584433002385939e-05,-0.0001769590007605444,
bdad76d04b962e81,favorite_yes,6,0,0.6,0.03,,0.05,stress,196.46,-3.54,0.18,1,1,0.0177,-7.201015444077901e-05,-0.00035550517936785536,
7cd537bd6ac2b7aa,favorite_yes,6,0,0.6,0.08,1,0.005,costed,198.94,-1.06,0.26,11,11,0.0053,-2.142780170874483e-05,-6.361577467042333e-05,nonpositive_simultaneous_lower_bound;insufficient_release_days;nonpositive_stress_profit
7cd537bd6ac2b7aa,favorite_yes,6,0,0.6,0.08,1,0.01,costed,197.9,-2.1,0.48,14,14,0.010549472526373681,-4.2562556207728025e-05,-0.00012381262283308656,nonpositive_simultaneous_lower_bound;insufficient_release_days;nonpositive_stress_profit
7cd537bd6ac2b7aa,favorite_yes,6,0,0.6,0.08,1,0.025,costed,194.13,-5.87,1.11,14,14,0.029544091181763647,-0.0001201182613336784,-0.00035488761543913213,nonpositive_simultaneous_lower_bound;insufficient_release_days;nonpositive_stress_profit
7cd537bd6ac2b7aa,favorite_yes,6,0,0.6,0.08,1,0.05,costed,188.33,-11.67,2.12,14,14,0.05877355190164426,-0.00024242590057008462,-0.0007154210584110377,nonpositive_simultaneous_lower_bound;insufficient_release_days;nonpositive_stress_profit
7cd537bd6ac2b7aa,favorite_yes,6,0,0.6,0.08,1,0.005,stress,198.61,-1.39,0.2,7,6,0.007148570285942811,-2.812203119893723e-05,-9.832601394182761e-05,
7cd537bd6ac2b7aa,favorite_yes,6,0,0.6,0.08,1,0.01,stress,197.27,-2.73,0.35,7,6,0.014093657853965715,-5.541942658168996e-05,-0.00019473933531389715,
7cd537bd6ac2b7aa,favorite_yes,6,0,0.6,0.08,1,0.025,stress,192.91,-7.09,0.91,7,6,0.03689465801298053,-0.000145538740517092,-0.0005017881220579009,
7cd537bd6ac2b7aa,favorite_yes,6,0,0.6,0.08,1,0.05,stress,186.13,-13.87,1.71,7,6,0.07222609909281229,-0.0002898065009588509,-0.0010074998268802845,
89589af432e9d09b,favorite_yes,6,0,0.6,0.08,3,0.005,costed,200.42,0.42,0.16,12,12,0.00509185303514377,8.458863234460604e-06,-7.986148742786345e-05,nonpositive_simultaneous_lower_bound;insufficient_release_days;nonpositive_stress_profit
89589af432e9d09b,favorite_yes,6,0,0.6,0.08,3,0.01,costed,200.63,0.63,0.29,14,14,0.011461032489535578,1.2681649774487606e-05,-0.0001713710146802038,nonpositive_simultaneous_lower_bound;insufficient_release_days;nonpositive_stress_profit
89589af432e9d09b,favorite_yes,6,0,0.6,0.08,3,0.025,costed,202.39,2.39,0.58,14,14,0.031034994802752066,4.78998489116032e-05,-0.0004897029230802397,nonpositive_simultaneous_lower_bound;insufficient_release_days;nonpositive_stress_profit
89589af432e9d09b,favorite_yes,6,0,0.6,0.08,3,0.05,costed,204.09,4.09,1.12,14,14,0.06521952175617404,8.162784869775228e-05,-0.0010306563346165433,nonpositive_simultaneous_lower_bound;insufficient_release_days;nonpositive_stress_profit
89589af432e9d09b,favorite_yes,6,0,0.6,0.08,3,0.005,stress,199.51,-0.49,0.11,7,6,0.00695,-9.891153875269074e-06,-0.0001063725372077975,
89589af432e9d09b,favorite_yes,6,0,0.6,0.08,3,0.01,stress,199.05,-0.95,0.19,7,6,0.0138,-1.919885928109116e-05,-0.00021307093569022467,
89589af432e9d09b,favorite_yes,6,0,0.6,0.08,3,0.025,stress,197.7,-2.3,0.49,7,6,0.03805,-4.663966278816772e-05,-0.0006125543730696965,
89589af432e9d09b,favorite_yes,6,0,0.6,0.08,3,0.05,stress,194.68,-5.32,0.93,7,6,0.0759,-0.0001087104096079973,-0.0012266322162548604,
8d63f8769879c8f4,favorite_yes,6,0,0.6,0.08,,0.005,costed,200.42,0.42,0.16,12,12,0.00509185303514377,8.458863234460604e-06,-7.986148742786345e-05,nonpositive_simultaneous_lower_bound;insufficient_release_days;nonpositive_stress_profit
8d63f8769879c8f4,favorite_yes,6,0,0.6,0.08,,0.01,costed,200.63,0.63,0.29,14,14,0.011461032489535578,1.2681649774487606e-05,-0.0001713710146802038,nonpositive_simultaneous_lower_bound;insufficient_release_days;nonpositive_stress_profit
8d63f8769879c8f4,favorite_yes,6,0,0.6,0.08,,0.025,costed,202.39,2.39,0.58,14,14,0.031034994802752066,4.78998489116032e-05,-0.0004897029230802397,nonpositive_simultaneous_lower_bound;insufficient_release_days;nonpositive_stress_profit
8d63f8769879c8f4,favorite_yes,6,0,0.6,0.08,,0.05,costed,204.09,4.09,1.12,14,14,0.06521952175617404,8.162784869775228e-05,-0.0010306563346165433,nonpositive_simultaneous_lower_bound;insufficient_release_days;nonpositive_stress_profit
8d63f8769879c8f4,favorite_yes,6,0,0.6,0.08,,0.005,stress,199.51,-0.49,0.11,7,6,0.00695,-9.891153875269074e-06,-0.0001063725372077975,
8d63f8769879c8f4,favorite_yes,6,0,0.6,0.08,,0.01,stress,199.05,-0.95,0.19,7,6,0.0138,-1.919885928109116e-05,-0.00021307093569022467,
8d63f8769879c8f4,favorite_yes,6,0,0.6,0.08,,0.025,stress,197.7,-2.3,0.49,7,6,0.03805,-4.663966278816772e-05,-0.0006125543730696965,
8d63f8769879c8f4,favorite_yes,6,0,0.6,0.08,,0.05,stress,194.68,-5.32,0.93,7,6,0.0759,-0.0001087104096079973,-0.0012266322162548604,
340219bbf4e96cbd,favorite_yes,24,0,0.75,0.03,1,0.005,costed,200.08,0.08,0.05,2,2,0.0004,1.6125807311577124e-06,-1.17495103453013e-05,nonpositive_simultaneous_lower_bound;insufficient_release_days;nonpositive_stress_profit
340219bbf4e96cbd,favorite_yes,24,0,0.75,0.03,1,0.01,costed,200.18,0.18,0.08,2,2,0.0007,3.6274001727262244e-06,-2.2432422081037278e-05,nonpositive_simultaneous_lower_bound;insufficient_release_days
340219bbf4e96cbd,favorite_yes,24,0,0.75,0.03,1,0.025,costed,200.39,0.39,0.23,2,2,0.00205,7.855246846838097e-06,-5.9316996868450945e-05,nonpositive_simultaneous_lower_bound;insufficient_release_days
340219bbf4e96cbd,favorite_yes,24,0,0.75,0.03,1,0.05,costed,200.94,0.94,0.46,2,2,0.0041,1.8907215669884814e-05,-0.0001260130282715558,nonpositive_simultaneous_lower_bound;insufficient_release_days
340219bbf4e96cbd,favorite_yes,24,0,0.75,0.03,1,0.005,stress,200.0,0.0,0.09,3,3,0.00065,-3.5411441923921717e-19,-2.1785580912526665e-05,
340219bbf4e96cbd,favorite_yes,24,0,0.75,0.03,1,0.01,stress,200.04,0.04,0.14,3,3,0.0012,8.06370978493157e-07,-4.237814021529315e-05,
340219bbf4e96cbd,favorite_yes,24,0,0.75,0.03,1,0.025,stress,200.27,0.27,0.35,3,3,0.002937369311958578,5.439877295546549e-06,-0.00012050221030215512,
340219bbf4e96cbd,favorite_yes,24,0,0.75,0.03,1,0.05,stress,200.47,0.47,0.69,3,3,0.0062,9.464689791726113e-06,-0.000244179483436456,
f9ba096c50450a13,favorite_yes,24,0,0.75,0.03,3,0.005,costed,200.41,0.41,0.03,2,2,0.0001,8.257667811694074e-06,-1.5342349225872758e-05,nonpositive_simultaneous_lower_bound;insufficient_release_days
f9ba096c50450a13,favorite_yes,24,0,0.75,0.03,3,0.01,costed,200.83,0.83,0.05,2,2,0.00015,1.6699243953830353e-05,-3.1019158315458456e-05,nonpositive_simultaneous_lower_bound;insufficient_release_days
f9ba096c50450a13,favorite_yes,24,0,0.75,0.03,3,0.025,costed,202.34,2.34,0.14,2,2,0.00045,4.690356544236907e-05,-9.058769425766216e-05,nonpositive_simultaneous_lower_bound;insufficient_release_days
f9ba096c50450a13,favorite_yes,24,0,0.75,0.03,3,0.05,costed,204.84,4.84,0.28,2,2,0.00085,9.641862921900345e-05,-0.00018265725360213218,nonpositive_simultaneous_lower_bound;insufficient_release_days
f9ba096c50450a13,favorite_yes,24,0,0.75,0.03,3,0.005,stress,200.2,0.2,0.07,3,3,0.0005990415335463259,4.030243278562617e-06,-1.7499890762763094e-05,
f9ba096c50450a13,favorite_yes,24,0,0.75,0.03,3,0.01,stress,200.43,0.43,0.11,3,3,0.001096436581111388,8.660048618786343e-06,-3.418673782443493e-05,
f9ba096c50450a13,favorite_yes,24,0,0.75,0.03,3,0.025,stress,201.22,1.22,0.29,3,3,0.003219893991182444,2.4522057725273844e-05,-0.00010137106454845967,
f9ba096c50450a13,favorite_yes,24,0,0.75,0.03,3,0.05,stress,202.56,2.56,0.57,3,3,0.0063281824871228845,5.128537261199529e-05,-0.00020134193227318726,
9e25ee2d0050ac19,favorite_yes,24,0,0.75,0.03,,0.005,costed,200.41,0.41,0.03,2,2,0.0001,8.257667811694074e-06,-1.5342349225872758e-05,nonpositive_simultaneous_lower_bound;insufficient_release_days;nonpositive_stress_profit
9e25ee2d0050ac19,favorite_yes,24,0,0.75,0.03,,0.01,costed,200.83,0.83,0.05,2,2,0.00015,1.6699243953830353e-05,-3.1019158315458456e-05,nonpositive_simultaneous_lower_bound;insufficient_release_days;nonpositive_stress_profit
9e25ee2d0050ac19,favorite_yes,24,0,0.75,0.03,,0.025,costed,202.34,2.34,0.14,2,2,0.00045,4.690356544236907e-05,-9.058769425766216e-05,nonpositive_simultaneous_lower_bound;insufficient_release_days;nonpositive_stress_profit
9e25ee2d0050ac19,favorite_yes,24,0,0.75,0.03,,0.05,costed,204.84,4.84,0.28,2,2,0.00085,9.641862921900345e-05,-0.00018265725360213218,nonpositive_simultaneous_lower_bound;insufficient_release_days;nonpositive_stress_profit
9e25ee2d0050ac19,favorite_yes,24,0,0.75,0.03,,0.005,stress,199.53,-0.47,0.05,3,3,0.003943690095846645,-9.486957998375919e-06,-7.511542946956384e-05,
9e25ee2d0050ac19,favorite_yes,24,0,0.75,0.03,,0.01,stress,199.08,-0.92,0.08,3,3,0.007824570147022179,-1.8591179668077598e-05,-0.00014941550103057466,
9e25ee2d0050ac19,favorite_yes,24,0,0.75,0.03,,0.025,stress,197.17,-2.83,0.2,3,3,0.02328231039778075,-5.746397487846894e-05,-0.0004491428815633277,
9e25ee2d0050ac19,favorite_yes,24,0,0.75,0.03,,0.05,stress,194.46,-5.54,0.39,3,3,0.04606328182487123,-0.00011326967809082878,-0.0008979673319294985,
d17ea0265c4b098c,favorite_yes,24,0,0.75,0.08,1,0.005,costed,199.78,-0.22,0.32,13,13,0.00365,-4.437925177552941e-06,-4.224029283513991e-05,nonpositive_simultaneous_lower_bound;insufficient_release_days;nonpositive_stress_profit
d17ea0265c4b098c,favorite_yes,24,0,0.75,0.08,1,0.01,costed,199.68,-0.32,0.52,13,13,0.00675,-6.456779705539119e-06,-8.09416839283137e-05,nonpositive_simultaneous_lower_bound;insufficient_release_days;nonpositive_stress_profit
d17ea0265c4b098c,favorite_yes,24,0,0.75,0.08,1,0.025,costed,199.22,-0.78,1.21,13,13,0.0169,-1.575655173797343e-05,-0.00020198956122393635,nonpositive_simultaneous_lower_bound;insufficient_release_days;nonpositive_stress_profit
d17ea0265c4b098c,favorite_yes,24,0,0.75,0.08,1,0.05,costed,198.74,-1.26,2.41,13,13,0.03435,-2.5483583648463845e-05,-0.0004245182198665313,nonpositive_simultaneous_lower_bound;insufficient_release_days;nonpositive_stress_profit
d17ea0265c4b098c,favorite_yes,24,0,0.75,0.08,1,0.005,stress,199.1,-0.9,0.37,12,12,0.0049,-1.8186110797926286e-05,-6.024924103143293e-05,
d17ea0265c4b098c,favorite_yes,24,0,0.75,0.08,1,0.01,stress,198.36,-1.64,0.58,12,12,0.0092,-3.320082631896558e-05,-0.00011451251413522969,
d17ea0265c4b098c,favorite_yes,24,0,0.75,0.08,1,0.025,stress,196.09,-3.91,1.33,12,12,0.0229,-7.961140740569138e-05,-0.00029707532599617607,
d17ea0265c4b098c,favorite_yes,24,0,0.75,0.08,1,0.05,stress,191.62,-8.38,2.63,12,12,0.0472,-0.00017259323518269905,-0.0006142888509437105,
5469d708f99bb014,favorite_yes,24,0,0.75,0.08,3,0.005,costed,201.28,1.28,0.21,13,13,0.0006987422639249351,2.5724221629189454e-05,-1.1287809490337793e-05,nonpositive_simultaneous_lower_bound;insufficient_release_days
5469d708f99bb014,favorite_yes,24,0,0.75,0.08,3,0.01,costed,202.63,2.63,0.35,13,13,0.0012952077313938429,5.267858600484347e-05,-2.179067410250856e-05,nonpositive_simultaneous_lower_bound;insufficient_release_days
5469d708f99bb014,favorite_yes,24,0,0.75,0.08,3,0.025,costed,207.4,7.4,0.86,13,13,0.0031702001188825043,0.0001464997147072201,-6.207310538481725e-05,nonpositive_simultaneous_lower_bound;insufficient_release_days
5469d708f99bb014,favorite_yes,24,0,0.75,0.08,3,0.05,costed,215.67,15.67,1.67,13,13,0.006173141933271275,0.00030416167385424855,-0.00012061382438762136,nonpositive_simultaneous_lower_bound;insufficient_release_days
5469d708f99bb014,favorite_yes,24,0,0.75,0.08,3,0.005,stress,200.69,0.69,0.24,12,11,0.0016483516483516484,1.3887348397398644e-05,-4.030152389737292e-05,
5469d708f99bb014,favorite_yes,24,0,0.75,0.08,3,0.01,stress,201.48,1.48,0.38,12,11,0.003293084522502744,2.9728848102472617e-05,-7.949509119722173e-05,
5469d708f99bb014,favorite_yes,24,0,0.75,0.08,3,0.025,stress,204.32,4.32,0.89,12,11,0.008056895608494555,8.616945861367999e-05,-0.0002137564123769465,
5469d708f99bb014,favorite_yes,24,0,0.75,0.08,3,0.05,stress,209.43,9.43,1.85,12,11,0.01601423487544484,0.00018577495202573758,-0.00044448914074887773,
655537fbff068d5a,favorite_yes,24,0,0.75,0.08,,0.005,costed,201.81,1.81,0.17,13,13,9.988014382740711e-05,3.632779902253085e-05,-2.087456216294467e-06,nonpositive_simultaneous_lower_bound;insufficient_release_days
655537fbff068d5a,favorite_yes,24,0,0.75,0.08,,0.01,costed,203.68,3.68,0.28,13,13,0.00014964086193136473,7.351922685911095e-05,-3.82783549108066e-06,nonpositive_simultaneous_lower_bound;insufficient_release_days
655537fbff068d5a,favorite_yes,24,0,0.75,0.08,,0.025,costed,210.19,10.19,0.69,13,13,0.0004404639553663192,0.00020038111703165988,-1.396672493524876e-05,nonpositive_simultaneous_lower_bound;insufficient_release_days
655537fbff068d5a,favorite_yes,24,0,0.75,0.08,,0.05,costed,221.49,21.49,1.37,13,13,0.0009090474139993302,0.0004115325612546256,-3.068378950065804e-05,nonpositive_simultaneous_lower_bound;insufficient_release_days
655537fbff068d5a,favorite_yes,24,0,0.75,0.08,,0.005,stress,200.71,0.71,0.18,12,12,0.003972983710766786,1.4289167836149902e-05,-6.410290883599602e-05,
655537fbff068d5a,favorite_yes,24,0,0.75,0.08,,0.01,stress,201.5,1.5,0.28,12,12,0.007840623304896691,3.0129092091536744e-05,-0.00012657232942128765,
655537fbff068d5a,favorite_yes,24,0,0.75,0.08,,0.025,stress,204.03,4.03,0.66,12,12,0.022833245205018508,8.044223914362873e-05,-0.00038118711646029606,
655537fbff068d5a,favorite_yes,24,0,0.75,0.08,,0.05,stress,208.0,8.0,1.32,12,12,0.04745418455430919,0.00015814803690839075,-0.0007934982339822945,
30d28b4cbc5dc27d,favorite_yes,18,0,0.75,0.03,1,0.005,costed,199.93,-0.07,0.04,1,1,0.00035,-1.4115373560297609e-06,-6.961771412672086e-06,nonpositive_simultaneous_lower_bound;insufficient_release_days;nonpositive_stress_profit
30d28b4cbc5dc27d,favorite_yes,18,0,0.75,0.03,1,0.01,costed,199.88,-0.12,0.06,1,1,0.0006,-2.4200809356147603e-06,-1.1935957771110024e-05,nonpositive_simultaneous_lower_bound;insufficient_release_days;nonpositive_stress_profit
30d28b4cbc5dc27d,favorite_yes,18,0,0.75,0.03,1,0.025,costed,199.7,-0.3,0.15,1,1,0.0015,-6.0529279284963365e-06,-2.9853337168557214e-05,nonpositive_simultaneous_lower_bound;insufficient_release_days;nonpositive_stress_profit
30d28b4cbc5dc27d,favorite_yes,18,0,0.75,0.03,1,0.05,costed,199.34,-0.66,0.33,1,1,0.0033,-1.3328455680348715e-05,-6.57365965797097e-05,nonpositive_simultaneous_lower_bound;insufficient_release_days;nonpositive_stress_profit
30d28b4cbc5dc27d,favorite_yes,18,0,0.75,0.03,1,0.005,stress,199.97,-0.03,0.04,1,1,0.00015,-6.048840771173793e-07,-2.9833179108350265e-06,
30d28b4cbc5dc27d,favorite_yes,18,0,0.75,0.03,1,0.01,stress,199.96,-0.04,0.06,1,1,0.0002,-8.065322688187286e-07,-3.9778566741250236e-06,
30d28b4cbc5dc27d,favorite_yes,18,0,0.75,0.03,1,0.025,stress,199.93,-0.07,0.12,1,1,0.00035,-1.4115373560297609e-06,-6.961771412672086e-06,
30d28b4cbc5dc27d,favorite_yes,18,0,0.75,0.03,1,0.05,stress,199.86,-0.14,0.25,1,1,0.0007,-2.823569009650911e-06,-1.3925980725288069e-05,
db6b8be4ecf57821,favorite_yes,18,0,0.75,0.03,3,0.005,costed,200.1,0.1,0.03,1,1,0.0001,2.0156251679475518e-06,-5.909911768626456e-06,nonpositive_simultaneous_lower_bound;insufficient_release_days
db6b8be4ecf57821,favorite_yes,18,0,0.75,0.03,3,0.01,costed,200.21,0.21,0.05,1,1,0.00015,4.231649740207153e-06,-1.240740441131764e-05,nonpositive_simultaneous_lower_bound;insufficient_release_days
db6b8be4ecf57821,favorite_yes,18,0,0.75,0.03,3,0.025,costed,200.53,0.53,0.12,1,1,0.00035,1.0671350568167652e-05,-3.128892281801168e-05,nonpositive_simultaneous_lower_bound;insufficient_release_days
db6b8be4ecf57821,favorite_yes,18,0,0.75,0.03,3,0.05,costed,201.17,1.17,0.26,1,1,0.0008,2.351998061469221e-05,-6.896173576467907e-05,nonpositive_simultaneous_lower_bound;insufficient_release_days
db6b8be4ecf57821,favorite_yes,18,0,0.75,0.03,3,0.005,stress,200.03,0.03,0.03,1,1,0.0001,6.047933513103546e-07,-1.7732837440880314e-06,
db6b8be4ecf57821,favorite_yes,18,0,0.75,0.03,3,0.01,stress,200.07,0.07,0.05,1,1,0.00015,1.4110434043870507e-06,-4.137248410189912e-06,
db6b8be4ecf57821,favorite_yes,18,0,0.75,0.03,3,0.025,stress,200.19,0.19,0.11,1,1,0.0003,3.828826756404037e-06,-1.122630768236811e-05,
db6b8be4ecf57821,favorite_yes,18,0,0.75,0.03,3,0.05,stress,200.43,0.43,0.23,1,1,0.00065,8.660048618786523e-06,-2.539168693808232e-05,
875b6b8f355e6f6f,favorite_yes,18,0,0.75,0.03,,0.005,costed,200.25,0.25,0.02,1,1,0.0001,5.037175001742088e-06,-1.5111647658285128e-05,nonpositive_simultaneous_lower_bound;insufficient_release_days
875b6b8f355e6f6f,favorite_yes,18,0,0.75,0.03,,0.01,costed,200.51,0.51,0.03,1,1,0.00015,1.0269170429741433e-05,-3.065795397338242e-05,nonpositive_simultaneous_lower_bound;insufficient_release_days
875b6b8f355e6f6f,favorite_yes,18,0,0.75,0.03,,0.025,costed,201.28,1.28,0.07,1,1,0.00035,2.5724221629189532e-05,-7.67279003518894e-05,nonpositive_simultaneous_lower_bound;insufficient_release_days
875b6b8f355e6f6f,favorite_yes,18,0,0.75,0.03,,0.05,costed,202.81,2.81,0.16,1,1,0.0008,5.625892587904883e-05,-0.00016789867933952133,nonpositive_simultaneous_lower_bound;insufficient_release_days
875b6b8f355e6f6f,favorite_yes,18,0,0.75,0.03,,0.005,stress,200.18,0.18,0.02,1,1,0.0001,3.627400172726465e-06,-1.0963247456661133e-05,
875b6b8f355e6f6f,favorite_yes,18,0,0.75,0.03,,0.01,stress,200.37,0.37,0.03,1,1,0.00015,7.452785716200504e-06,-2.2364332537730816e-05,
875b6b8f355e6f6f,favorite_yes,18,0,0.75,0.03,,0.025,stress,200.94,0.94,0.06,1,1,0.0003,1.8907215669885797e-05,-5.651179219629935e-05,
875b6b8f355e6f6f,favorite_yes,18,0,0.75,0.03,,0.05,stress,202.07,2.07,0.13,1,1,0.00065,4.151937692487134e-05,-0.00012407339717417464,
d925afc0c0806b4e,favorite_yes,18,0,0.75,0.08,1,0.005,costed,199.68,-0.32,0.14,5,5,0.0016,-6.4567797055392094e-06,-1.754902420169116e-05,nonpositive_simultaneous_lower_bound;insufficient_release_days;nonpositive_stress_profit
d925afc0c0806b4e,favorite_yes,18,0,0.75,0.08,1,0.01,costed,199.43,-0.57,0.21,5,5,0.00285,-1.1508342673009907e-05,-3.123422541660767e-05,nonpositive_simultaneous_lower_bound;insufficient_release_days;nonpositive_stress_profit
d925afc0c0806b4e,favorite_yes,18,0,0.75,0.08,1,0.025,costed,198.64,-1.36,0.46,5,5,0.0068,-2.7513005435989894e-05,-7.509176457263391e-05,nonpositive_simultaneous_lower_bound;insufficient_release_days;nonpositive_stress_profit
d925afc0c0806b4e,favorite_yes,18,0,0.75,0.08,1,0.05,costed,197.21,-2.79,0.92,5,5,0.01395,-5.664603115346356e-05,-0.00015571149034936745,nonpositive_simultaneous_lower_bound;insufficient_release_days;nonpositive_stress_profit
d925afc0c0806b4e,favorite_yes,18,0,0.75,0.08,1,0.005,stress,199.52,-0.48,0.16,5,5,0.0024,-9.689050872219364e-06,-2.9746164925823774e-05,
d925afc0c0806b4e,favorite_yes,18,0,0.75,0.08,1,0.01,stress,199.11,-0.89,0.25,5,5,0.00445,-1.798359162134481e-05,-5.605437576069665e-05,
d925afc0c0806b4e,favorite_yes,18,0,0.75,0.08,1,0.025,stress,197.73,-2.27,0.55,5,5,0.01135,-4.602783393265509e-05,-0.00014736276839883713,
d925afc0c0806b4e,favorite_yes,18,0,0.75,0.08,1,0.05,stress,195.37,-4.63,1.09,5,5,0.02315,-9.444423364714759e-05,-0.0003020653384277139,
1d4d3bcb394c8608,favorite_yes,18,0,0.75,0.08,3,0.005,costed,199.91,-0.09,0.13,5,5,0.00105,-1.8149245176819207e-06,-1.4939854462146533e-05,nonpositive_simultaneous_lower_bound;insufficient_release_days;nonpositive_stress_profit
1d4d3bcb394c8608,favorite_yes,18,0,0.75,0.08,3,0.01,costed,199.9,-0.1,0.18,5,5,0.0017,-2.0166332325907197e-06,-2.701110595277054e-05,nonpositive_simultaneous_lower_bound;insufficient_release_days;nonpositive_stress_profit
1d4d3bcb394c8608,favorite_yes,18,0,0.75,0.08,3,0.025,costed,199.78,-0.22,0.42,5,5,0.0041,-4.437925177552941e-06,-6.723157221256377e-05,nonpositive_simultaneous_lower_bound;insufficient_release_days;nonpositive_stress_profit
1d4d3bcb394c8608,favorite_yes,18,0,0.75,0.08,3,0.05,costed,199.67,-0.33,0.82,5,5,0.0083,-6.658720763025946e-06,-0.00013961041702718224,nonpositive_simultaneous_lower_bound;insufficient_release_days;nonpositive_stress_profit
1d4d3bcb394c8608,favorite_yes,18,0,0.75,0.08,3,0.005,stress,199.82,-0.18,0.13,5,5,0.00115,-3.630666303080406e-06,-1.9827916533812195e-05,
1d4d3bcb394c8608,favorite_yes,18,0,0.75,0.08,3,0.01,stress,199.7,-0.3,0.2,5,5,0.002,-6.052927928495798e-06,-3.714706027179559e-05,
1d4d3bcb394c8608,favorite_yes,18,0,0.75,0.08,3,0.025,stress,199.18,-0.82,0.46,5,5,0.00535,-1.6566242115092264e-05,-0.00010045995235294925,
1d4d3bcb394c8608,favorite_yes,18,0,0.75,0.08,3,0.05,stress,198.31,-1.69,0.94,5,5,0.01125,-3.4217353428622124e-05,-0.00020798352656562627,
7daca8bb36a2666b,favorite_yes,18,0,0.75,0.08,,0.005,costed,200.58,0.58,0.07,5,5,9.994503023337164e-05,1.1676625451716673e-05,-1.533584718288266e-05,nonpositive_simultaneous_lower_bound;insufficient_release_days
7daca8bb36a2666b,favorite_yes,18,0,0.75,0.08,,0.01,costed,201.2,1.2,0.1,5,5,0.00014982021574111066,2.412125676430454e-05,-3.064885514881944e-05,nonpositive_simultaneous_lower_bound;insufficient_release_days
7daca8bb36a2666b,favorite_yes,18,0,0.75,0.08,,0.025,costed,203.04,3.04,0.21,5,5,0.00034890096196979513,6.082918313726154e-05,-7.589130769305683e-05,nonpositive_simultaneous_lower_bound;insufficient_release_days
7daca8bb36a2666b,favorite_yes,18,0,0.75,0.08,,0.05,costed,206.59,6.59,0.42,5,5,0.000785160467170478,0.0001307209123205684,-0.00016541114869238167,nonpositive_simultaneous_lower_bound;insufficient_release_days
7daca8bb36a2666b,favorite_yes,18,0,0.75,0.08,,0.005,stress,200.63,0.63,0.08,5,5,0.0001,1.2681649774485537e-05,-1.3431761765785056e-05,
7daca8bb36a2666b,favorite_yes,18,0,0.75,0.08,,0.01,stress,201.31,1.31,0.11,5,5,0.00015,2.6325169204436892e-05,-2.724182735030141e-05,
7daca8bb36a2666b,favorite_yes,18,0,0.75,0.08,,0.025,stress,203.55,3.55,0.24,5,5,0.0004,7.094479193931913e-05,-7.64696861083112e-05,
7daca8bb36a2666b,favorite_yes,18,0,0.75,0.08,,0.05,stress,207.48,7.48,0.48,5,5,0.0008,0.0001480547698998493,-0.00015757685965704445,
fdfaae76ffcb415a,favorite_yes,12,0,0.75,0.03,1,0.005,costed,197.23,-2.77,0.34,12,12,0.01405,-5.623712150251937e-05,-0.00014913466026786348,nonpositive_simultaneous_lower_bound;insufficient_release_days;nonpositive_stress_profit
fdfaae76ffcb415a,favorite_yes,12,0,0.75,0.03,1,0.01,costed,194.44,-5.56,0.64,15,15,0.0282,-0.00011368441278541068,-0.0003011395647539151,nonpositive_simultaneous_lower_bound;insufficient_release_days;nonpositive_stress_profit
fdfaae76ffcb415a,favorite_yes,12,0,0.75,0.03,1,0.025,costed,186.33,-13.67,1.36,15,15,0.06935,-0.00028547609398675626,-0.0007639440120808566,nonpositive_simultaneous_lower_bound;insufficient_release_days;nonpositive_stress_profit
fdfaae76ffcb415a,favorite_yes,12,0,0.75,0.03,1,0.05,costed,171.44,-28.56,2.73,15,15,0.14485,-0.0006213065136399804,-0.0016620323157921042,nonpositive_simultaneous_lower_bound;insufficient_release_days;nonpositive_stress_profit
fdfaae76ffcb415a,favorite_yes,12,0,0.75,0.03,1,0.005,stress,198.62,-1.38,0.18,7,7,0.0069,-2.7919012390419624e-05,-8.18584051521199e-05,
fdfaae76ffcb415a,favorite_yes,12,0,0.75,0.03,1,0.01,stress,197.09,-2.91,0.35,8,8,0.01455,-5.910036025658774e-05,-0.00016668525162103417,
fdfaae76ffcb415a,favorite_yes,12,0,0.75,0.03,1,0.025,stress,192.59,-7.41,0.81,8,8,0.03705,-0.0001522330226286929,-0.0004265263321123261,
fdfaae76ffcb415a,favorite_yes,12,0,0.75,0.03,1,0.05,stress,184.56,-15.44,1.66,8,8,0.0772,-0.00032396271242959076,-0.0009252172853869986,
2029671f4b382781,favorite_yes,12,0,0.75,0.03,3,0.005,costed,199.27,-0.73,0.22,13,13,0.006438410860451188,-1.4744667353000158e-05,-0.00011857967754111775,nonpositive_simultaneous_lower_bound;insufficient_release_days;nonpositive_stress_profit
2029671f4b382781,favorite_yes,12,0,0.75,0.03,3,0.01,costed,198.66,-1.34,0.38,15,15,0.012747734289413405,-2.7107039358172594e-05,-0.00023413816123497763,nonpositive_simultaneous_lower_bound;insufficient_release_days;nonpositive_stress_profit
2029671f4b382781,favorite_yes,12,0,0.75,0.03,3,0.025,costed,196.64,-3.36,0.82,15,15,0.03314534481052736,-6.831742229964545e-05,-0.000602606267206475,nonpositive_simultaneous_lower_bound;insufficient_release_days;nonpositive_stress_profit
2029671f4b382781,favorite_yes,12,0,0.75,0.03,3,0.05,costed,193.2,-6.8,1.64,15,15,0.06965416463711642,-0.00013948163213556275,-0.0012714541773772893,nonpositive_simultaneous_lower_bound;insufficient_release_days;nonpositive_stress_profit
2029671f4b382781,favorite_yes,12,0,0.75,0.03,3,0.005,stress,199.33,-0.67,0.09,7,7,0.0042972068155698795,-1.3530741182913705e-05,-8.733498433682158e-05,
2029671f4b382781,favorite_yes,12,0,0.75,0.03,3,0.01,stress,198.71,-1.29,0.17,8,8,0.00858883451513033,-2.6092302944804927e-05,-0.0001740842394359198,
2029671f4b382781,favorite_yes,12,0,0.75,0.03,3,0.025,stress,196.48,-3.52,0.41,8,8,0.02143035135808622,-7.159968382765819e-05,-0.00045012478882422023,
2029671f4b382781,favorite_yes,12,0,0.75,0.03,3,0.05,stress,193.63,-6.37,0.82,8,8,0.042692613185067514,-0.00013051711706745978,-0.0009029670548141353,
06258ce07fb05155,favorite_yes,12,0,0.75,0.03,,0.005,costed,199.23,-0.77,0.18,13,13,0.006687627888406448,-1.5554154545582875e-05,-0.00012548097499391462,nonpositive_simultaneous_lower_bound;insufficient_release_days;nonpositive_stress_profit
06258ce07fb05155,favorite_yes,12,0,0.75,0.03,,0.01,costed,198.55,-1.45,0.33,15,15,0.012902261631961742,-2.9340358753129414e-05,-0.0002489948399122433,nonpositive_simultaneous_lower_bound;insufficient_release_days;nonpositive_stress_profit
06258ce07fb05155,favorite_yes,12,0,0.75,0.03,,0.025,costed,196.34,-3.66,0.72,15,15,0.03333828701639669,-7.447385598250514e-05,-0.0006404011225899874,nonpositive_simultaneous_lower_bound;insufficient_release_days;nonpositive_stress_profit
06258ce07fb05155,favorite_yes,12,0,0.75,0.03,,0.05,costed,192.67,-7.33,1.44,15,15,0.06983444840552816,-0.0001505584099006774,-0.0013435219951629356,nonpositive_simultaneous_lower_bound;insufficient_release_days;nonpositive_stress_profit
06258ce07fb05155,favorite_yes,12,0,0.75,0.03,,0.005,stress,199.33,-0.67,0.09,7,7,0.0042972068155698795,-1.3530741182913705e-05,-8.733498433682158e-05,
06258ce07fb05155,favorite_yes,12,0,0.75,0.03,,0.01,stress,198.71,-1.29,0.17,8,8,0.00858883451513033,-2.6092302944804927e-05,-0.0001740842394359198,
06258ce07fb05155,favorite_yes,12,0,0.75,0.03,,0.025,stress,196.48,-3.52,0.41,8,8,0.02143035135808622,-7.159968382765819e-05,-0.00045012478882422023,
06258ce07fb05155,favorite_yes,12,0,0.75,0.03,,0.05,stress,193.63,-6.37,0.82,8,8,0.042692613185067514,-0.00013051711706745978,-0.0009029670548141353,
bca77418fe8398b7,favorite_yes,12,0,0.75,0.08,1,0.005,costed,192.74,-7.26,1.3,44,41,0.0363,-0.00014909369405199783,-0.00030973084135291163,nonpositive_simultaneous_lower_bound;insufficient_release_days;nonpositive_stress_profit
bca77418fe8398b7,favorite_yes,12,0,0.75,0.08,1,0.01,costed,185.05,-14.95,2.41,55,51,0.07475,-0.00031327140208012766,-0.00064128665741156,nonpositive_simultaneous_lower_bound;insufficient_release_days;nonpositive_stress_profit
bca77418fe8398b7,favorite_yes,12,0,0.75,0.08,1,0.025,costed,164.51,-35.49,5.08,55,51,0.17745,-0.0007876855157931752,-0.0016314097609900773,nonpositive_simultaneous_lower_bound;insufficient_release_days;nonpositive_stress_profit
bca77418fe8398b7,favorite_yes,12,0,0.75,0.08,1,0.05,costed,154.92,-45.08,6.89,43,39,0.2254,-0.0010298730318608275,-0.0024593689095717946,nonpositive_simultaneous_lower_bound;insufficient_release_days;nonpositive_stress_profit
bca77418fe8398b7,favorite_yes,12,0,0.75,0.08,1,0.005,stress,197.51,-2.49,0.65,23,21,0.01639344262295082,-5.051673619867037e-05,-0.0001363204193639078,
bca77418fe8398b7,favorite_yes,12,0,0.75,0.08,1,0.01,stress,195.0,-5.0,1.19,27,24,0.032923661071143084,-0.00010208793542052516,-0.00027522331214190684,
bca77418fe8398b7,favorite_yes,12,0,0.75,0.08,1,0.025,stress,187.8,-12.2,2.59,27,24,0.080830256461431,-0.00025378951521723257,-0.0006974809897246587,
bca77418fe8398b7,favorite_yes,12,0,0.75,0.08,1,0.05,stress,176.4,-23.6,4.75,27,24,0.15743875721967734,-0.0005063033184489757,-0.001440519337140333,
7fe5c498c06308be,favorite_yes,12,0,0.75,0.08,3,0.005,costed,197.84,-2.16,0.91,52,47,0.013709556807418116,-4.3785255382564246e-05,-0.00024321590078172083,nonpositive_simultaneous_lower_bound;insufficient_release_days;nonpositive_stress_profit
7fe5c498c06308be,favorite_yes,12,0,0.75,0.08,3,0.01,costed,196.06,-3.94,1.48,55,48,0.02583722547947928,-8.022835368732573e-05,-0.00047883045910049186,nonpositive_simultaneous_lower_bound;insufficient_release_days;nonpositive_stress_profit
7fe5c498c06308be,favorite_yes,12,0,0.75,0.08,3,0.025,costed,189.99,-10.01,3.18,55,48,0.06648648648648649,-0.00020704002964350062,-0.0012487881330474691,nonpositive_simultaneous_lower_bound;insufficient_release_days;nonpositive_stress_profit
7fe5c498c06308be,favorite_yes,12,0,0.75,0.08,3,0.05,costed,190.32,-9.68,6.01,54,48,0.1088218767559468,-0.00020004234094086784,-0.002276966352626496,nonpositive_simultaneous_lower_bound;insufficient_release_days;nonpositive_stress_profit
7fe5c498c06308be,favorite_yes,12,0,0.75,0.08,3,0.005,stress,198.59,-1.41,0.4,25,24,0.008440293662288368,-2.8528099483723182e-05,-0.00014615624390586516,
7fe5c498c06308be,favorite_yes,12,0,0.75,0.08,3,0.01,stress,197.33,-2.67,0.7,27,26,0.016808818394932416,-5.419319502702496e-05,-0.0002906393760261908,
7fe5c498c06308be,favorite_yes,12,0,0.75,0.08,3,0.025,stress,193.23,-6.77,1.53,27,26,0.04163147697352079,-0.00013885555371422284,-0.0007390043514680225,
7fe5c498c06308be,favorite_yes,12,0,0.75,0.08,3,0.05,stress,186.2,-13.8,2.68,26,26,0.08390056229653743,-0.0002882903294559299,-0.0015147001314209374,
7f3eff43f95f8dbb,favorite_yes,12,0,0.75,0.08,,0.005,costed,198.77,-1.23,0.76,52,46,0.014003787501245889,-2.4874956231972876e-05,-0.00023993453119210476,nonpositive_simultaneous_lower_bound;insufficient_release_days;nonpositive_stress_profit
7f3eff43f95f8dbb,favorite_yes,12,0,0.75,0.08,,0.01,costed,197.87,-2.13,1.24,55,49,0.027558468642931624,-4.317385945035537e-05,-0.00047305529377735347,nonpositive_simultaneous_lower_bound;insufficient_release_days;nonpositive_stress_profit
7f3eff43f95f8dbb,favorite_yes,12,0,0.75,0.08,,0.025,costed,194.55,-5.45,2.75,55,49,0.07143558041409087,-0.00011140389966723126,-0.001240011864687103,nonpositive_simultaneous_lower_bound;insufficient_release_days;nonpositive_stress_profit
7f3eff43f95f8dbb,favorite_yes,12,0,0.75,0.08,,0.05,costed,196.69,-3.31,5.28,53,49,0.10561008468052348,-6.7292263250949e-05,-0.0023283404730149683,nonpositive_simultaneous_lower_bound;insufficient_release_days;nonpositive_stress_profit
7f3eff43f95f8dbb,favorite_yes,12,0,0.75,0.08,,0.005,stress,199.13,-0.87,0.36,25,24,0.008437343984023965,-1.757858378005246e-05,-0.00014368733887340493,
7f3eff43f95f8dbb,favorite_yes,12,0,0.75,0.08,,0.01,stress,198.39,-1.61,0.64,27,25,0.016797926428072974,-3.259103303772525e-05,-0.00028644723169560433,
7f3eff43f95f8dbb,favorite_yes,12,0,0.75,0.08,,0.025,stress,195.47,-4.53,1.4,27,25,0.041565398541739004,-9.238085315768348e-05,-0.0007459473370329523,
7f3eff43f95f8dbb,favorite_yes,12,0,0.75,0.08,,0.05,stress,188.19,-11.81,2.56,27,25,0.08442324712361098,-0.0002454244990777231,-0.0015441011027004267,
8689ca9dd11ded15,favorite_yes,6,0,0.75,0.03,1,0.005,costed,199.79,-0.21,0.06,3,3,0.00105,-4.236095307173808e-06,-1.5309095461608648e-05,nonpositive_simultaneous_lower_bound;insufficient_release_days;nonpositive_stress_profit
8689ca9dd11ded15,favorite_yes,6,0,0.75,0.03,1,0.01,costed,199.53,-0.47,0.13,6,6,0.00235,-9.486957998376242e-06,-3.151376048687807e-05,nonpositive_simultaneous_lower_bound;insufficient_release_days;nonpositive_stress_profit
8689ca9dd11ded15,favorite_yes,6,0,0.75,0.03,1,0.025,costed,198.94,-1.06,0.21,6,6,0.0053,-2.1427801708745062e-05,-7.331828025395593e-05,nonpositive_simultaneous_lower_bound;insufficient_release_days;nonpositive_stress_profit
8689ca9dd11ded15,favorite_yes,6,0,0.75,0.03,1,0.05,costed,197.93,-2.07,0.37,6,6,0.01035,-4.195134562658403e-05,-0.00014529405668372826,nonpositive_simultaneous_lower_bound;insufficient_release_days;nonpositive_stress_profit
8689ca9dd11ded15,favorite_yes,6,0,0.75,0.03,1,0.005,stress,200.0,0.0,0.0,0,0,0.0,0.0,,
8689ca9dd11ded15,favorite_yes,6,0,0.75,0.03,1,0.01,stress,200.0,0.0,0.0,0,0,0.0,0.0,,
8689ca9dd11ded15,favorite_yes,6,0,0.75,0.03,1,0.025,stress,200.0,0.0,0.0,0,0,0.0,0.0,,
8689ca9dd11ded15,favorite_yes,6,0,0.75,0.03,1,0.05,stress,200.0,0.0,0.0,0,0,0.0,0.0,,
b2ac2a16f8b269ef,favorite_yes,6,0,0.75,0.03,3,0.005,costed,200.1,0.1,0.06,6,6,5e-05,2.0156251679486284e-06,-3.846365503593649e-06,nonpositive_simultaneous_lower_bound;insufficient_release_days;nonpositive_stress_profit
b2ac2a16f8b269ef,favorite_yes,6,0,0.75,0.03,3,0.01,costed,200.25,0.25,0.07,6,6,9.996001599360256e-05,5.037175001741182e-06,-7.282127119616386e-06,nonpositive_simultaneous_lower_bound;insufficient_release_days;nonpositive_stress_profit
b2ac2a16f8b269ef,favorite_yes,6,0,0.75,0.03,3,0.025,costed,200.71,0.71,0.09,6,6,0.00014983518130056938,1.4289167836148223e-05,-1.8759747121756478e-05,nonpositive_simultaneous_lower_bound;insufficient_release_days;nonpositive_stress_profit
b2ac2a16f8b269ef,favorite_yes,6,0,0.75,0.03,3,0.05,costed,201.46,1.46,0.14,6,6,0.0002993265153404839,2.93285643810414e-05,-3.727342562711856e-05,nonpositive_simultaneous_lower_bound;insufficient_release_days;nonpositive_stress_profit
b2ac2a16f8b269ef,favorite_yes,6,0,0.75,0.03,3,0.005,stress,200.0,0.0,0.0,0,0,0.0,0.0,,
b2ac2a16f8b269ef,favorite_yes,6,0,0.75,0.03,3,0.01,stress,200.0,0.0,0.0,0,0,0.0,0.0,,
b2ac2a16f8b269ef,favorite_yes,6,0,0.75,0.03,3,0.025,stress,200.0,0.0,0.0,0,0,0.0,0.0,,
b2ac2a16f8b269ef,favorite_yes,6,0,0.75,0.03,3,0.05,stress,200.0,0.0,0.0,0,0,0.0,0.0,,
6aeaedf2466802f6,favorite_yes,6,0,0.75,0.03,,0.005,costed,200.1,0.1,0.06,6,6,5e-05,2.0156251679486284e-06,-3.846365503593649e-06,nonpositive_simultaneous_lower_bound;insufficient_release_days;nonpositive_stress_profit
6aeaedf2466802f6,favorite_yes,6,0,0.75,0.03,,0.01,costed,200.25,0.25,0.07,6,6,9.996001599360256e-05,5.037175001741182e-06,-7.282127119616386e-06,nonpositive_simultaneous_lower_bound;insufficient_release_days;nonpositive_stress_profit
6aeaedf2466802f6,favorite_yes,6,0,0.75,0.03,,0.025,costed,200.71,0.71,0.09,6,6,0.00014983518130056938,1.4289167836148223e-05,-1.8759747121756478e-05,nonpositive_simultaneous_lower_bound;insufficient_release_days;nonpositive_stress_profit
6aeaedf2466802f6,favorite_yes,6,0,0.75,0.03,,0.05,costed,201.46,1.46,0.14,6,6,0.0002993265153404839,2.93285643810414e-05,-3.727342562711856e-05,nonpositive_simultaneous_lower_bound;insufficient_release_days;nonpositive_stress_profit
6aeaedf2466802f6,favorite_yes,6,0,0.75,0.03,,0.005,stress,200.0,0.0,0.0,0,0,0.0,0.0,,
6aeaedf2466802f6,favorite_yes,6,0,0.75,0.03,,0.01,stress,200.0,0.0,0.0,0,0,0.0,0.0,,
6aeaedf2466802f6,favorite_yes,6,0,0.75,0.03,,0.025,stress,200.0,0.0,0.0,0,0,0.0,0.0,,
6aeaedf2466802f6,favorite_yes,6,0,0.75,0.03,,0.05,stress,200.0,0.0,0.0,0,0,0.0,0.0,,
92c60b100069d15f,favorite_yes,6,0,0.75,0.08,1,0.005,costed,199.67,-0.33,0.11,6,6,0.00165,-6.658720763026033e-06,-2.0975700507310986e-05,nonpositive_simultaneous_lower_bound;insufficient_release_days;nonpositive_stress_profit
92c60b100069d15f,favorite_yes,6,0,0.75,0.08,1,0.01,costed,199.3,-0.7,0.22,9,9,0.0035498225088745564,-1.4137658585836635e-05,-4.2505764024030207e-05,nonpositive_simultaneous_lower_bound;insufficient_release_days;nonpositive_stress_profit
92c60b100069d15f,favorite_yes,6,0,0.75,0.08,1,0.025,costed,198.43,-1.57,0.37,9,9,0.008048390321935613,-3.1778118753532107e-05,-9.7931560702132e-05,nonpositive_simultaneous_lower_bound;insufficient_release_days;nonpositive_stress_profit
92c60b100069d15f,favorite_yes,6,0,0.75,0.08,1,0.05,costed,196.97,-3.03,0.65,9,9,0.01559298315757909,-6.155618415497239e-05,-0.00019186397184502293,nonpositive_simultaneous_lower_bound;insufficient_release_days;nonpositive_stress_profit
92c60b100069d15f,favorite_yes,6,0,0.75,0.08,1,0.005,stress,198.88,-1.12,0.06,3,3,0.0056,-2.2644108006595772e-05,-9.129734073004568e-05,
92c60b100069d15f,favorite_yes,6,0,0.75,0.08,1,0.01,stress,197.78,-2.22,0.1,3,3,0.0111,-4.500832542819359e-05,-0.00018244625985269484,
92c60b100069d15f,favorite_yes,6,0,0.75,0.08,1,0.025,stress,194.48,-5.52,0.22,3,3,0.0276,-0.00011285498604906769,-0.00045844342543769007,
92c60b100069d15f,favorite_yes,6,0,0.75,0.08,1,0.05,stress,188.99,-11.01,0.41,3,3,0.05505,-0.0002283196086334295,-0.0009266881964918322,
d443d9217f72ef70,favorite_yes,6,0,0.75,0.08,3,0.005,costed,200.26,0.26,0.09,9,9,5e-05,5.238531175888534e-06,-7.62763620214315e-06,nonpositive_simultaneous_lower_bound;insufficient_release_days;nonpositive_stress_profit
d443d9217f72ef70,favorite_yes,6,0,0.75,0.08,3,0.01,costed,200.58,0.58,0.12,9,9,9.99550202408916e-05,1.1676625451716592e-05,-1.4212241926220217e-05,nonpositive_simultaneous_lower_bound;insufficient_release_days;nonpositive_stress_profit
d443d9217f72ef70,favorite_yes,6,0,0.75,0.08,3,0.025,costed,201.59,1.59,0.16,9,9,0.00014980525317087785,3.1929698565708025e-05,-3.623151644735688e-05,nonpositive_simultaneous_lower_bound;insufficient_release_days;nonpositive_stress_profit
d443d9217f72ef70,favorite_yes,6,0,0.75,0.08,3,0.05,costed,203.23,3.23,0.27,9,9,0.0002991921811110003,6.460070989588418e-05,-7.143976208767182e-05,nonpositive_simultaneous_lower_bound;insufficient_release_days;nonpositive_stress_profit
d443d9217f72ef70,favorite_yes,6,0,0.75,0.08,3,0.005,stress,199.26,-0.74,0.03,3,3,0.0044,-1.494702391663899e-05,-8.318566473871099e-05,
d443d9217f72ef70,favorite_yes,6,0,0.75,0.08,3,0.01,stress,198.53,-1.47,0.05,3,3,0.00875,-2.9746549754230267e-05,-0.00016659437930720855,
d443d9217f72ef70,favorite_yes,6,0,0.75,0.08,3,0.025,stress,196.34,-3.66,0.11,3,3,0.0219,-7.447385598250606e-05,-0.00041903633881980876,
d443d9217f72ef70,favorite_yes,6,0,0.75,0.08,3,0.05,stress,192.7,-7.3,0.2,3,3,0.0437,-0.00014993060938595115,-0.0008461778049820711,
584e71239137e9ec,favorite_yes,6,0,0.75,0.08,,0.005,costed,200.26,0.26,0.09,9,9,5e-05,5.238531175888534e-06,-7.62763620214315e-06,nonpositive_simultaneous_lower_bound;insufficient_release_days;nonpositive_stress_profit
584e71239137e9ec,favorite_yes,6,0,0.75,0.08,,0.01,costed,200.58,0.58,0.12,9,9,9.99550202408916e-05,1.1676625451716592e-05,-1.4212241926220217e-05,nonpositive_simultaneous_lower_bound;insufficient_release_days;nonpositive_stress_profit
584e71239137e9ec,favorite_yes,6,0,0.75,0.08,,0.025,costed,201.59,1.59,0.16,9,9,0.00014980525317087785,3.1929698565708025e-05,-3.623151644735688e-05,nonpositive_simultaneous_lower_bound;insufficient_release_days;nonpositive_stress_profit
584e71239137e9ec,favorite_yes,6,0,0.75,0.08,,0.05,costed,203.23,3.23,0.27,9,9,0.0002991921811110003,6.460070989588418e-05,-7.143976208767182e-05,nonpositive_simultaneous_lower_bound;insufficient_release_days;nonpositive_stress_profit
584e71239137e9ec,favorite_yes,6,0,0.75,0.08,,0.005,stress,199.26,-0.74,0.03,3,3,0.0044,-1.494702391663899e-05,-8.318566473871099e-05,
584e71239137e9ec,favorite_yes,6,0,0.75,0.08,,0.01,stress,198.53,-1.47,0.05,3,3,0.00875,-2.9746549754230267e-05,-0.00016659437930720855,
584e71239137e9ec,favorite_yes,6,0,0.75,0.08,,0.025,stress,196.34,-3.66,0.11,3,3,0.0219,-7.447385598250606e-05,-0.00041903633881980876,
584e71239137e9ec,favorite_yes,6,0,0.75,0.08,,0.05,stress,192.7,-7.3,0.2,3,3,0.0437,-0.00014993060938595115,-0.0008461778049820711,
70e1bff96d80dbea,favorite_yes,24,0,0.9,0.03,1,0.005,costed,200.0,0.0,0.0,0,0,0.0,0.0,,nonpositive_simultaneous_lower_bound;insufficient_release_days;nonpositive_stress_profit
70e1bff96d80dbea,favorite_yes,24,0,0.9,0.03,1,0.01,costed,200.0,0.0,0.0,0,0,0.0,0.0,,nonpositive_simultaneous_lower_bound;insufficient_release_days;nonpositive_stress_profit
70e1bff96d80dbea,favorite_yes,24,0,0.9,0.03,1,0.025,costed,200.0,0.0,0.0,0,0,0.0,0.0,,nonpositive_simultaneous_lower_bound;insufficient_release_days;nonpositive_stress_profit
70e1bff96d80dbea,favorite_yes,24,0,0.9,0.03,1,0.05,costed,200.0,0.0,0.0,0,0,0.0,0.0,,nonpositive_simultaneous_lower_bound;insufficient_release_days;nonpositive_stress_profit
70e1bff96d80dbea,favorite_yes,24,0,0.9,0.03,1,0.005,stress,200.0,0.0,0.0,0,0,0.0,0.0,,
70e1bff96d80dbea,favorite_yes,24,0,0.9,0.03,1,0.01,stress,200.0,0.0,0.0,0,0,0.0,0.0,,
70e1bff96d80dbea,favorite_yes,24,0,0.9,0.03,1,0.025,stress,200.0,0.0,0.0,0,0,0.0,0.0,,
70e1bff96d80dbea,favorite_yes,24,0,0.9,0.03,1,0.05,stress,200.0,0.0,0.0,0,0,0.0,0.0,,
0f7d2063154726a2,favorite_yes,24,0,0.9,0.03,3,0.005,costed,200.0,0.0,0.0,0,0,0.0,0.0,,nonpositive_simultaneous_lower_bound;insufficient_release_days;nonpositive_stress_profit
0f7d2063154726a2,favorite_yes,24,0,0.9,0.03,3,0.01,costed,200.0,0.0,0.0,0,0,0.0,0.0,,nonpositive_simultaneous_lower_bound;insufficient_release_days;nonpositive_stress_profit
0f7d2063154726a2,favorite_yes,24,0,0.9,0.03,3,0.025,costed,200.0,0.0,0.0,0,0,0.0,0.0,,nonpositive_simultaneous_lower_bound;insufficient_release_days;nonpositive_stress_profit
0f7d2063154726a2,favorite_yes,24,0,0.9,0.03,3,0.05,costed,200.0,0.0,0.0,0,0,0.0,0.0,,nonpositive_simultaneous_lower_bound;insufficient_release_days;nonpositive_stress_profit
0f7d2063154726a2,favorite_yes,24,0,0.9,0.03,3,0.005,stress,200.0,0.0,0.0,0,0,0.0,0.0,,
0f7d2063154726a2,favorite_yes,24,0,0.9,0.03,3,0.01,stress,200.0,0.0,0.0,0,0,0.0,0.0,,
0f7d2063154726a2,favorite_yes,24,0,0.9,0.03,3,0.025,stress,200.0,0.0,0.0,0,0,0.0,0.0,,
0f7d2063154726a2,favorite_yes,24,0,0.9,0.03,3,0.05,stress,200.0,0.0,0.0,0,0,0.0,0.0,,
0b4646310fc18c39,favorite_yes,24,0,0.9,0.03,,0.005,costed,200.0,0.0,0.0,0,0,0.0,0.0,,nonpositive_simultaneous_lower_bound;insufficient_release_days;nonpositive_stress_profit
0b4646310fc18c39,favorite_yes,24,0,0.9,0.03,,0.01,costed,200.0,0.0,0.0,0,0,0.0,0.0,,nonpositive_simultaneous_lower_bound;insufficient_release_days;nonpositive_stress_profit
0b4646310fc18c39,favorite_yes,24,0,0.9,0.03,,0.025,costed,200.0,0.0,0.0,0,0,0.0,0.0,,nonpositive_simultaneous_lower_bound;insufficient_release_days;nonpositive_stress_profit
0b4646310fc18c39,favorite_yes,24,0,0.9,0.03,,0.05,costed,200.0,0.0,0.0,0,0,0.0,0.0,,nonpositive_simultaneous_lower_bound;insufficient_release_days;nonpositive_stress_profit
0b4646310fc18c39,favorite_yes,24,0,0.9,0.03,,0.005,stress,200.0,0.0,0.0,0,0,0.0,0.0,,
0b4646310fc18c39,favorite_yes,24,0,0.9,0.03,,0.01,stress,200.0,0.0,0.0,0,0,0.0,0.0,,
0b4646310fc18c39,favorite_yes,24,0,0.9,0.03,,0.025,stress,200.0,0.0,0.0,0,0,0.0,0.0,,
0b4646310fc18c39,favorite_yes,24,0,0.9,0.03,,0.05,stress,200.0,0.0,0.0,0,0,0.0,0.0,,
ec649ace536910c5,favorite_yes,24,0,0.9,0.08,1,0.005,costed,199.89,-0.11,0.06,3,3,0.0012,-2.2183520382309737e-06,-1.8309473148487075e-05,nonpositive_simultaneous_lower_bound;insufficient_release_days;nonpositive_stress_profit
ec649ace536910c5,favorite_yes,24,0,0.9,0.08,1,0.01,costed,199.8,-0.2,0.1,3,3,0.0023,-4.034275538643807e-06,-3.5352130607172656e-05,nonpositive_simultaneous_lower_bound;insufficient_release_days;nonpositive_stress_profit
ec649ace536910c5,favorite_yes,24,0,0.9,0.08,1,0.025,costed,199.55,-0.45,0.2,3,3,0.0055,-9.08280263424955e-06,-8.617104977718385e-05,nonpositive_simultaneous_lower_bound;insufficient_release_days;nonpositive_stress_profit
ec649ace536910c5,favorite_yes,24,0,0.9,0.08,1,0.05,costed,199.11,-0.89,0.39,3,3,0.01095,-1.7983591621344305e-05,-0.00017222186118770466,nonpositive_simultaneous_lower_bound;insufficient_release_days;nonpositive_stress_profit
ec649ace536910c5,favorite_yes,24,0,0.9,0.08,1,0.005,stress,199.95,-0.05,0.03,2,2,0.0004,-1.008190545198362e-06,-6.830712857873241e-06,
ec649ace536910c5,favorite_yes,24,0,0.9,0.08,1,0.01,stress,199.92,-0.08,0.04,2,2,0.0007,-1.6132258924990476e-06,-1.2728063071996282e-05,
ec649ace536910c5,favorite_yes,24,0,0.9,0.08,1,0.025,stress,199.82,-0.18,0.08,2,2,0.00165,-3.6306663030819382e-06,-3.0462558460558458e-05,
ec649ace536910c5,favorite_yes,24,0,0.9,0.08,1,0.05,stress,199.66,-0.34,0.14,2,2,0.0032,-6.860671934506225e-06,-6.011518217136087e-05,
ac8b815dd8b8c1f4,favorite_yes,24,0,0.9,0.08,3,0.005,costed,200.15,0.15,0.04,3,3,5e-05,3.0230600425242744e-06,-6.7431363994529605e-06,nonpositive_simultaneous_lower_bound;insufficient_release_days
ac8b815dd8b8c1f4,favorite_yes,24,0,0.9,0.08,3,0.01,costed,200.31,0.31,0.07,3,3,0.0001,6.2451612493975e-06,-1.3432874605063661e-05,nonpositive_simultaneous_lower_bound;insufficient_release_days
ac8b815dd8b8c1f4,favorite_yes,24,0,0.9,0.08,3,0.025,costed,200.81,0.81,0.14,3,3,0.0002,1.629766462230469e-05,-3.350016061059273e-05,nonpositive_simultaneous_lower_bound;insufficient_release_days
ac8b815dd8b8c1f4,favorite_yes,24,0,0.9,0.08,3,0.05,costed,201.64,1.64,0.26,3,3,0.0004,3.292968817094229e-05,-6.660138842866118e-05,nonpositive_simultaneous_lower_bound;insufficient_release_days
ac8b815dd8b8c1f4,favorite_yes,24,0,0.9,0.08,3,0.005,stress,200.06,0.06,0.02,2,2,5e-05,1.2094960040240855e-06,-2.471304546094466e-06,
ac8b815dd8b8c1f4,favorite_yes,24,0,0.9,0.08,3,0.01,stress,200.14,0.14,0.02,2,2,5e-05,2.821593202715039e-06,-5.359391977187304e-06,
ac8b815dd8b8c1f4,favorite_yes,24,0,0.9,0.08,3,0.025,stress,200.36,0.36,0.04,2,2,0.0001,7.251540086206641e-06,-1.3620698752766763e-05,
ac8b815dd8b8c1f4,favorite_yes,24,0,0.9,0.08,3,0.05,stress,200.73,0.73,0.07,2,2,0.0002,1.4690947237091434e-05,-2.7329952857142787e-05,
373670db41da1197,favorite_yes,24,0,0.9,0.08,,0.005,costed,200.26,0.26,0.03,3,3,5e-05,5.238531175887566e-06,-7.655753745205103e-06,nonpositive_simultaneous_lower_bound;insufficient_release_days
373670db41da1197,favorite_yes,24,0,0.9,0.08,,0.01,costed,200.53,0.53,0.05,3,3,0.0001,1.0671350568167235e-05,-1.5205667387039497e-05,nonpositive_simultaneous_lower_bound;insufficient_release_days
373670db41da1197,favorite_yes,24,0,0.9,0.08,,0.025,costed,201.35,1.35,0.1,3,3,0.0002,2.7126293344461326e-05,-3.835995113792698e-05,nonpositive_simultaneous_lower_bound;insufficient_release_days
373670db41da1197,favorite_yes,24,0,0.9,0.08,,0.05,costed,202.71,2.71,0.19,3,3,0.0004,5.4270240661920236e-05,-7.637609350749653e-05,nonpositive_simultaneous_lower_bound;insufficient_release_days
373670db41da1197,favorite_yes,24,0,0.9,0.08,,0.005,stress,200.06,0.06,0.02,2,2,5e-05,1.2094960040240855e-06,-2.471304546094466e-06,
373670db41da1197,favorite_yes,24,0,0.9,0.08,,0.01,stress,200.14,0.14,0.02,2,2,5e-05,2.821593202715039e-06,-5.359391977187304e-06,
373670db41da1197,favorite_yes,24,0,0.9,0.08,,0.025,stress,200.36,0.36,0.04,2,2,0.0001,7.251540086206641e-06,-1.3620698752766763e-05,
373670db41da1197,favorite_yes,24,0,0.9,0.08,,0.05,stress,200.73,0.73,0.07,2,2,0.0002,1.4690947237091434e-05,-2.7329952857142787e-05,
aa0de651915a246c,favorite_yes,18,0,0.9,0.03,1,0.005,costed,200.0,0.0,0.0,0,0,0.0,0.0,,nonpositive_simultaneous_lower_bound;insufficient_release_days;nonpositive_stress_profit
aa0de651915a246c,favorite_yes,18,0,0.9,0.03,1,0.01,costed,200.0,0.0,0.0,0,0,0.0,0.0,,nonpositive_simultaneous_lower_bound;insufficient_release_days;nonpositive_stress_profit
aa0de651915a246c,favorite_yes,18,0,0.9,0.03,1,0.025,costed,200.0,0.0,0.0,0,0,0.0,0.0,,nonpositive_simultaneous_lower_bound;insufficient_release_days;nonpositive_stress_profit
aa0de651915a246c,favorite_yes,18,0,0.9,0.03,1,0.05,costed,200.0,0.0,0.0,0,0,0.0,0.0,,nonpositive_simultaneous_lower_bound;insufficient_release_days;nonpositive_stress_profit
aa0de651915a246c,favorite_yes,18,0,0.9,0.03,1,0.005,stress,200.0,0.0,0.0,0,0,0.0,0.0,,
aa0de651915a246c,favorite_yes,18,0,0.9,0.03,1,0.01,stress,200.0,0.0,0.0,0,0,0.0,0.0,,
aa0de651915a246c,favorite_yes,18,0,0.9,0.03,1,0.025,stress,200.0,0.0,0.0,0,0,0.0,0.0,,
aa0de651915a246c,favorite_yes,18,0,0.9,0.03,1,0.05,stress,200.0,0.0,0.0,0,0,0.0,0.0,,
813baff9ffb6eee9,favorite_yes,18,0,0.9,0.03,3,0.005,costed,200.0,0.0,0.0,0,0,0.0,0.0,,nonpositive_simultaneous_lower_bound;insufficient_release_days;nonpositive_stress_profit
813baff9ffb6eee9,favorite_yes,18,0,0.9,0.03,3,0.01,costed,200.0,0.0,0.0,0,0,0.0,0.0,,nonpositive_simultaneous_lower_bound;insufficient_release_days;nonpositive_stress_profit
813baff9ffb6eee9,favorite_yes,18,0,0.9,0.03,3,0.025,costed,200.0,0.0,0.0,0,0,0.0,0.0,,nonpositive_simultaneous_lower_bound;insufficient_release_days;nonpositive_stress_profit
813baff9ffb6eee9,favorite_yes,18,0,0.9,0.03,3,0.05,costed,200.0,0.0,0.0,0,0,0.0,0.0,,nonpositive_simultaneous_lower_bound;insufficient_release_days;nonpositive_stress_profit
813baff9ffb6eee9,favorite_yes,18,0,0.9,0.03,3,0.005,stress,200.0,0.0,0.0,0,0,0.0,0.0,,
813baff9ffb6eee9,favorite_yes,18,0,0.9,0.03,3,0.01,stress,200.0,0.0,0.0,0,0,0.0,0.0,,
813baff9ffb6eee9,favorite_yes,18,0,0.9,0.03,3,0.025,stress,200.0,0.0,0.0,0,0,0.0,0.0,,
813baff9ffb6eee9,favorite_yes,18,0,0.9,0.03,3,0.05,stress,200.0,0.0,0.0,0,0,0.0,0.0,,
5c8988670d4c020f,favorite_yes,18,0,0.9,0.03,,0.005,costed,200.0,0.0,0.0,0,0,0.0,0.0,,nonpositive_simultaneous_lower_bound;insufficient_release_days;nonpositive_stress_profit
5c8988670d4c020f,favorite_yes,18,0,0.9,0.03,,0.01,costed,200.0,0.0,0.0,0,0,0.0,0.0,,nonpositive_simultaneous_lower_bound;insufficient_release_days;nonpositive_stress_profit
5c8988670d4c020f,favorite_yes,18,0,0.9,0.03,,0.025,costed,200.0,0.0,0.0,0,0,0.0,0.0,,nonpositive_simultaneous_lower_bound;insufficient_release_days;nonpositive_stress_profit
5c8988670d4c020f,favorite_yes,18,0,0.9,0.03,,0.05,costed,200.0,0.0,0.0,0,0,0.0,0.0,,nonpositive_simultaneous_lower_bound;insufficient_release_days;nonpositive_stress_profit
5c8988670d4c020f,favorite_yes,18,0,0.9,0.03,,0.005,stress,200.0,0.0,0.0,0,0,0.0,0.0,,
5c8988670d4c020f,favorite_yes,18,0,0.9,0.03,,0.01,stress,200.0,0.0,0.0,0,0,0.0,0.0,,
5c8988670d4c020f,favorite_yes,18,0,0.9,0.03,,0.025,stress,200.0,0.0,0.0,0,0,0.0,0.0,,
5c8988670d4c020f,favorite_yes,18,0,0.9,0.03,,0.05,stress,200.0,0.0,0.0,0,0,0.0,0.0,,
ae0f13f44854a7db,favorite_yes,18,0,0.9,0.08,1,0.005,costed,199.83,-0.17,0.06,3,3,0.00085,-3.42887683402768e-06,-1.1430793166855756e-05,nonpositive_simultaneous_lower_bound;insufficient_release_days;nonpositive_stress_profit
ae0f13f44854a7db,favorite_yes,18,0,0.9,0.08,1,0.01,costed,199.69,-0.31,0.09,3,3,0.00155,-6.254848761034018e-06,-2.083527410976352e-05,nonpositive_simultaneous_lower_bound;insufficient_release_days;nonpositive_stress_profit
ae0f13f44854a7db,favorite_yes,18,0,0.9,0.08,1,0.025,costed,199.29,-0.71,0.16,3,3,0.00355,-1.4339984688617682e-05,-4.804523683388103e-05,nonpositive_simultaneous_lower_bound;insufficient_release_days;nonpositive_stress_profit
ae0f13f44854a7db,favorite_yes,18,0,0.9,0.08,1,0.05,costed,198.62,-1.38,0.28,3,3,0.0069,-2.7919012390419828e-05,-9.400897861746975e-05,nonpositive_simultaneous_lower_bound;insufficient_release_days;nonpositive_stress_profit
ae0f13f44854a7db,favorite_yes,18,0,0.9,0.08,1,0.005,stress,199.86,-0.14,0.04,2,2,0.0007,-2.8235690096504003e-06,-1.0621948601430037e-05,
ae0f13f44854a7db,favorite_yes,18,0,0.9,0.08,1,0.01,stress,199.74,-0.26,0.06,2,2,0.0013,-5.245345697774756e-06,-1.975622526463748e-05,
ae0f13f44854a7db,favorite_yes,18,0,0.9,0.08,1,0.025,stress,199.39,-0.61,0.11,2,2,0.00305,-1.2317180359793451e-05,-4.6356573308089324e-05,
ae0f13f44854a7db,favorite_yes,18,0,0.9,0.08,1,0.05,stress,198.8,-1.2,0.2,2,2,0.006,-2.426642066759279e-05,-9.134596461921991e-05,
53a0d5d419cda200,favorite_yes,18,0,0.9,0.08,3,0.005,costed,199.89,-0.11,0.06,3,3,0.00075,-2.2183520382302563e-06,-1.0361053379332799e-05,nonpositive_simultaneous_lower_bound;insufficient_release_days
53a0d5d419cda200,favorite_yes,18,0,0.9,0.08,3,0.01,costed,199.83,-0.17,0.07,3,3,0.0013,-3.428876834028311e-06,-1.797974818901212e-05,nonpositive_simultaneous_lower_bound;insufficient_release_days
53a0d5d419cda200,favorite_yes,18,0,0.9,0.08,3,0.025,costed,199.6,-0.4,0.15,3,3,0.00315,-8.072591414004532e-06,-4.442402535011238e-05,nonpositive_simultaneous_lower_bound;insufficient_release_days
53a0d5d419cda200,favorite_yes,18,0,0.9,0.08,3,0.05,costed,199.25,-0.75,0.25,3,3,0.00605,-1.5149390635936282e-05,-8.636497691411522e-05,nonpositive_simultaneous_lower_bound;insufficient_release_days
53a0d5d419cda200,favorite_yes,18,0,0.9,0.08,3,0.005,stress,200.07,0.07,0.02,2,2,5e-05,1.4110434043867625e-06,-2.972676144104705e-06,
53a0d5d419cda200,favorite_yes,18,0,0.9,0.08,3,0.01,stress,200.16,0.16,0.02,2,2,5e-05,3.2245168167914106e-06,-6.349836166565795e-06,
53a0d5d419cda200,favorite_yes,18,0,0.9,0.08,3,0.025,stress,200.41,0.41,0.04,2,2,0.0001,8.257667811694194e-06,-1.6082773112185083e-05,
53a0d5d419cda200,favorite_yes,18,0,0.9,0.08,3,0.05,stress,200.83,0.83,0.07,2,2,0.0001997303640085884,1.6699243953830915e-05,-3.2187035984287526e-05,
b21e4e36683db961,favorite_yes,18,0,0.9,0.08,,0.005,costed,200.11,0.11,0.03,3,3,5e-05,2.217132279982567e-06,-5.156851524060745e-06,nonpositive_simultaneous_lower_bound;insufficient_release_days
b21e4e36683db961,favorite_yes,18,0,0.9,0.08,,0.01,costed,200.24,0.24,0.04,3,3,9.997000899730081e-05,4.835808772104867e-06,-1.00167687508403e-05,nonpositive_simultaneous_lower_bound;insufficient_release_days
b21e4e36683db961,favorite_yes,18,0,0.9,0.08,,0.025,costed,200.63,0.63,0.07,3,3,0.0001998301443772793,1.2681649774486959e-05,-2.5118095847496863e-05,nonpositive_simultaneous_lower_bound;insufficient_release_days
b21e4e36683db961,favorite_yes,18,0,0.9,0.08,,0.05,costed,201.29,1.29,0.11,3,3,0.00034937113196246755,2.592454743912884e-05,-5.033080990531473e-05,nonpositive_simultaneous_lower_bound;insufficient_release_days
b21e4e36683db961,favorite_yes,18,0,0.9,0.08,,0.005,stress,200.07,0.07,0.02,2,2,5e-05,1.4110434043867625e-06,-2.972676144104705e-06,
b21e4e36683db961,favorite_yes,18,0,0.9,0.08,,0.01,stress,200.16,0.16,0.02,2,2,5e-05,3.2245168167914106e-06,-6.349836166565795e-06,
b21e4e36683db961,favorite_yes,18,0,0.9,0.08,,0.025,stress,200.41,0.41,0.04,2,2,0.0001,8.257667811694194e-06,-1.6082773112185083e-05,
b21e4e36683db961,favorite_yes,18,0,0.9,0.08,,0.05,stress,200.83,0.83,0.07,2,2,0.0001997303640085884,1.6699243953830915e-05,-3.2187035984287526e-05,
7f72f7cf852a9221,favorite_yes,12,0,0.9,0.03,1,0.005,costed,199.78,-0.22,0.08,4,4,0.0014994002399040384,-4.437925177552548e-06,-2.356882810269652e-05,nonpositive_simultaneous_lower_bound;insufficient_release_days;nonpositive_stress_profit
7f72f7cf852a9221,favorite_yes,12,0,0.9,0.03,1,0.01,costed,199.31,-0.69,0.17,6,6,0.004246602717825739,-1.3935342634638855e-05,-5.8923989894903045e-05,nonpositive_simultaneous_lower_bound;insufficient_release_days;nonpositive_stress_profit
7f72f7cf852a9221,favorite_yes,12,0,0.9,0.03,1,0.025,costed,198.38,-1.62,0.32,6,6,0.010178624887735755,-3.279428721850323e-05,-0.00014255516913928777,nonpositive_simultaneous_lower_bound;insufficient_release_days;nonpositive_stress_profit
7f72f7cf852a9221,favorite_yes,12,0,0.9,0.03,1,0.05,costed,196.79,-3.21,0.61,6,6,0.02016530571599283,-6.524272672999402e-05,-0.00028414969702800013,nonpositive_simultaneous_lower_bound;insufficient_release_days;nonpositive_stress_profit
7f72f7cf852a9221,favorite_yes,12,0,0.9,0.03,1,0.005,stress,199.83,-0.17,0.03,1,1,0.00085,-3.4288768340279884e-06,-1.6972015110358832e-05,
7f72f7cf852a9221,favorite_yes,12,0,0.9,0.03,1,0.01,stress,199.48,-0.52,0.08,2,2,0.0026,-1.0497523669818391e-05,-4.039757316930212e-05,
7f72f7cf852a9221,favorite_yes,12,0,0.9,0.03,1,0.025,stress,198.71,-1.29,0.19,2,2,0.00645,-2.609230294480559e-05,-0.00010075693636744683,
7f72f7cf852a9221,favorite_yes,12,0,0.9,0.03,1,0.05,stress,197.44,-2.56,0.36,2,2,0.0128,-5.1946071899248484e-05,-0.000200625454365332,
8c68abae0b11838c,favorite_yes,12,0,0.9,0.03,3,0.005,costed,199.45,-0.55,0.06,4,4,0.0034486205517792884,-1.1103984663794762e-05,-6.554033701295219e-05,nonpositive_simultaneous_lower_bound;insufficient_release_days;nonpositive_stress_profit
8c68abae0b11838c,favorite_yes,12,0,0.9,0.03,3,0.01,costed,198.94,-1.06,0.11,6,6,0.006794564348521183,-2.142780170874541e-05,-0.00012931559720210474,nonpositive_simultaneous_lower_bound;insufficient_release_days;nonpositive_stress_profit
8c68abae0b11838c,favorite_yes,12,0,0.9,0.03,3,0.025,costed,197.47,-2.53,0.2,6,6,0.016864584372817085,-5.133343741458986e-05,-0.000321227433022178,nonpositive_simultaneous_lower_bound;insufficient_release_days;nonpositive_stress_profit
8c68abae0b11838c,favorite_yes,12,0,0.9,0.03,3,0.05,costed,194.95,-5.05,0.35,6,6,0.03350926110336586,-0.00010312198032028376,-0.0006455440334792001,nonpositive_simultaneous_lower_bound;insufficient_release_days;nonpositive_stress_profit
8c68abae0b11838c,favorite_yes,12,0,0.9,0.03,3,0.005,stress,199.15,-0.85,0.01,1,1,0.00425,-1.717361661444936e-05,-8.461893926922946e-05,
8c68abae0b11838c,favorite_yes,12,0,0.9,0.03,3,0.01,stress,198.33,-1.67,0.03,2,2,0.00855,-3.3810711832420275e-05,-0.00016906985182075495,
8c68abae0b11838c,favorite_yes,12,0,0.9,0.03,3,0.025,stress,195.89,-4.11,0.07,2,2,0.02135,-8.372616674486935e-05,-0.00042433909333328796,
8c68abae0b11838c,favorite_yes,12,0,0.9,0.03,3,0.05,stress,191.83,-8.17,0.13,2,2,0.04265,-0.00016817662661205716,-0.0008571615137953746,
1c67272b53609f02,favorite_yes,12,0,0.9,0.03,,0.005,costed,199.28,-0.72,0.04,4,4,0.00429828068772491,-1.4542320943999556e-05,-8.184213527747213e-05,nonpositive_simultaneous_lower_bound;insufficient_release_days;nonpositive_stress_profit
1c67272b53609f02,favorite_yes,12,0,0.9,0.03,,0.01,costed,198.59,-1.41,0.08,6,6,0.0085431654676259,-2.8528099483723768e-05,-0.00016289696327053386,nonpositive_simultaneous_lower_bound;insufficient_release_days;nonpositive_stress_profit
1c67272b53609f02,favorite_yes,12,0,0.9,0.03,,0.025,costed,196.58,-3.42,0.14,6,6,0.021305258956191998,-6.954795729658582e-05,-0.00040740491491714594,nonpositive_simultaneous_lower_bound;insufficient_release_days;nonpositive_stress_profit
1c67272b53609f02,favorite_yes,12,0,0.9,0.03,,0.05,costed,193.16,-6.84,0.24,6,6,0.04242182832105158,-0.0001403165546076425,-0.0008220143159359056,nonpositive_simultaneous_lower_bound;insufficient_release_days;nonpositive_stress_profit
1c67272b53609f02,favorite_yes,12,0,0.9,0.03,,0.005,stress,199.15,-0.85,0.01,1,1,0.00425,-1.717361661444936e-05,-8.461893926922946e-05,
1c67272b53609f02,favorite_yes,12,0,0.9,0.03,,0.01,stress,198.33,-1.67,0.03,2,2,0.00855,-3.3810711832420275e-05,-0.00016906985182075495,
1c67272b53609f02,favorite_yes,12,0,0.9,0.03,,0.025,stress,195.89,-4.11,0.07,2,2,0.02135,-8.372616674486935e-05,-0.00042433909333328796,
1c67272b53609f02,favorite_yes,12,0,0.9,0.03,,0.05,stress,191.83,-8.17,0.13,2,2,0.04265,-0.00016817662661205716,-0.0008571615137953746,
e4975b89db177ea3,favorite_yes,12,0,0.9,0.08,1,0.005,costed,198.46,-1.54,0.3,13,13,0.0077,-3.1168540572343816e-05,-7.059100267211646e-05,nonpositive_simultaneous_lower_bound;insufficient_release_days;nonpositive_stress_profit
e4975b89db177ea3,favorite_yes,12,0,0.9,0.08,1,0.01,costed,196.73,-3.27,0.6,20,20,0.01635,-6.647232362847739e-05,-0.00014592211127716838,nonpositive_simultaneous_lower_bound;insufficient_release_days;nonpositive_stress_profit
e4975b89db177ea3,favorite_yes,12,0,0.9,0.08,1,0.025,costed,192.47,-7.53,1.17,20,20,0.03765,-0.00015474624645566313,-0.00034814780936713347,nonpositive_simultaneous_lower_bound;insufficient_release_days;nonpositive_stress_profit
e4975b89db177ea3,favorite_yes,12,0,0.9,0.08,1,0.05,costed,184.77,-15.23,2.19,20,20,0.07615,-0.0003193772507297377,-0.0007177433060806559,nonpositive_simultaneous_lower_bound;insufficient_release_days;nonpositive_stress_profit
e4975b89db177ea3,favorite_yes,12,0,0.9,0.08,1,0.005,stress,199.93,-0.07,0.13,6,6,0.0014994002399040384,-1.4115373560297041e-06,-2.0825549113707478e-05,
e4975b89db177ea3,favorite_yes,12,0,0.9,0.08,1,0.01,stress,199.63,-0.37,0.27,9,9,0.0033972821742605914,-7.466586143042017e-06,-5.0417755558982325e-05,
e4975b89db177ea3,favorite_yes,12,0,0.9,0.08,1,0.025,stress,199.2,-0.8,0.55,9,9,0.008282606526294782,-1.6161376602978884e-05,-0.00012402148308035454,
e4975b89db177ea3,favorite_yes,12,0,0.9,0.08,1,0.05,stress,198.46,-1.54,1.04,9,9,0.01638119896434973,-3.116854057234407e-05,-0.00024610713135903527,
0014cc23cdb8c044,favorite_yes,12,0,0.9,0.08,3,0.005,costed,198.43,-1.57,0.22,17,16,0.009688857813514458,-3.177811875353092e-05,-0.00012869003703946225,nonpositive_simultaneous_lower_bound;insufficient_release_days;nonpositive_stress_profit
0014cc23cdb8c044,favorite_yes,12,0,0.9,0.08,3,0.01,costed,197.02,-2.98,0.32,20,19,0.018950728106922003,-6.053274242138433e-05,-0.00025433034964834054,nonpositive_simultaneous_lower_bound;insufficient_release_days;nonpositive_stress_profit
0014cc23cdb8c044,favorite_yes,12,0,0.9,0.08,3,0.025,costed,192.74,-7.26,0.59,20,19,0.046233301882107565,-0.0001490936940519974,-0.0006371276369278281,nonpositive_simultaneous_lower_bound;insufficient_release_days;nonpositive_stress_profit
0014cc23cdb8c044,favorite_yes,12,0,0.9,0.08,3,0.05,costed,186.59,-13.41,1.03,20,19,0.08664562580136108,-0.0002798535086245125,-0.0012132963596607062,nonpositive_simultaneous_lower_bound;insufficient_release_days;nonpositive_stress_profit
0014cc23cdb8c044,favorite_yes,12,0,0.9,0.08,3,0.005,stress,198.82,-1.18,0.08,7,7,0.006796601699150424,-2.386078130660332e-05,-0.00010686531312377727,
0014cc23cdb8c044,favorite_yes,12,0,0.9,0.08,3,0.01,stress,197.71,-2.29,0.14,9,9,0.013535111377484766,-4.6435709521159956e-05,-0.00021313616573803593,
0014cc23cdb8c044,favorite_yes,12,0,0.9,0.08,3,0.025,stress,194.41,-5.59,0.27,9,9,0.03365073034548083,-0.0001143065948205162,-0.0005342348901649065,
0014cc23cdb8c044,favorite_yes,12,0,0.9,0.08,3,0.05,stress,188.87,-11.13,0.49,9,9,0.06704771371769384,-0.0002308807211301709,-0.001081633650815593,
27e8f0dfa9b626ab,favorite_yes,12,0,0.9,0.08,,0.005,costed,198.23,-1.77,0.18,17,16,0.01068770913449533,-3.5844330023858865e-05,-0.00014416686729169998,nonpositive_simultaneous_lower_bound;insufficient_release_days;nonpositive_stress_profit
27e8f0dfa9b626ab,favorite_yes,12,0,0.9,0.08,,0.01,costed,196.6,-3.4,0.26,20,19,0.02104528226610812,-6.91377372377829e-05,-0.0002863491679176754,nonpositive_simultaneous_lower_bound;insufficient_release_days;nonpositive_stress_profit
27e8f0dfa9b626ab,favorite_yes,12,0,0.9,0.08,,0.025,costed,191.62,-8.38,0.47,20,19,0.05179520286040622,-0.00017259323518269937,-0.0007210610698175329,nonpositive_simultaneous_lower_bound;insufficient_release_days;nonpositive_stress_profit
27e8f0dfa9b626ab,favorite_yes,12,0,0.9,0.08,,0.05,costed,184.29,-15.71,0.8,20,19,0.09798796725515337,-0.0003298659786455289,-0.0013957795530645392,nonpositive_simultaneous_lower_bound;insufficient_release_days;nonpositive_stress_profit
27e8f0dfa9b626ab,favorite_yes,12,0,0.9,0.08,,0.005,stress,198.82,-1.18,0.08,7,7,0.006796601699150424,-2.386078130660332e-05,-0.00010686531312377727,
27e8f0dfa9b626ab,favorite_yes,12,0,0.9,0.08,,0.01,stress,197.71,-2.29,0.14,9,9,0.013535111377484766,-4.6435709521159956e-05,-0.00021313616573803593,
27e8f0dfa9b626ab,favorite_yes,12,0,0.9,0.08,,0.025,stress,194.41,-5.59,0.27,9,9,0.03365073034548083,-0.0001143065948205162,-0.0005342348901649065,
27e8f0dfa9b626ab,favorite_yes,12,0,0.9,0.08,,0.05,stress,188.87,-11.13,0.49,9,9,0.06704771371769384,-0.0002308807211301709,-0.001081633650815593,
b5d7852fddb604e6,favorite_yes,6,0,0.9,0.03,1,0.005,costed,199.89,-0.11,0.04,2,2,0.00055,-2.218352038230674e-06,-1.0228902891198351e-05,nonpositive_simultaneous_lower_bound;insufficient_release_days;nonpositive_stress_profit
b5d7852fddb604e6,favorite_yes,6,0,0.9,0.03,1,0.01,costed,199.73,-0.27,0.09,5,5,0.00135,-5.4472260925658285e-06,-2.1442554469971167e-05,nonpositive_simultaneous_lower_bound;insufficient_release_days;nonpositive_stress_profit
b5d7852fddb604e6,favorite_yes,6,0,0.9,0.03,1,0.025,costed,199.42,-0.58,0.13,5,5,0.0029,-1.1710536884635904e-05,-4.851446729522968e-05,nonpositive_simultaneous_lower_bound;insufficient_release_days;nonpositive_stress_profit
b5d7852fddb604e6,favorite_yes,6,0,0.9,0.03,1,0.05,costed,198.89,-1.11,0.21,5,5,0.00555,-2.244136481000605e-05,-9.503579863378306e-05,nonpositive_simultaneous_lower_bound;insufficient_release_days;nonpositive_stress_profit
b5d7852fddb604e6,favorite_yes,6,0,0.9,0.03,1,0.005,stress,200.0,0.0,0.0,0,0,0.0,0.0,,
b5d7852fddb604e6,favorite_yes,6,0,0.9,0.03,1,0.01,stress,200.0,0.0,0.0,0,0,0.0,0.0,,
b5d7852fddb604e6,favorite_yes,6,0,0.9,0.03,1,0.025,stress,200.0,0.0,0.0,0,0,0.0,0.0,,
b5d7852fddb604e6,favorite_yes,6,0,0.9,0.03,1,0.05,stress,200.0,0.0,0.0,0,0,0.0,0.0,,
1050598f187827a0,favorite_yes,6,0,0.9,0.03,3,0.005,costed,200.03,0.03,0.05,5,5,5e-05,6.047933513106171e-07,-1.5721297344923106e-06,nonpositive_simultaneous_lower_bound;insufficient_release_days;nonpositive_stress_profit
1050598f187827a0,favorite_yes,6,0,0.9,0.03,3,0.01,costed,200.11,0.11,0.05,5,5,5e-05,2.2171322799821358e-06,-3.7541657831591775e-06,nonpositive_simultaneous_lower_bound;insufficient_release_days;nonpositive_stress_profit
1050598f187827a0,favorite_yes,6,0,0.9,0.03,3,0.025,costed,200.34,0.34,0.06,5,5,9.99550202408916e-05,6.849018691860311e-06,-1.0179662741011815e-05,nonpositive_simultaneous_lower_bound;insufficient_release_days;nonpositive_stress_profit
1050598f187827a0,favorite_yes,6,0,0.9,0.03,3,0.05,costed,200.72,0.72,0.08,5,5,0.0001498651213907483,1.4490062540847077e-05,-2.08747019442663e-05,nonpositive_simultaneous_lower_bound;insufficient_release_days;nonpositive_stress_profit
1050598f187827a0,favorite_yes,6,0,0.9,0.03,3,0.005,stress,200.0,0.0,0.0,0,0,0.0,0.0,,
1050598f187827a0,favorite_yes,6,0,0.9,0.03,3,0.01,stress,200.0,0.0,0.0,0,0,0.0,0.0,,
1050598f187827a0,favorite_yes,6,0,0.9,0.03,3,0.025,stress,200.0,0.0,0.0,0,0,0.0,0.0,,
1050598f187827a0,favorite_yes,6,0,0.9,0.03,3,0.05,stress,200.0,0.0,0.0,0,0,0.0,0.0,,
f05887fa284dfeb5,favorite_yes,6,0,0.9,0.03,,0.005,costed,200.03,0.03,0.05,5,5,5e-05,6.047933513106171e-07,-1.5721297344923106e-06,nonpositive_simultaneous_lower_bound;insufficient_release_days;nonpositive_stress_profit
f05887fa284dfeb5,favorite_yes,6,0,0.9,0.03,,0.01,costed,200.11,0.11,0.05,5,5,5e-05,2.2171322799821358e-06,-3.7541657831591775e-06,nonpositive_simultaneous_lower_bound;insufficient_release_days;nonpositive_stress_profit
f05887fa284dfeb5,favorite_yes,6,0,0.9,0.03,,0.025,costed,200.34,0.34,0.06,5,5,9.99550202408916e-05,6.849018691860311e-06,-1.0179662741011815e-05,nonpositive_simultaneous_lower_bound;insufficient_release_days;nonpositive_stress_profit
f05887fa284dfeb5,favorite_yes,6,0,0.9,0.03,,0.05,costed,200.72,0.72,0.08,5,5,0.0001498651213907483,1.4490062540847077e-05,-2.08747019442663e-05,nonpositive_simultaneous_lower_bound;insufficient_release_days;nonpositive_stress_profit
f05887fa284dfeb5,favorite_yes,6,0,0.9,0.03,,0.005,stress,200.0,0.0,0.0,0,0,0.0,0.0,,
f05887fa284dfeb5,favorite_yes,6,0,0.9,0.03,,0.01,stress,200.0,0.0,0.0,0,0,0.0,0.0,,
f05887fa284dfeb5,favorite_yes,6,0,0.9,0.03,,0.025,stress,200.0,0.0,0.0,0,0,0.0,0.0,,
f05887fa284dfeb5,favorite_yes,6,0,0.9,0.03,,0.05,stress,200.0,0.0,0.0,0,0,0.0,0.0,,
21eb6d97db4ed083,favorite_yes,6,0,0.9,0.08,1,0.005,costed,199.89,-0.11,0.05,3,3,0.00055,-2.218352038230674e-06,-1.0228902891198351e-05,nonpositive_simultaneous_lower_bound;insufficient_release_days;nonpositive_stress_profit
21eb6d97db4ed083,favorite_yes,6,0,0.9,0.08,1,0.01,costed,199.74,-0.26,0.1,6,6,0.0013499325033748313,-5.245345697773753e-06,-2.1008523899233863e-05,nonpositive_simultaneous_lower_bound;insufficient_release_days;nonpositive_stress_profit
21eb6d97db4ed083,favorite_yes,6,0,0.9,0.08,1,0.025,costed,199.46,-0.54,0.14,6,6,0.0028994201159768048,-1.0901820864172773e-05,-4.683939253022344e-05,nonpositive_simultaneous_lower_bound;insufficient_release_days;nonpositive_stress_profit
21eb6d97db4ed083,favorite_yes,6,0,0.9,0.08,1,0.05,costed,198.98,-1.02,0.22,6,6,0.005547503623369484,-2.0617134624286256e-05,-9.126782665392907e-05,nonpositive_simultaneous_lower_bound;insufficient_release_days;nonpositive_stress_profit
21eb6d97db4ed083,favorite_yes,6,0,0.9,0.08,1,0.005,stress,200.0,0.0,0.0,0,0,0.0,0.0,,
21eb6d97db4ed083,favorite_yes,6,0,0.9,0.08,1,0.01,stress,200.0,0.0,0.0,0,0,0.0,0.0,,
21eb6d97db4ed083,favorite_yes,6,0,0.9,0.08,1,0.025,stress,200.0,0.0,0.0,0,0,0.0,0.0,,
21eb6d97db4ed083,favorite_yes,6,0,0.9,0.08,1,0.05,stress,200.0,0.0,0.0,0,0,0.0,0.0,,
40c87a433e4f6097,favorite_yes,6,0,0.9,0.08,3,0.005,costed,200.03,0.03,0.06,6,6,5e-05,6.047933513106171e-07,-1.5721297344923106e-06,nonpositive_simultaneous_lower_bound;insufficient_release_days;nonpositive_stress_profit
40c87a433e4f6097,favorite_yes,6,0,0.9,0.08,3,0.01,costed,200.12,0.12,0.06,6,6,5e-05,2.4186293224498603e-06,-3.7854915194044843e-06,nonpositive_simultaneous_lower_bound;insufficient_release_days;nonpositive_stress_profit
40c87a433e4f6097,favorite_yes,6,0,0.9,0.08,3,0.025,costed,200.38,0.38,0.07,6,6,9.993504222255534e-05,7.654021302742785e-06,-1.0371205976202846e-05,nonpositive_simultaneous_lower_bound;insufficient_release_days;nonpositive_stress_profit
40c87a433e4f6097,favorite_yes,6,0,0.9,0.08,3,0.05,costed,200.81,0.81,0.09,6,6,0.00014979777300644132,1.6297664622306063e-05,-2.1298393952038494e-05,nonpositive_simultaneous_lower_bound;insufficient_release_days;nonpositive_stress_profit
40c87a433e4f6097,favorite_yes,6,0,0.9,0.08,3,0.005,stress,200.0,0.0,0.0,0,0,0.0,0.0,,
40c87a433e4f6097,favorite_yes,6,0,0.9,0.08,3,0.01,stress,200.0,0.0,0.0,0,0,0.0,0.0,,
40c87a433e4f6097,favorite_yes,6,0,0.9,0.08,3,0.025,stress,200.0,0.0,0.0,0,0,0.0,0.0,,
40c87a433e4f6097,favorite_yes,6,0,0.9,0.08,3,0.05,stress,200.0,0.0,0.0,0,0,0.0,0.0,,
eb819b75f036090a,favorite_yes,6,0,0.9,0.08,,0.005,costed,200.03,0.03,0.06,6,6,5e-05,6.047933513106171e-07,-1.5721297344923106e-06,nonpositive_simultaneous_lower_bound;insufficient_release_days;nonpositive_stress_profit
eb819b75f036090a,favorite_yes,6,0,0.9,0.08,,0.01,costed,200.12,0.12,0.06,6,6,5e-05,2.4186293224498603e-06,-3.7854915194044843e-06,nonpositive_simultaneous_lower_bound;insufficient_release_days;nonpositive_stress_profit
eb819b75f036090a,favorite_yes,6,0,0.9,0.08,,0.025,costed,200.38,0.38,0.07,6,6,9.993504222255534e-05,7.654021302742785e-06,-1.0371205976202846e-05,nonpositive_simultaneous_lower_bound;insufficient_release_days;nonpositive_stress_profit
eb819b75f036090a,favorite_yes,6,0,0.9,0.08,,0.05,costed,200.81,0.81,0.09,6,6,0.00014979777300644132,1.6297664622306063e-05,-2.1298393952038494e-05,nonpositive_simultaneous_lower_bound;insufficient_release_days;nonpositive_stress_profit
eb819b75f036090a,favorite_yes,6,0,0.9,0.08,,0.005,stress,200.0,0.0,0.0,0,0,0.0,0.0,,
eb819b75f036090a,favorite_yes,6,0,0.9,0.08,,0.01,stress,200.0,0.0,0.0,0,0,0.0,0.0,,
eb819b75f036090a,favorite_yes,6,0,0.9,0.08,,0.025,stress,200.0,0.0,0.0,0,0,0.0,0.0,,
eb819b75f036090a,favorite_yes,6,0,0.9,0.08,,0.05,stress,200.0,0.0,0.0,0,0,0.0,0.0,,
e1b08743545535c2,favorite_no,24,0,0.6,0.03,1,0.005,costed,193.55,-6.45,2.45,34,31,0.0364,-0.00013218342550153087,-0.00037222520376832297,nonpositive_simultaneous_lower_bound;insufficient_release_days;nonpositive_stress_profit
e1b08743545535c2,favorite_no,24,0,0.6,0.03,1,0.01,costed,185.9,-14.1,4.64,34,31,0.0755,-0.00029479222508321866,-0.0007497277689735588,nonpositive_simultaneous_lower_bound;insufficient_release_days;nonpositive_stress_profit
e1b08743545535c2,favorite_no,24,0,0.6,0.03,1,0.025,costed,164.66,-35.34,11.08,34,31,0.188,-0.0007840105833780511,-0.002015692565586722,nonpositive_simultaneous_lower_bound;insufficient_release_days;nonpositive_stress_profit
e1b08743545535c2,favorite_no,24,0,0.6,0.03,1,0.05,costed,158.61,-41.39,9.88,15,13,0.20695,-0.0009349556759377749,-0.0025318939664774106,nonpositive_simultaneous_lower_bound;insufficient_release_days;nonpositive_stress_profit
e1b08743545535c2,favorite_no,24,0,0.6,0.03,1,0.005,stress,194.93,-5.07,1.97,28,26,0.02617774891342359,-0.00010353567254025481,-0.00024394767397067994,
e1b08743545535c2,favorite_no,24,0,0.6,0.03,1,0.01,stress,189.14,-10.86,3.77,28,26,0.05576356647196845,-0.0002251205038736721,-0.0005219553881961549,
e1b08743545535c2,favorite_no,24,0,0.6,0.03,1,0.025,stress,172.49,-27.51,9.27,28,26,0.1400009971580994,-0.000596685898272174,-0.0013575844944852535,
e1b08743545535c2,favorite_no,24,0,0.6,0.03,1,0.05,stress,157.46,-42.54,8.07,13,11,0.2127,-0.0009642980193214336,-0.002560926054304676,
8ea920cd0053ca8f,favorite_no,24,0,0.6,0.03,3,0.005,costed,196.1,-3.9,1.67,34,30,0.040564724597335455,-7.940577961990238e-05,-0.0004939266206666081,nonpositive_simultaneous_lower_bound;insufficient_release_days
8ea920cd0053ca8f,favorite_no,24,0,0.6,0.03,3,0.01,costed,190.29,-9.71,3.12,34,30,0.08654178816784461,-0.00020067799287952208,-0.0010609454165830528,nonpositive_simultaneous_lower_bound;insufficient_release_days
8ea920cd0053ca8f,favorite_no,24,0,0.6,0.03,3,0.025,costed,162.23,-37.77,4.52,19,17,0.21404001744101545,-0.0008439608271198748,-0.002150794902407499,nonpositive_simultaneous_lower_bound;insufficient_release_days
8ea920cd0053ca8f,favorite_no,24,0,0.6,0.03,3,0.05,costed,172.26,-27.74,3.29,9,7,0.2099245583618387,-0.0006020661418831016,-0.0027657182820518588,nonpositive_simultaneous_lower_bound;insufficient_release_days;nonpositive_stress_profit
8ea920cd0053ca8f,favorite_no,24,0,0.6,0.03,3,0.005,stress,200.59,0.59,1.24,28,25,0.020846680794440884,1.1877650357135824e-05,-0.00043298433587661203,
8ea920cd0053ca8f,favorite_no,24,0,0.6,0.03,3,0.01,stress,200.46,0.46,2.34,28,25,0.04634158152147596,9.263544551143238e-06,-0.0009229371366589595,
8ea920cd0053ca8f,favorite_no,24,0,0.6,0.03,3,0.025,stress,200.57,0.57,6.2,28,25,0.1192113709307657,1.1475590523865228e-05,-0.0025132722613709284,
8ea920cd0053ca8f,favorite_no,24,0,0.6,0.03,3,0.05,stress,167.67,-32.33,6.02,16,14,0.21821233738984475,-0.0007109661475738742,-0.003763264193461167,
453ca11b2a2ca44b,favorite_no,24,0,0.6,0.03,,0.005,costed,201.48,1.48,1.39,34,30,0.027743373792420114,2.9728848102472847e-05,-0.0004484461356313218,nonpositive_simultaneous_lower_bound;insufficient_release_days
453ca11b2a2ca44b,favorite_no,24,0,0.6,0.03,,0.01,costed,202.13,2.13,2.63,34,30,0.057958223006766695,4.271648472124904e-05,-0.0009627055009611667,nonpositive_simultaneous_lower_bound;insufficient_release_days
453ca11b2a2ca44b,favorite_no,24,0,0.6,0.03,,0.025,costed,201.99,1.99,6.85,34,30,0.1517465165107845,3.992268015025167e-05,-0.0026590615382187325,nonpositive_simultaneous_lower_bound;insufficient_release_days
453ca11b2a2ca44b,favorite_no,24,0,0.6,0.03,,0.05,costed,188.94,-11.06,2.98,9,7,0.20106836605594863,-0.00022938654115745347,-0.002149043457575064,nonpositive_simultaneous_lower_bound;insufficient_release_days;nonpositive_stress_profit
453ca11b2a2ca44b,favorite_no,24,0,0.6,0.03,,0.005,stress,204.17,4.17,1.12,28,25,0.01902321226159381,8.320811935512804e-05,-0.0004023435235286666,
453ca11b2a2ca44b,favorite_no,24,0,0.6,0.03,,0.01,stress,208.19,8.19,2.15,28,25,0.0412086581763595,0.00016182966830502203,-0.0008591837697285154,
453ca11b2a2ca44b,favorite_no,24,0,0.6,0.03,,0.025,stress,220.79,20.79,5.65,28,25,0.1103622191655204,0.0003987687781218331,-0.0023292334743989663,
453ca11b2a2ca44b,favorite_no,24,0,0.6,0.03,,0.05,stress,167.67,-32.33,6.02,16,14,0.21821233738984475,-0.0007109661475738742,-0.003763264193461167,
73791accfa0d54e2,favorite_no,24,0,0.6,0.08,1,0.005,costed,184.92,-15.08,4.72,66,60,0.0754,-0.0003161051105968239,-0.0005692010115931943,nonpositive_simultaneous_lower_bound;nonpositive_stress_profit
73791accfa0d54e2,favorite_no,24,0,0.6,0.08,1,0.01,costed,170.16,-29.84,8.8,66,60,0.1492,-0.0006515249824840913,-0.0012337814951235782,nonpositive_simultaneous_lower_bound;nonpositive_stress_profit
73791accfa0d54e2,favorite_no,24,0,0.6,0.08,1,0.025,costed,159.19,-40.81,10.61,32,28,0.20405,-0.0009202375370201304,-0.0020551062814920425,nonpositive_simultaneous_lower_bound;insufficient_release_days;nonpositive_stress_profit
73791accfa0d54e2,favorite_no,24,0,0.6,0.08,1,0.05,costed,157.43,-42.57,9.89,16,14,0.21285,-0.0009650663367802386,-0.002658418306925126,nonpositive_simultaneous_lower_bound;insufficient_release_days;nonpositive_stress_profit
73791accfa0d54e2,favorite_no,24,0,0.6,0.08,1,0.005,stress,185.16,-14.84,3.56,53,48,0.0742,-0.0003108752031651894,-0.0005778951212246585,
73791accfa0d54e2,favorite_no,24,0,0.6,0.08,1,0.01,stress,169.52,-30.48,6.55,53,48,0.1524,-0.0006667195668870686,-0.00119944509423237,
73791accfa0d54e2,favorite_no,24,0,0.6,0.08,1,0.025,stress,168.99,-31.01,6.28,22,19,0.20185,-0.0006793460684407437,-0.0020965172884200734,
73791accfa0d54e2,favorite_no,24,0,0.6,0.08,1,0.05,stress,158.31,-41.69,7.15,12,11,0.20845,-0.0009425896389610901,-0.0028869341575549173,
dd87a4c8e4f453d8,favorite_no,24,0,0.6,0.08,3,0.005,costed,187.87,-12.13,3.23,66,59,0.0853719420868697,-0.0002522868236646344,-0.0008511486445305916,nonpositive_simultaneous_lower_bound;insufficient_release_days;nonpositive_stress_profit
dd87a4c8e4f453d8,favorite_no,24,0,0.6,0.08,3,0.01,costed,172.76,-27.24,5.95,66,59,0.17565546804904794,-0.00059037910667555,-0.0018541008313618574,nonpositive_simultaneous_lower_bound;insufficient_release_days;nonpositive_stress_profit
dd87a4c8e4f453d8,favorite_no,24,0,0.6,0.08,3,0.025,costed,156.1,-43.9,4.17,19,18,0.22844998022933966,-0.0009992763670429452,-0.002828844352770333,nonpositive_simultaneous_lower_bound;insufficient_release_days;nonpositive_stress_profit
dd87a4c8e4f453d8,favorite_no,24,0,0.6,0.08,3,0.05,costed,157.45,-42.55,4.4,12,11,0.22833758086649678,-0.0009645541088750128,-0.0030636269574300865,nonpositive_simultaneous_lower_bound;insufficient_release_days;nonpositive_stress_profit
dd87a4c8e4f453d8,favorite_no,24,0,0.6,0.08,3,0.005,stress,185.68,-14.32,2.29,53,46,0.07620093877958654,-0.000299566953959094,-0.0009039807319030115,
dd87a4c8e4f453d8,favorite_no,24,0,0.6,0.08,3,0.01,stress,171.41,-28.59,4.11,53,46,0.15179016655031416,-0.0006220121735043188,-0.001916840871662183,
dd87a4c8e4f453d8,favorite_no,24,0,0.6,0.08,3,0.025,stress,160.92,-39.08,2.93,16,13,0.20549027352621704,-0.0008766533043001986,-0.0029383393634105975,
dd87a4c8e4f453d8,favorite_no,24,0,0.6,0.08,3,0.05,stress,158.16,-41.84,3.61,10,9,0.22481987942949566,-0.0009464120471196585,-0.0035049219164862756,
e9b05fd1f42c7fe0,favorite_no,24,0,0.6,0.08,,0.005,costed,188.49,-11.51,2.65,66,57,0.08282576135796306,-0.0002390016591333521,-0.0009178553899171636,nonpositive_simultaneous_lower_bound;insufficient_release_days;nonpositive_stress_profit
e9b05fd1f42c7fe0,favorite_no,24,0,0.6,0.08,,0.01,costed,173.79,-26.21,4.85,66,57,0.17181736616488885,-0.0005664100514975562,-0.001983057225476426,nonpositive_simultaneous_lower_bound;insufficient_release_days;nonpositive_stress_profit
e9b05fd1f42c7fe0,favorite_no,24,0,0.6,0.08,,0.025,costed,158.47,-41.53,3.09,16,13,0.21673586397785685,-0.00093851639352145,-0.0028959507798819424,nonpositive_simultaneous_lower_bound;insufficient_release_days;nonpositive_stress_profit
e9b05fd1f42c7fe0,favorite_no,24,0,0.6,0.08,,0.05,costed,162.82,-37.18,3.35,9,8,0.20201921191923153,-0.0008293228645250204,-0.003111712498162558,nonpositive_simultaneous_lower_bound;insufficient_release_days;nonpositive_stress_profit
e9b05fd1f42c7fe0,favorite_no,24,0,0.6,0.08,,0.005,stress,187.81,-12.19,2.07,53,46,0.07530210726056127,-0.00025357481070641195,-0.0008872390720261582,
e9b05fd1f42c7fe0,favorite_no,24,0,0.6,0.08,,0.01,stress,175.35,-24.65,3.81,53,46,0.14909743692031516,-0.0005303765724268119,-0.001898738592945209,
e9b05fd1f42c7fe0,favorite_no,24,0,0.6,0.08,,0.025,stress,160.92,-39.08,2.93,16,13,0.20549027352621704,-0.0008766533043001986,-0.0029383393634105975,
e9b05fd1f42c7fe0,favorite_no,24,0,0.6,0.08,,0.05,stress,158.16,-41.84,3.61,10,9,0.22481987942949566,-0.0009464120471196585,-0.0035049219164862756,
f32a5d03324653a0,favorite_no,18,0,0.6,0.03,1,0.005,costed,194.57,-5.43,1.26,17,15,0.02715,-0.00011098939945464562,-0.00025263508076738044,nonpositive_simultaneous_lower_bound;insufficient_release_days;nonpositive_stress_profit
f32a5d03324653a0,favorite_no,18,0,0.6,0.03,1,0.01,costed,188.82,-11.18,2.48,17,15,0.0559,-0.0002319483316276865,-0.0005313642088778525,nonpositive_simultaneous_lower_bound;insufficient_release_days;nonpositive_stress_profit
f32a5d03324653a0,favorite_no,18,0,0.6,0.03,1,0.025,costed,172.52,-27.48,5.95,17,15,0.1374,-0.0005959846563241704,-0.0013582073095514378,nonpositive_simultaneous_lower_bound;insufficient_release_days;nonpositive_stress_profit
f32a5d03324653a0,favorite_no,18,0,0.6,0.03,1,0.05,costed,157.19,-42.81,8.74,13,12,0.21405,-0.0009712181524511697,-0.0023083437447874162,nonpositive_simultaneous_lower_bound;insufficient_release_days;nonpositive_stress_profit
f32a5d03324653a0,favorite_no,18,0,0.6,0.03,1,0.005,stress,194.93,-5.07,0.78,12,11,0.02535,-0.00010353567254025378,-0.0002373326169518482,
f32a5d03324653a0,favorite_no,18,0,0.6,0.03,1,0.01,stress,189.35,-10.65,1.56,12,11,0.05325,-0.00022064601693642263,-0.0005081979793272409,
f32a5d03324653a0,favorite_no,18,0,0.6,0.03,1,0.025,stress,173.76,-26.24,3.7,12,11,0.1312,-0.0005671061685583313,-0.0013045159392853073,
f32a5d03324653a0,favorite_no,18,0,0.6,0.03,1,0.05,stress,159.1,-40.9,4.47,8,8,0.2045,-0.0009225178677592557,-0.0022500835385698163,
c6f14e8741fd27ae,favorite_no,18,0,0.6,0.03,3,0.005,costed,193.15,-6.85,1.19,17,15,0.035,-0.0001405253122409127,-0.0003094467462809564,nonpositive_simultaneous_lower_bound;insufficient_release_days;nonpositive_stress_profit
c6f14e8741fd27ae,favorite_no,18,0,0.6,0.03,3,0.01,costed,186.12,-13.88,2.3,17,15,0.0714,-0.00029002314343382643,-0.0006424330333155219,nonpositive_simultaneous_lower_bound;insufficient_release_days;nonpositive_stress_profit
c6f14e8741fd27ae,favorite_no,18,0,0.6,0.03,3,0.025,costed,164.82,-35.18,5.46,17,15,0.1807,-0.0007800943435999962,-0.0017314181062333897,nonpositive_simultaneous_lower_bound;insufficient_release_days;nonpositive_stress_profit
c6f14e8741fd27ae,favorite_no,18,0,0.6,0.03,3,0.05,costed,159.56,-40.44,4.77,8,8,0.2022,-0.000910876368995286,-0.0023153158976815585,nonpositive_simultaneous_lower_bound;insufficient_release_days;nonpositive_stress_profit
c6f14e8741fd27ae,favorite_no,18,0,0.6,0.03,3,0.005,stress,193.49,-6.51,0.71,12,11,0.03255,-0.00013343360887177136,-0.00032241191006758676,
c6f14e8741fd27ae,favorite_no,18,0,0.6,0.03,3,0.01,stress,186.27,-13.73,1.4,12,11,0.06865,-0.0002867747278351839,-0.000703964315163902,
c6f14e8741fd27ae,favorite_no,18,0,0.6,0.03,3,0.025,stress,166.26,-33.74,3.3,12,11,0.1687,-0.000745018300181833,-0.0018315922855022223,
c6f14e8741fd27ae,favorite_no,18,0,0.6,0.03,3,0.05,stress,155.1,-44.9,4.17,8,8,0.2245,-0.0010251907111513852,-0.0024830775960397785,
794af9753ec549f3,favorite_no,18,0,0.6,0.03,,0.005,costed,199.46,-0.54,0.74,17,15,0.018695267145527897,-1.0901820864173488e-05,-0.00040097482597968614,nonpositive_simultaneous_lower_bound;insufficient_release_days;nonpositive_stress_profit
794af9753ec549f3,favorite_no,18,0,0.6,0.03,,0.01,costed,199.39,-0.61,1.49,17,15,0.04167067192156109,-1.2317180359793707e-05,-0.0008809112622006254,nonpositive_simultaneous_lower_bound;insufficient_release_days;nonpositive_stress_profit
794af9753ec549f3,favorite_no,18,0,0.6,0.03,,0.025,costed,197.04,-2.96,3.81,17,15,0.11283205763169743,-6.012343845062134e-05,-0.0023614902886064486,nonpositive_simultaneous_lower_bound;insufficient_release_days;nonpositive_stress_profit
794af9753ec549f3,favorite_no,18,0,0.6,0.03,,0.05,costed,201.29,1.29,7.25,17,15,0.174601221962521,2.5924547439128444e-05,-0.00427361068824297,nonpositive_simultaneous_lower_bound;insufficient_release_days;nonpositive_stress_profit
794af9753ec549f3,favorite_no,18,0,0.6,0.03,,0.005,stress,194.97,-5.03,0.51,12,11,0.02515,-0.0001027083305389903,-0.0003684547271369783,
794af9753ec549f3,favorite_no,18,0,0.6,0.03,,0.01,stress,189.47,-10.53,1.01,12,11,0.05265,-0.00021809139477324915,-0.0008287120568532795,
794af9753ec549f3,favorite_no,18,0,0.6,0.03,,0.025,stress,174.23,-25.77,2.49,12,11,0.12958984862866563,-0.0005562141173920264,-0.0021731929107705133,
794af9753ec549f3,favorite_no,18,0,0.6,0.03,,0.05,stress,155.01,-44.99,4.59,12,11,0.22495,-0.0010275311918582005,-0.003965628774838339,
948811bca44ea6c9,favorite_no,18,0,0.6,0.08,1,0.005,costed,192.04,-7.96,2.24,31,28,0.04047166983111822,-0.0001637648503439411,-0.000320770345317845,nonpositive_simultaneous_lower_bound;insufficient_release_days;nonpositive_stress_profit
948811bca44ea6c9,favorite_no,18,0,0.6,0.08,1,0.01,costed,184.1,-15.9,4.43,31,28,0.08115392293871032,-0.0003340253157621145,-0.0006563719483593676,nonpositive_simultaneous_lower_bound;insufficient_release_days;nonpositive_stress_profit
948811bca44ea6c9,favorite_no,18,0,0.6,0.08,1,0.025,costed,161.55,-38.45,10.43,31,28,0.19638859871660946,-0.0008608978801513282,-0.0016940219827589124,nonpositive_simultaneous_lower_bound;insufficient_release_days;nonpositive_stress_profit
948811bca44ea6c9,favorite_no,18,0,0.6,0.08,1,0.05,costed,160.85,-39.15,9.12,14,14,0.20394932198356924,-0.0008784077131572637,-0.002163923095668948,nonpositive_simultaneous_lower_bound;insufficient_release_days;nonpositive_stress_profit
948811bca44ea6c9,favorite_no,18,0,0.6,0.08,1,0.005,stress,190.63,-9.37,1.57,25,22,0.04685,-0.000193479798476417,-0.00039089871023529276,
948811bca44ea6c9,favorite_no,18,0,0.6,0.08,1,0.01,stress,181.06,-18.94,3.02,25,22,0.0947,-0.00040116491330944453,-0.0008054040216257923,
948811bca44ea6c9,favorite_no,18,0,0.6,0.08,1,0.025,stress,158.1,-41.9,5.9,21,19,0.2095,-0.0009479420255347202,-0.0019849138815223417,
948811bca44ea6c9,favorite_no,18,0,0.6,0.08,1,0.05,stress,158.86,-41.14,4.42,8,7,0.2057,-0.0009286050618671394,-0.002761777581655197,
228f9f863734b63a,favorite_no,18,0,0.6,0.08,3,0.005,costed,189.42,-10.58,2.16,31,28,0.05365,-0.00021915562399226287,-0.0004373863312864491,nonpositive_simultaneous_lower_bound;insufficient_release_days;nonpositive_stress_profit
228f9f863734b63a,favorite_no,18,0,0.6,0.08,3,0.01,costed,178.32,-21.68,4.14,31,28,0.11025,-0.00046265192528396497,-0.0009280622756878659,nonpositive_simultaneous_lower_bound;insufficient_release_days;nonpositive_stress_profit
228f9f863734b63a,favorite_no,18,0,0.6,0.08,3,0.025,costed,159.31,-40.69,6.99,23,22,0.20345,-0.0009171991006581965,-0.001973051142342362,nonpositive_simultaneous_lower_bound;insufficient_release_days;nonpositive_stress_profit
228f9f863734b63a,favorite_no,18,0,0.6,0.08,3,0.05,costed,157.01,-42.99,5.9,10,10,0.21495,-0.0009758381812927673,-0.002637805954288733,nonpositive_simultaneous_lower_bound;insufficient_release_days;nonpositive_stress_profit
228f9f863734b63a,favorite_no,18,0,0.6,0.08,3,0.005,stress,188.64,-11.36,1.44,25,23,0.0568,-0.00023579407160877417,-0.0005009550026138817,
228f9f863734b63a,favorite_no,18,0,0.6,0.08,3,0.01,stress,177.25,-22.75,2.75,25,23,0.11375,-0.0004869201658701608,-0.0010468867608382753,
228f9f863734b63a,favorite_no,18,0,0.6,0.08,3,0.025,stress,159.46,-40.54,5.04,19,18,0.2027,-0.00091340427207132,-0.0021452789317625114,
228f9f863734b63a,favorite_no,18,0,0.6,0.08,3,0.05,stress,156.76,-43.24,3.52,7,7,0.2162,-0.000982263682325024,-0.003062234377875914,
45bb31217cdb7f82,favorite_no,18,0,0.6,0.08,,0.005,costed,195.01,-4.99,1.29,31,28,0.03254452547502108,-0.00010188115825760894,-0.0005887742402063471,nonpositive_simultaneous_lower_bound;insufficient_release_days;nonpositive_stress_profit
45bb31217cdb7f82,favorite_no,18,0,0.6,0.08,,0.01,costed,189.13,-10.87,2.56,31,28,0.07261939786211631,-0.00022533369857932897,-0.001311727004466796,nonpositive_simultaneous_lower_bound;insufficient_release_days;nonpositive_stress_profit
45bb31217cdb7f82,favorite_no,18,0,0.6,0.08,,0.025,costed,173.36,-26.64,6.27,31,28,0.17854435178165276,-0.0005763992311287613,-0.003428609881957742,nonpositive_simultaneous_lower_bound;insufficient_release_days;nonpositive_stress_profit
45bb31217cdb7f82,favorite_no,18,0,0.6,0.08,,0.05,costed,170.61,-29.39,5.73,14,14,0.23176332853025935,-0.0006408754700049135,-0.004387645415206953,nonpositive_simultaneous_lower_bound;insufficient_release_days;nonpositive_stress_profit
45bb31217cdb7f82,favorite_no,18,0,0.6,0.08,,0.005,stress,189.33,-10.67,1.01,25,22,0.05335,-0.00022107194469265698,-0.0006124762446300118,
45bb31217cdb7f82,favorite_no,18,0,0.6,0.08,,0.01,stress,177.2,-22.8,1.94,25,22,0.114,-0.00048805777571393473,-0.0013387018905662233,
45bb31217cdb7f82,favorite_no,18,0,0.6,0.08,,0.025,stress,159.01,-40.99,3.92,21,19,0.20495,-0.0009247994888053684,-0.0028765720461628036,
45bb31217cdb7f82,favorite_no,18,0,0.6,0.08,,0.05,stress,172.26,-27.74,2.85,7,6,0.2263,-0.000602066141883102,-0.002812977024965873,
c14d97ce98f0eaff,favorite_no,12,0,0.6,0.03,1,0.005,costed,186.62,-13.38,2.31,40,39,0.07005,-0.0002792052529925835,-0.0006025613374391678,nonpositive_simultaneous_lower_bound;insufficient_release_days;nonpositive_stress_profit
c14d97ce98f0eaff,favorite_no,12,0,0.6,0.03,1,0.01,costed,173.51,-26.49,4.26,40,39,0.13765,-0.0005729118223163553,-0.001277621725294659,nonpositive_simultaneous_lower_bound;insufficient_release_days;nonpositive_stress_profit
c14d97ce98f0eaff,favorite_no,12,0,0.6,0.03,1,0.025,costed,159.0,-41.0,4.11,16,16,0.205,-0.0009250530819669572,-0.0020138240152100632,nonpositive_simultaneous_lower_bound;insufficient_release_days;nonpositive_stress_profit
c14d97ce98f0eaff,favorite_no,12,0,0.6,0.03,1,0.05,costed,155.02,-44.98,4.1,9,9,0.2249,-0.001027271071349481,-0.0027072797161740094,nonpositive_simultaneous_lower_bound;insufficient_release_days;nonpositive_stress_profit
c14d97ce98f0eaff,favorite_no,12,0,0.6,0.03,1,0.005,stress,183.64,-16.36,1.77,42,36,0.08765,-0.00034411309341538584,-0.000710656188890352,
c14d97ce98f0eaff,favorite_no,12,0,0.6,0.03,1,0.01,stress,167.41,-32.59,3.22,42,36,0.17525,-0.0007172236819368689,-0.0014878456983762828,
c14d97ce98f0eaff,favorite_no,12,0,0.6,0.03,1,0.025,stress,158.55,-41.45,3.47,18,15,0.20725,-0.0009364813127567761,-0.0022753055904034844,
c14d97ce98f0eaff,favorite_no,12,0,0.6,0.03,1,0.05,stress,153.91,-46.09,3.13,11,9,0.23045,-0.001056247381274895,-0.0029191281902649566,
d14f1c67c128e6b3,favorite_no,12,0,0.6,0.03,3,0.005,costed,182.85,-17.15,1.82,40,40,0.08575,-0.0003614968627122827,-0.0007056261416356962,nonpositive_simultaneous_lower_bound;insufficient_release_days;nonpositive_stress_profit
d14f1c67c128e6b3,favorite_no,12,0,0.6,0.03,3,0.01,costed,166.89,-33.11,3.38,40,40,0.16555,-0.0007297679588416335,-0.001493999653791032,nonpositive_simultaneous_lower_bound;insufficient_release_days;nonpositive_stress_profit
d14f1c67c128e6b3,favorite_no,12,0,0.6,0.03,3,0.025,costed,158.71,-41.29,2.48,12,12,0.20645,-0.0009324142299539093,-0.002227037520975251,nonpositive_simultaneous_lower_bound;insufficient_release_days;nonpositive_stress_profit
d14f1c67c128e6b3,favorite_no,12,0,0.6,0.03,3,0.05,costed,158.22,-41.78,2.52,7,7,0.2089,-0.0009448826490112356,-0.002829139410448569,nonpositive_simultaneous_lower_bound;insufficient_release_days;nonpositive_stress_profit
d14f1c67c128e6b3,favorite_no,12,0,0.6,0.03,3,0.005,stress,186.52,-13.48,1.56,42,39,0.07325,-0.0002813665105157915,-0.0007112396034433689,
d14f1c67c128e6b3,favorite_no,12,0,0.6,0.03,3,0.01,stress,174.2,-25.8,2.9,42,39,0.1413,-0.0005569084763291719,-0.0014676637765721648,
d14f1c67c128e6b3,favorite_no,12,0,0.6,0.03,3,0.025,stress,159.12,-40.88,3.78,22,21,0.2044,-0.0009220110161383873,-0.0027140191319863388,
d14f1c67c128e6b3,favorite_no,12,0,0.6,0.03,3,0.05,stress,152.78,-47.22,5.47,16,15,0.2361,-0.0010859612436888023,-0.0037929705282661683,
1f2024bedef4f14a,favorite_no,12,0,0.6,0.03,,0.005,costed,182.25,-17.75,1.62,40,40,0.08875,-0.0003747499824970532,-0.0007611576340877503,nonpositive_simultaneous_lower_bound;insufficient_release_days;nonpositive_stress_profit
1f2024bedef4f14a,favorite_no,12,0,0.6,0.03,,0.01,costed,166.11,-33.89,3.01,40,40,0.16945,-0.0007486578509881097,-0.001595600257393101,nonpositive_simultaneous_lower_bound;insufficient_release_days;nonpositive_stress_profit
1f2024bedef4f14a,favorite_no,12,0,0.6,0.03,,0.025,costed,158.3,-41.7,2.45,12,12,0.2085,-0.0009428443534720573,-0.0022554720523929673,nonpositive_simultaneous_lower_bound;insufficient_release_days;nonpositive_stress_profit
1f2024bedef4f14a,favorite_no,12,0,0.6,0.03,,0.05,costed,158.22,-41.78,2.52,7,7,0.2089,-0.0009448826490112356,-0.002829139410448569,nonpositive_simultaneous_lower_bound;insufficient_release_days;nonpositive_stress_profit
1f2024bedef4f14a,favorite_no,12,0,0.6,0.03,,0.005,stress,187.41,-12.59,1.49,42,39,0.0688,-0.00026217192086471094,-0.0006986106740885298,
1f2024bedef4f14a,favorite_no,12,0,0.6,0.03,,0.01,stress,176.21,-23.79,2.77,42,39,0.13125,-0.000510648794223378,-0.0014372375156933858,
1f2024bedef4f14a,favorite_no,12,0,0.6,0.03,,0.025,stress,158.04,-41.96,3.84,23,21,0.2098,-0.0009494725846969613,-0.0027734392588186236,
1f2024bedef4f14a,favorite_no,12,0,0.6,0.03,,0.05,stress,157.01,-42.99,5.24,16,14,0.21495,-0.0009758381812927673,-0.0036451687026938053,
6abb42a5dc187fd9,favorite_no,12,0,0.6,0.08,1,0.005,costed,159.82,-40.18,5.17,102,75,0.2009,-0.0009043112282327407,-0.001601376368083889,nonpositive_simultaneous_lower_bound;nonpositive_stress_profit
6abb42a5dc187fd9,favorite_no,12,0,0.6,0.08,1,0.01,costed,159.62,-40.38,4.41,43,34,0.2019,-0.0009093603875007017,-0.0020202163556024724,nonpositive_simultaneous_lower_bound;insufficient_release_days;nonpositive_stress_profit
6abb42a5dc187fd9,favorite_no,12,0,0.6,0.08,1,0.025,costed,157.43,-42.57,4.11,17,14,0.21285,-0.0009650663367802386,-0.0028697878928507477,nonpositive_simultaneous_lower_bound;insufficient_release_days;nonpositive_stress_profit
6abb42a5dc187fd9,favorite_no,12,0,0.6,0.08,1,0.05,costed,157.99,-42.01,4.16,9,9,0.21005,-0.000950748494609996,-0.0032608335013386072,nonpositive_simultaneous_lower_bound;insufficient_release_days;nonpositive_stress_profit
6abb42a5dc187fd9,favorite_no,12,0,0.6,0.08,1,0.005,stress,159.74,-40.26,4.13,111,77,0.2013,-0.0009063301333015856,-0.0015333366286706504,
6abb42a5dc187fd9,favorite_no,12,0,0.6,0.08,1,0.01,stress,159.37,-40.63,3.96,53,38,0.20315,-0.0009156807406310278,-0.0019891851327671277,
6abb42a5dc187fd9,favorite_no,12,0,0.6,0.08,1,0.025,stress,156.76,-43.24,3.71,23,18,0.2162,-0.0009822636823250248,-0.0026464126876863487,
6abb42a5dc187fd9,favorite_no,12,0,0.6,0.08,1,0.05,stress,153.62,-46.38,4.13,13,11,0.2319,-0.0010638522015221801,-0.003632797040210099,
665cadeeb1f2a8dc,favorite_no,12,0,0.6,0.08,3,0.005,costed,159.93,-40.07,3.23,79,58,0.20035,-0.0009015368832470071,-0.0017677805070249854,nonpositive_simultaneous_lower_bound;insufficient_release_days;nonpositive_stress_profit
665cadeeb1f2a8dc,favorite_no,12,0,0.6,0.08,3,0.01,costed,158.97,-41.03,3.12,38,29,0.20515,-0.0009258139571582901,-0.002167622372508558,nonpositive_simultaneous_lower_bound;insufficient_release_days;nonpositive_stress_profit
665cadeeb1f2a8dc,favorite_no,12,0,0.6,0.08,3,0.025,costed,154.23,-45.77,2.88,15,12,0.22885,-0.0010478724669859432,-0.0033091324317146183,nonpositive_simultaneous_lower_bound;insufficient_release_days;nonpositive_stress_profit
665cadeeb1f2a8dc,favorite_no,12,0,0.6,0.08,3,0.05,costed,158.97,-41.03,2.59,7,7,0.20515,-0.0009258139571582916,-0.0034381836652339105,nonpositive_simultaneous_lower_bound;insufficient_release_days;nonpositive_stress_profit
665cadeeb1f2a8dc,favorite_no,12,0,0.6,0.08,3,0.005,stress,160.17,-39.83,3.62,120,86,0.2,-0.0008954903845477114,-0.0015800209757730267,
665cadeeb1f2a8dc,favorite_no,12,0,0.6,0.08,3,0.01,stress,159.91,-40.09,3.64,59,45,0.20045,-0.000902041167647926,-0.0020529576910078102,
665cadeeb1f2a8dc,favorite_no,12,0,0.6,0.08,3,0.025,stress,157.19,-42.81,4.91,35,27,0.21405,-0.0009712181524511692,-0.0024820157002570825,
665cadeeb1f2a8dc,favorite_no,12,0,0.6,0.08,3,0.05,stress,156.72,-43.28,3.61,13,13,0.2164,-0.000983292713353836,-0.003531960343559554,
f77d5c77645e15f8,favorite_no,12,0,0.6,0.08,,0.005,costed,159.83,-40.17,3.31,91,64,0.20085,-0.0009040589361591719,-0.0018042017127666652,nonpositive_simultaneous_lower_bound;nonpositive_stress_profit
f77d5c77645e15f8,favorite_no,12,0,0.6,0.08,,0.01,costed,158.29,-41.71,3.3,44,35,0.20855,-0.0009430990840741504,-0.002247233845195323,nonpositive_simultaneous_lower_bound;insufficient_release_days;nonpositive_stress_profit
f77d5c77645e15f8,favorite_no,12,0,0.6,0.08,,0.025,costed,159.27,-40.73,2.36,13,12,0.20365,-0.0009182116584046252,-0.0028666275547787117,nonpositive_simultaneous_lower_bound;insufficient_release_days;nonpositive_stress_profit
f77d5c77645e15f8,favorite_no,12,0,0.6,0.08,,0.05,costed,157.26,-42.74,2.42,7,7,0.2137,-0.0009694229031639784,-0.003495893920400406,nonpositive_simultaneous_lower_bound;insufficient_release_days;nonpositive_stress_profit
f77d5c77645e15f8,favorite_no,12,0,0.6,0.08,,0.005,stress,159.56,-40.44,3.49,119,86,0.2022,-0.0009108763689952845,-0.0015909514317151282,
f77d5c77645e15f8,favorite_no,12,0,0.6,0.08,,0.01,stress,158.41,-41.59,3.67,61,46,0.20795,-0.0009400433784164404,-0.0021403127712925647,
f77d5c77645e15f8,favorite_no,12,0,0.6,0.08,,0.025,stress,156.07,-43.93,4.79,35,27,0.21965,-0.0010000513790063485,-0.0025464896648204833,
f77d5c77645e15f8,favorite_no,12,0,0.6,0.08,,0.05,stress,156.72,-43.28,3.61,13,13,0.2164,-0.000983292713353836,-0.003531960343559554,
9ec0132cc61cb2e8,favorite_no,6,0,0.6,0.03,1,0.005,costed,189.33,-10.67,0.82,13,13,0.05335,-0.00022107194469265693,-0.0004468054488077977,nonpositive_simultaneous_lower_bound;insufficient_release_days;nonpositive_stress_profit
9ec0132cc61cb2e8,favorite_no,6,0,0.6,0.03,1,0.01,costed,179.04,-20.96,1.56,13,13,0.1048,-0.0004464037176791191,-0.000902329122438017,nonpositive_simultaneous_lower_bound;insufficient_release_days;nonpositive_stress_profit
9ec0132cc61cb2e8,favorite_no,6,0,0.6,0.03,1,0.025,costed,157.26,-42.74,3.17,13,13,0.2137,-0.000969422903163978,-0.001968924674185556,nonpositive_simultaneous_lower_bound;insufficient_release_days;nonpositive_stress_profit
9ec0132cc61cb2e8,favorite_no,6,0,0.6,0.03,1,0.05,costed,158.45,-41.55,3.19,11,11,0.20775,-0.0009390253242383343,-0.0020891858645955283,nonpositive_simultaneous_lower_bound;insufficient_release_days;nonpositive_stress_profit
9ec0132cc61cb2e8,favorite_no,6,0,0.6,0.03,1,0.005,stress,192.86,-7.14,0.47,8,8,0.0357,-0.00014658398978144467,-0.00033696308282275226,
9ec0132cc61cb2e8,favorite_no,6,0,0.6,0.03,1,0.01,stress,185.76,-14.24,0.93,8,8,0.0712,-0.0002978300346711912,-0.000684305347482386,
9ec0132cc61cb2e8,favorite_no,6,0,0.6,0.03,1,0.025,stress,167.48,-32.52,2.06,8,8,0.1626,-0.0007155380056334438,-0.001641346129707488,
9ec0132cc61cb2e8,favorite_no,6,0,0.6,0.03,1,0.05,stress,160.51,-39.49,2.49,8,8,0.19745,-0.0008869400025117354,-0.0020587984978041253,
d52468f8c611cc74,favorite_no,6,0,0.6,0.03,3,0.005,costed,188.7,-11.3,0.75,13,13,0.0565,-0.00023451175069972606,-0.000475076173619541,nonpositive_simultaneous_lower_bound;insufficient_release_days;nonpositive_stress_profit
d52468f8c611cc74,favorite_no,6,0,0.6,0.03,3,0.01,costed,177.85,-22.15,1.45,13,13,0.11075,-0.0004732938231998894,-0.0009579858613114056,nonpositive_simultaneous_lower_bound;insufficient_release_days;nonpositive_stress_profit
d52468f8c611cc74,favorite_no,6,0,0.6,0.03,3,0.025,costed,158.43,-41.57,2.67,12,12,0.20785,-0.0009395343191979249,-0.0019955422446292447,nonpositive_simultaneous_lower_bound;insufficient_release_days;nonpositive_stress_profit
d52468f8c611cc74,favorite_no,6,0,0.6,0.03,3,0.05,costed,157.61,-42.39,2.68,10,10,0.21195,-0.0009604586264539794,-0.0022890698980278226,nonpositive_simultaneous_lower_bound;insufficient_release_days;nonpositive_stress_profit
d52468f8c611cc74,favorite_no,6,0,0.6,0.03,3,0.005,stress,192.86,-7.14,0.47,8,8,0.0357,-0.00014658398978144467,-0.00033696308282275226,
d52468f8c611cc74,favorite_no,6,0,0.6,0.03,3,0.01,stress,185.76,-14.24,0.93,8,8,0.0712,-0.0002978300346711912,-0.000684305347482386,
d52468f8c611cc74,favorite_no,6,0,0.6,0.03,3,0.025,stress,167.48,-32.52,2.06,8,8,0.1626,-0.0007155380056334438,-0.001641346129707488,
d52468f8c611cc74,favorite_no,6,0,0.6,0.03,3,0.05,stress,160.51,-39.49,2.49,8,8,0.19745,-0.0008869400025117354,-0.0020587984978041253,
2be2e3e8aa5ff52c,favorite_no,6,0,0.6,0.03,,0.005,costed,188.7,-11.3,0.75,13,13,0.0565,-0.00023451175069972606,-0.000475076173619541,nonpositive_simultaneous_lower_bound;insufficient_release_days;nonpositive_stress_profit
2be2e3e8aa5ff52c,favorite_no,6,0,0.6,0.03,,0.01,costed,177.85,-22.15,1.45,13,13,0.11075,-0.0004732938231998894,-0.0009579858613114056,nonpositive_simultaneous_lower_bound;insufficient_release_days;nonpositive_stress_profit
2be2e3e8aa5ff52c,favorite_no,6,0,0.6,0.03,,0.025,costed,158.43,-41.57,2.67,12,12,0.20785,-0.0009395343191979249,-0.0019955422446292447,nonpositive_simultaneous_lower_bound;insufficient_release_days;nonpositive_stress_profit
2be2e3e8aa5ff52c,favorite_no,6,0,0.6,0.03,,0.05,costed,157.61,-42.39,2.68,10,10,0.21195,-0.0009604586264539794,-0.0022890698980278226,nonpositive_simultaneous_lower_bound;insufficient_release_days;nonpositive_stress_profit
2be2e3e8aa5ff52c,favorite_no,6,0,0.6,0.03,,0.005,stress,192.86,-7.14,0.47,8,8,0.0357,-0.00014658398978144467,-0.00033696308282275226,
2be2e3e8aa5ff52c,favorite_no,6,0,0.6,0.03,,0.01,stress,185.76,-14.24,0.93,8,8,0.0712,-0.0002978300346711912,-0.000684305347482386,
2be2e3e8aa5ff52c,favorite_no,6,0,0.6,0.03,,0.025,stress,167.48,-32.52,2.06,8,8,0.1626,-0.0007155380056334438,-0.001641346129707488,
2be2e3e8aa5ff52c,favorite_no,6,0,0.6,0.03,,0.05,stress,160.51,-39.49,2.49,8,8,0.19745,-0.0008869400025117354,-0.0020587984978041253,
bf89dc8131c036ff,favorite_no,6,0,0.6,0.08,1,0.005,costed,183.36,-16.64,1.56,26,26,0.0832,-0.00035026585895831436,-0.0006174907875158272,nonpositive_simultaneous_lower_bound;insufficient_release_days;nonpositive_stress_profit
bf89dc8131c036ff,favorite_no,6,0,0.6,0.08,1,0.01,costed,167.61,-32.39,2.91,26,26,0.16195,-0.0007124093322938287,-0.0012563343328828127,nonpositive_simultaneous_lower_bound;insufficient_release_days;nonpositive_stress_profit
bf89dc8131c036ff,favorite_no,6,0,0.6,0.08,1,0.025,costed,158.42,-41.58,3.86,15,15,0.2079,-0.000939788840773803,-0.0020415807003626,nonpositive_simultaneous_lower_bound;insufficient_release_days;nonpositive_stress_profit
bf89dc8131c036ff,favorite_no,6,0,0.6,0.08,1,0.05,costed,158.82,-41.18,4.69,11,11,0.2059,-0.000929620488229725,-0.0023700319812557952,nonpositive_simultaneous_lower_bound;insufficient_release_days;nonpositive_stress_profit
bf89dc8131c036ff,favorite_no,6,0,0.6,0.08,1,0.005,stress,188.72,-11.28,0.78,16,16,0.0564,-0.00023408440100248856,-0.0004775761039892218,
bf89dc8131c036ff,favorite_no,6,0,0.6,0.08,1,0.01,stress,177.57,-22.43,1.49,16,16,0.11215,-0.00047964705313424774,-0.0009823424694558628,
bf89dc8131c036ff,favorite_no,6,0,0.6,0.08,1,0.025,stress,159.43,-40.57,2.61,13,13,0.20285,-0.0009141629521321075,-0.0020865461805894335,
bf89dc8131c036ff,favorite_no,6,0,0.6,0.08,1,0.05,stress,159.33,-40.67,2.66,9,9,0.20335,-0.0009166929171194318,-0.0024624163543443822,
d0e03710740c4c71,favorite_no,6,0,0.6,0.08,3,0.005,costed,186.02,-13.98,1.33,26,26,0.08323887437780296,-0.00029219020860369303,-0.0008164850302059356,nonpositive_simultaneous_lower_bound;insufficient_release_days;nonpositive_stress_profit
d0e03710740c4c71,favorite_no,6,0,0.6,0.08,3,0.01,costed,173.37,-26.63,2.52,26,26,0.16136990277173124,-0.000576166643347744,-0.001681412770707501,nonpositive_simultaneous_lower_bound;insufficient_release_days;nonpositive_stress_profit
d0e03710740c4c71,favorite_no,6,0,0.6,0.08,3,0.025,costed,173.79,-26.21,3.65,16,16,0.2051317233809001,-0.0005664100514975577,-0.003094116630436938,nonpositive_simultaneous_lower_bound;insufficient_release_days;nonpositive_stress_profit
d0e03710740c4c71,favorite_no,6,0,0.6,0.08,3,0.05,costed,192.6,-7.4,4.26,12,12,0.20390195511098252,-0.00015202365800004658,-0.0044195545732569775,nonpositive_simultaneous_lower_bound;insufficient_release_days;nonpositive_stress_profit
d0e03710740c4c71,favorite_no,6,0,0.6,0.08,3,0.005,stress,188.61,-11.39,0.77,16,16,0.05695,-0.00023643538501998894,-0.00048472810800931853,
d0e03710740c4c71,favorite_no,6,0,0.6,0.08,3,0.01,stress,177.41,-22.59,1.47,16,16,0.11295,-0.00048328196965919155,-0.0009951820070329153,
d0e03710740c4c71,favorite_no,6,0,0.6,0.08,3,0.025,stress,159.92,-40.08,2.5,12,12,0.2004,-0.0009017890175640809,-0.002105921275463365,
d0e03710740c4c71,favorite_no,6,0,0.6,0.08,3,0.05,stress,158.36,-41.64,2.58,9,9,0.2082,-0.0009413163077020433,-0.002550218491067257,
7250e04a934295a6,favorite_no,6,0,0.6,0.08,,0.005,costed,186.02,-13.98,1.33,26,26,0.08323887437780296,-0.00029219020860369303,-0.0008164850302059356,nonpositive_simultaneous_lower_bound;insufficient_release_days;nonpositive_stress_profit
7250e04a934295a6,favorite_no,6,0,0.6,0.08,,0.01,costed,173.37,-26.63,2.52,26,26,0.16136990277173124,-0.000576166643347744,-0.001681412770707501,nonpositive_simultaneous_lower_bound;insufficient_release_days;nonpositive_stress_profit
7250e04a934295a6,favorite_no,6,0,0.6,0.08,,0.025,costed,173.79,-26.21,3.65,16,16,0.2051317233809001,-0.0005664100514975577,-0.003094116630436938,nonpositive_simultaneous_lower_bound;insufficient_release_days;nonpositive_stress_profit
7250e04a934295a6,favorite_no,6,0,0.6,0.08,,0.05,costed,192.6,-7.4,4.26,12,12,0.20390195511098252,-0.00015202365800004658,-0.0044195545732569775,nonpositive_simultaneous_lower_bound;insufficient_release_days;nonpositive_stress_profit
7250e04a934295a6,favorite_no,6,0,0.6,0.08,,0.005,stress,188.61,-11.39,0.77,16,16,0.05695,-0.00023643538501998894,-0.00048472810800931853,
7250e04a934295a6,favorite_no,6,0,0.6,0.08,,0.01,stress,177.41,-22.59,1.47,16,16,0.11295,-0.00048328196965919155,-0.0009951820070329153,
7250e04a934295a6,favorite_no,6,0,0.6,0.08,,0.025,stress,159.92,-40.08,2.5,12,12,0.2004,-0.0009017890175640809,-0.002105921275463365,
7250e04a934295a6,favorite_no,6,0,0.6,0.08,,0.05,stress,158.36,-41.64,2.58,9,9,0.2082,-0.0009413163077020433,-0.002550218491067257,
84fbed01e2cf4aec,favorite_no,24,0,0.75,0.03,1,0.005,costed,198.26,-1.74,0.35,5,5,0.0087,-3.523413686808601e-05,-0.0001104579227480113,nonpositive_simultaneous_lower_bound;insufficient_release_days;nonpositive_stress_profit
84fbed01e2cf4aec,favorite_no,24,0,0.75,0.03,1,0.01,costed,196.4,-3.6,0.71,5,5,0.018,-7.324181704706127e-05,-0.000226122130863732,nonpositive_simultaneous_lower_bound;insufficient_release_days;nonpositive_stress_profit
84fbed01e2cf4aec,favorite_no,24,0,0.75,0.03,1,0.025,costed,190.43,-9.57,1.77,5,5,0.04785,-0.00019771247410206217,-0.0006260154177308532,nonpositive_simultaneous_lower_bound;insufficient_release_days;nonpositive_stress_profit
84fbed01e2cf4aec,favorite_no,24,0,0.75,0.03,1,0.05,costed,181.09,-18.91,3.5,5,5,0.09455,-0.0004004968600596194,-0.0012623946972344013,nonpositive_simultaneous_lower_bound;insufficient_release_days;nonpositive_stress_profit
84fbed01e2cf4aec,favorite_no,24,0,0.75,0.03,1,0.005,stress,199.71,-0.29,0.05,1,1,0.00145,-5.851017206914091e-06,-2.8617234508708527e-05,
84fbed01e2cf4aec,favorite_no,24,0,0.75,0.03,1,0.01,stress,199.32,-0.68,0.12,1,1,0.0034,-1.3733036834003311e-05,-6.716807038800007e-05,
84fbed01e2cf4aec,favorite_no,24,0,0.75,0.03,1,0.025,stress,198.27,-1.73,0.29,1,1,0.00865,-3.503075966760317e-05,-0.00017133490279970198,
84fbed01e2cf4aec,favorite_no,24,0,0.75,0.03,1,0.05,stress,196.55,-3.45,0.57,1,1,0.01725,-7.016336564583602e-05,-0.0003431679343267801,
289ad9156c01063d,favorite_no,24,0,0.75,0.03,3,0.005,costed,199.47,-0.53,0.21,5,5,0.0151,-1.069966719985181e-05,-0.0002463300047560577,nonpositive_simultaneous_lower_bound;insufficient_release_days;nonpositive_stress_profit
289ad9156c01063d,favorite_no,24,0,0.75,0.03,3,0.01,costed,199.45,-0.55,0.43,5,5,0.0318,-1.1103984663794302e-05,-0.0005505708780284705,nonpositive_simultaneous_lower_bound;insufficient_release_days;nonpositive_stress_profit
289ad9156c01063d,favorite_no,24,0,0.75,0.03,3,0.025,costed,198.63,-1.37,1.07,5,5,0.08155,-2.7716003803114284e-05,-0.0014520036824795081,nonpositive_simultaneous_lower_bound;insufficient_release_days;nonpositive_stress_profit
289ad9156c01063d,favorite_no,24,0,0.75,0.03,3,0.05,costed,195.61,-4.39,2.03,5,5,0.1589,-8.949389318455127e-05,-0.0028730611614734627,nonpositive_simultaneous_lower_bound;insufficient_release_days;nonpositive_stress_profit
289ad9156c01063d,favorite_no,24,0,0.75,0.03,3,0.005,stress,199.46,-0.54,0.03,1,1,0.0027,-1.090182086417244e-05,-5.316759838340661e-05,
289ad9156c01063d,favorite_no,24,0,0.75,0.03,3,0.01,stress,198.74,-1.26,0.07,1,1,0.0063,-2.5483583648465132e-05,-0.00012428328426361947,
289ad9156c01063d,favorite_no,24,0,0.75,0.03,3,0.025,stress,196.76,-3.24,0.18,1,1,0.0162,-6.585747831007089e-05,-0.00032119513217344453,
289ad9156c01063d,favorite_no,24,0,0.75,0.03,3,0.05,stress,193.52,-6.48,0.36,1,1,0.0324,-0.00013280846873493928,-0.0006477520337303615,
b620ecf3fe95cd83,favorite_no,24,0,0.75,0.03,,0.005,costed,199.47,-0.53,0.21,5,5,0.0151,-1.069966719985181e-05,-0.0002463300047560577,nonpositive_simultaneous_lower_bound;insufficient_release_days;nonpositive_stress_profit
b620ecf3fe95cd83,favorite_no,24,0,0.75,0.03,,0.01,costed,199.45,-0.55,0.43,5,5,0.0318,-1.1103984663794302e-05,-0.0005505708780284705,nonpositive_simultaneous_lower_bound;insufficient_release_days;nonpositive_stress_profit
b620ecf3fe95cd83,favorite_no,24,0,0.75,0.03,,0.025,costed,198.63,-1.37,1.07,5,5,0.08155,-2.7716003803114284e-05,-0.0014520036824795081,nonpositive_simultaneous_lower_bound;insufficient_release_days;nonpositive_stress_profit
b620ecf3fe95cd83,favorite_no,24,0,0.75,0.03,,0.05,costed,195.61,-4.39,2.03,5,5,0.1589,-8.949389318455127e-05,-0.0028730611614734627,nonpositive_simultaneous_lower_bound;insufficient_release_days;nonpositive_stress_profit
b620ecf3fe95cd83,favorite_no,24,0,0.75,0.03,,0.005,stress,199.46,-0.54,0.03,1,1,0.0027,-1.090182086417244e-05,-5.316759838340661e-05,
b620ecf3fe95cd83,favorite_no,24,0,0.75,0.03,,0.01,stress,198.74,-1.26,0.07,1,1,0.0063,-2.5483583648465132e-05,-0.00012428328426361947,
b620ecf3fe95cd83,favorite_no,24,0,0.75,0.03,,0.025,stress,196.76,-3.24,0.18,1,1,0.0162,-6.585747831007089e-05,-0.00032119513217344453,
b620ecf3fe95cd83,favorite_no,24,0,0.75,0.03,,0.05,stress,193.52,-6.48,0.36,1,1,0.0324,-0.00013280846873493928,-0.0006477520337303615,
2fe5e28f1e236d22,favorite_no,24,0,0.75,0.08,1,0.005,costed,195.3,-4.7,1.0,13,13,0.0235,-9.588922848952997e-05,-0.0002160224747698222,nonpositive_simultaneous_lower_bound;insufficient_release_days;nonpositive_stress_profit
2fe5e28f1e236d22,favorite_no,24,0,0.75,0.08,1,0.01,costed,190.71,-9.29,1.94,13,13,0.04645,-0.00019178797149842534,-0.00042551439206836475,nonpositive_simultaneous_lower_bound;insufficient_release_days;nonpositive_stress_profit
2fe5e28f1e236d22,favorite_no,24,0,0.75,0.08,1,0.025,costed,175.98,-24.02,4.84,13,13,0.1201,-0.0005159153803654117,-0.001155238543393589,nonpositive_simultaneous_lower_bound;insufficient_release_days;nonpositive_stress_profit
2fe5e28f1e236d22,favorite_no,24,0,0.75,0.08,1,0.05,costed,156.27,-43.73,8.56,12,12,0.21865,-0.0009948874440436559,-0.002294799911023511,nonpositive_simultaneous_lower_bound;insufficient_release_days;nonpositive_stress_profit
2fe5e28f1e236d22,favorite_no,24,0,0.75,0.08,1,0.005,stress,196.4,-3.6,0.52,8,8,0.018,-7.324181704706122e-05,-0.00019355605220140314,
2fe5e28f1e236d22,favorite_no,24,0,0.75,0.08,1,0.01,stress,192.56,-7.44,1.04,8,8,0.0372,-0.00015286118174685545,-0.00039980415357724415,
2fe5e28f1e236d22,favorite_no,24,0,0.75,0.08,1,0.025,stress,180.86,-19.14,2.57,8,8,0.0957,-0.0004056214324020264,-0.0010599735640346723,
2fe5e28f1e236d22,favorite_no,24,0,0.75,0.08,1,0.05,stress,163.05,-36.95,4.9,8,8,0.18475,-0.0008236309044867274,-0.0021594812442480367,
d673966a348ab827,favorite_no,24,0,0.75,0.08,3,0.005,costed,193.86,-6.14,0.68,13,13,0.03645,-0.00012573031243377027,-0.000433686267161105,nonpositive_simultaneous_lower_bound;insufficient_release_days;nonpositive_stress_profit
d673966a348ab827,favorite_no,24,0,0.75,0.08,3,0.01,costed,188.54,-11.46,1.32,13,13,0.0747,-0.00023793217975819541,-0.000921948712952689,nonpositive_simultaneous_lower_bound;insufficient_release_days;nonpositive_stress_profit
d673966a348ab827,favorite_no,24,0,0.75,0.08,3,0.025,costed,170.39,-29.61,3.12,13,13,0.18495,-0.0006460783843584228,-0.0024196782336796357,nonpositive_simultaneous_lower_bound;insufficient_release_days;nonpositive_stress_profit
d673966a348ab827,favorite_no,24,0,0.75,0.08,3,0.05,costed,154.24,-45.76,2.55,6,6,0.2288,-0.0010476110309911328,-0.00298277528298149,nonpositive_simultaneous_lower_bound;insufficient_release_days;nonpositive_stress_profit
d673966a348ab827,favorite_no,24,0,0.75,0.08,3,0.005,stress,194.42,-5.58,0.36,8,8,0.0279,-0.00011409919014158746,-0.0003060721245810176,
d673966a348ab827,favorite_no,24,0,0.75,0.08,3,0.01,stress,188.32,-11.68,0.72,8,8,0.0584,-0.00024264001224221806,-0.000645959822001293,
d673966a348ab827,favorite_no,24,0,0.75,0.08,3,0.025,stress,170.7,-29.3,1.78,8,8,0.1465,-0.0006387489384985557,-0.0016983604493171333,
d673966a348ab827,favorite_no,24,0,0.75,0.08,3,0.05,stress,148.06,-51.94,2.75,7,7,0.2597,-0.001212499070697921,-0.003385899678277818,
a3a70ef8dab43cf2,favorite_no,24,0,0.75,0.08,,0.005,costed,193.02,-6.98,0.58,13,13,0.0393,-0.0001432401454397033,-0.0004590835703800414,nonpositive_simultaneous_lower_bound;insufficient_release_days;nonpositive_stress_profit
a3a70ef8dab43cf2,favorite_no,24,0,0.75,0.08,,0.01,costed,186.35,-13.65,1.16,13,13,0.0814,-0.0002850433089627786,-0.0009931305390778085,nonpositive_simultaneous_lower_bound;insufficient_release_days;nonpositive_stress_profit
a3a70ef8dab43cf2,favorite_no,24,0,0.75,0.08,,0.025,costed,172.44,-27.56,2.31,11,11,0.20005,-0.0005978549059238016,-0.0023485240477017348,nonpositive_simultaneous_lower_bound;insufficient_release_days;nonpositive_stress_profit
a3a70ef8dab43cf2,favorite_no,24,0,0.75,0.08,,0.05,costed,153.48,-46.52,2.49,6,6,0.2326,-0.0010675286337471165,-0.0030589504267802417,nonpositive_simultaneous_lower_bound;insufficient_release_days;nonpositive_stress_profit
a3a70ef8dab43cf2,favorite_no,24,0,0.75,0.08,,0.005,stress,194.12,-5.88,0.33,8,8,0.0294,-0.00012032597585089174,-0.00031624813613233266,
a3a70ef8dab43cf2,favorite_no,24,0,0.75,0.08,,0.01,stress,187.6,-12.4,0.67,8,8,0.062,-0.0002580860079673885,-0.0006729636832476921,
a3a70ef8dab43cf2,favorite_no,24,0,0.75,0.08,,0.025,stress,168.95,-31.05,1.66,8,8,0.15525,-0.0006803006184989425,-0.001771637669144502,
a3a70ef8dab43cf2,favorite_no,24,0,0.75,0.08,,0.05,stress,148.06,-51.94,2.75,7,7,0.2597,-0.001212499070697921,-0.003385899678277818,
2cdeaa6f3c480bb3,favorite_no,18,0,0.75,0.03,1,0.005,costed,196.9,-3.1,0.39,5,5,0.0155,-6.29894391248256e-05,-0.00017318526864306012,nonpositive_simultaneous_lower_bound;insufficient_release_days;nonpositive_stress_profit
2cdeaa6f3c480bb3,favorite_no,18,0,0.75,0.03,1,0.01,costed,193.68,-6.32,0.74,5,5,0.0316,-0.00012947602386384534,-0.0003566451654005183,nonpositive_simultaneous_lower_bound;insufficient_release_days;nonpositive_stress_profit
2cdeaa6f3c480bb3,favorite_no,18,0,0.75,0.03,1,0.025,costed,184.42,-15.58,1.77,5,5,0.0779,-0.00032702258643968344,-0.0008964887330891172,nonpositive_simultaneous_lower_bound;insufficient_release_days;nonpositive_stress_profit
2cdeaa6f3c480bb3,favorite_no,18,0,0.75,0.03,1,0.05,costed,169.41,-30.59,3.45,5,5,0.15295,-0.0006693369120773456,-0.0018362753783821863,nonpositive_simultaneous_lower_bound;insufficient_release_days;nonpositive_stress_profit
2cdeaa6f3c480bb3,favorite_no,18,0,0.75,0.03,1,0.005,stress,196.8,-3.2,0.31,5,5,0.016,-6.50378303624336e-05,-0.00017272484020388484,
2cdeaa6f3c480bb3,favorite_no,18,0,0.75,0.03,1,0.01,stress,193.42,-6.58,0.59,5,5,0.0329,-0.00013489264620653032,-0.0003595318700096056,
2cdeaa6f3c480bb3,favorite_no,18,0,0.75,0.03,1,0.025,stress,183.56,-16.44,1.42,5,5,0.0822,-0.00034587006863469327,-0.0009217942197139521,
2cdeaa6f3c480bb3,favorite_no,18,0,0.75,0.03,1,0.05,stress,167.92,-32.08,2.75,5,5,0.1604,-0.0007049584315953994,-0.0018773054465755909,
bf957e9201c20fdc,favorite_no,18,0,0.75,0.03,3,0.005,costed,196.7,-3.3,0.37,5,5,0.0165,-6.708726271380316e-05,-0.00019065123825643342,nonpositive_simultaneous_lower_bound;insufficient_release_days;nonpositive_stress_profit
bf957e9201c20fdc,favorite_no,18,0,0.75,0.03,3,0.01,costed,193.32,-6.68,0.71,5,5,0.0334,-0.00013697790149658597,-0.0003898975282211855,nonpositive_simultaneous_lower_bound;insufficient_release_days;nonpositive_stress_profit
bf957e9201c20fdc,favorite_no,18,0,0.75,0.03,3,0.025,costed,183.14,-16.86,1.68,5,5,0.0843,-0.00035510676963084874,-0.0010137777990917442,nonpositive_simultaneous_lower_bound;insufficient_release_days;nonpositive_stress_profit
bf957e9201c20fdc,favorite_no,18,0,0.75,0.03,3,0.05,costed,167.21,-32.79,3.21,5,5,0.16395,-0.0007220437865865283,-0.00206167816313144,nonpositive_simultaneous_lower_bound;insufficient_release_days;nonpositive_stress_profit
bf957e9201c20fdc,favorite_no,18,0,0.75,0.03,3,0.005,stress,196.49,-3.51,0.29,5,5,0.01755,-7.139446418924297e-05,-0.00018838307306569748,
bf957e9201c20fdc,favorite_no,18,0,0.75,0.03,3,0.01,stress,192.8,-7.2,0.55,5,5,0.036,-0.00014783864665964292,-0.00039063605257227507,
bf957e9201c20fdc,favorite_no,18,0,0.75,0.03,3,0.025,stress,182.03,-17.97,1.3,5,5,0.08985,-0.0003796203947186656,-0.0010031259063554552,
bf957e9201c20fdc,favorite_no,18,0,0.75,0.03,3,0.05,stress,165.13,-34.87,2.5,5,5,0.17435,-0.0007725174357787893,-0.0020409936882246193,
2fe3ca101564470b,favorite_no,18,0,0.75,0.03,,0.005,costed,195.6,-4.4,0.28,5,5,0.022,-8.970003607790227e-05,-0.00023614532559242699,nonpositive_simultaneous_lower_bound;insufficient_release_days;nonpositive_stress_profit
2fe3ca101564470b,favorite_no,18,0,0.75,0.03,,0.01,costed,190.99,-9.01,0.54,5,5,0.04505,-0.00018587216085876407,-0.0004891326945274655,nonpositive_simultaneous_lower_bound;insufficient_release_days;nonpositive_stress_profit
2fe3ca101564470b,favorite_no,18,0,0.75,0.03,,0.025,costed,177.65,-22.35,1.28,5,5,0.11175,-0.0004778308229072604,-0.0012576629344074341,nonpositive_simultaneous_lower_bound;insufficient_release_days;nonpositive_stress_profit
2fe3ca101564470b,favorite_no,18,0,0.75,0.03,,0.05,costed,157.11,-42.89,2.46,5,5,0.21445,-0.0009732708451150433,-0.0025617683004922473,nonpositive_simultaneous_lower_bound;insufficient_release_days;nonpositive_stress_profit
2fe3ca101564470b,favorite_no,18,0,0.75,0.03,,0.005,stress,196.11,-3.89,0.25,5,5,0.01945,-7.920016231971309e-05,-0.00020921530484590054,
2fe3ca101564470b,favorite_no,18,0,0.75,0.03,,0.01,stress,192.03,-7.97,0.48,5,5,0.03985,-0.00016397482550812458,-0.00043306708073279147,
2fe3ca101564470b,favorite_no,18,0,0.75,0.03,,0.025,stress,180.15,-19.85,1.16,5,5,0.09925,-0.00042148197320134755,-0.0011116784377821131,
2fe3ca101564470b,favorite_no,18,0,0.75,0.03,,0.05,stress,161.7,-38.3,2.23,5,5,0.1915,-0.0008571556450200628,-0.0022599273024794427,
a3f9edd0d97b29f3,favorite_no,18,0,0.75,0.08,1,0.005,costed,196.18,-3.82,0.54,7,7,0.0191,-7.776113472527113e-05,-0.0001989181237851389,nonpositive_simultaneous_lower_bound;insufficient_release_days;nonpositive_stress_profit
a3f9edd0d97b29f3,favorite_no,18,0,0.75,0.08,1,0.01,costed,192.31,-7.69,1.05,7,7,0.03845,-0.00015809965010193776,-0.00040352256754585413,nonpositive_simultaneous_lower_bound;insufficient_release_days;nonpositive_stress_profit
a3f9edd0d97b29f3,favorite_no,18,0,0.75,0.08,1,0.025,costed,180.91,-19.09,2.52,7,7,0.09545,-0.0004045068407857538,-0.0010324630850911452,nonpositive_simultaneous_lower_bound;insufficient_release_days;nonpositive_stress_profit
a3f9edd0d97b29f3,favorite_no,18,0,0.75,0.08,1,0.05,costed,164.04,-35.96,4.76,7,7,0.1798,-0.000799222040420073,-0.0020416229086532346,nonpositive_simultaneous_lower_bound;insufficient_release_days;nonpositive_stress_profit
a3f9edd0d97b29f3,favorite_no,18,0,0.75,0.08,1,0.005,stress,194.87,-5.13,0.5,8,8,0.02565,-0.00010477700391932945,-0.00025922261213682434,
a3f9edd0d97b29f3,favorite_no,18,0,0.75,0.08,1,0.01,stress,189.57,-10.43,0.96,8,8,0.05215,-0.00021596377860710902,-0.0005351354747388111,
a3f9edd0d97b29f3,favorite_no,18,0,0.75,0.08,1,0.025,stress,174.5,-25.5,2.28,8,8,0.1275,-0.0005499702617159473,-0.0013647248909631092,
a3f9edd0d97b29f3,favorite_no,18,0,0.75,0.08,1,0.05,stress,157.52,-42.48,3.59,7,7,0.2124,-0.0009627618234563168,-0.0025491368403940825,
d0c50e6e14ce0229,favorite_no,18,0,0.75,0.08,3,0.005,costed,195.72,-4.28,0.51,7,7,0.0214,-8.722701664158896e-05,-0.00023013449763621886,nonpositive_simultaneous_lower_bound;insufficient_release_days;nonpositive_stress_profit
d0c50e6e14ce0229,favorite_no,18,0,0.75,0.08,3,0.01,costed,191.37,-8.63,0.97,7,7,0.04315,-0.0001778574178470281,-0.0004702047977254741,nonpositive_simultaneous_lower_bound;insufficient_release_days;nonpositive_stress_profit
d0c50e6e14ce0229,favorite_no,18,0,0.75,0.08,3,0.025,costed,178.51,-21.49,2.34,7,7,0.10745,-0.00045835784067974164,-0.0012130833565592355,nonpositive_simultaneous_lower_bound;insufficient_release_days;nonpositive_stress_profit
d0c50e6e14ce0229,favorite_no,18,0,0.75,0.08,3,0.05,costed,159.54,-40.46,4.32,7,7,0.2023,-0.0009113818228429562,-0.0024215776803454274,nonpositive_simultaneous_lower_bound;insufficient_release_days;nonpositive_stress_profit
d0c50e6e14ce0229,favorite_no,18,0,0.75,0.08,3,0.005,stress,194.12,-5.88,0.44,8,8,0.0294,-0.00012032597585089207,-0.0002909267279177026,
d0c50e6e14ce0229,favorite_no,18,0,0.75,0.08,3,0.01,stress,188.25,-11.75,0.82,8,8,0.05875,-0.00024413911237110292,-0.0005933931304066094,
d0c50e6e14ce0229,favorite_no,18,0,0.75,0.08,3,0.025,stress,170.88,-29.12,1.97,8,8,0.1456,-0.000634499237000833,-0.0015382491056694135,
d0c50e6e14ce0229,favorite_no,18,0,0.75,0.08,3,0.05,stress,156.61,-43.39,2.57,6,6,0.21695,-0.0009861239035068316,-0.002711232603174832,
9458cde28f3a2a17,favorite_no,18,0,0.75,0.08,,0.005,costed,194.07,-5.93,0.38,7,7,0.02965,-0.00012136470896787433,-0.00030689147106843323,nonpositive_simultaneous_lower_bound;insufficient_release_days;nonpositive_stress_profit
9458cde28f3a2a17,favorite_no,18,0,0.75,0.08,,0.01,costed,188.12,-11.88,0.7,7,7,0.0594,-0.0002469246349644741,-0.0006301405869709597,nonpositive_simultaneous_lower_bound;insufficient_release_days;nonpositive_stress_profit
9458cde28f3a2a17,favorite_no,18,0,0.75,0.08,,0.025,costed,170.31,-29.69,1.72,7,7,0.14845,-0.0006479720189406934,-0.001643729346133719,nonpositive_simultaneous_lower_bound;insufficient_release_days;nonpositive_stress_profit
9458cde28f3a2a17,favorite_no,18,0,0.75,0.08,,0.05,costed,159.43,-40.57,2.29,5,5,0.20285,-0.0009141629521321086,-0.002745006145874564,nonpositive_simultaneous_lower_bound;insufficient_release_days;nonpositive_stress_profit
9458cde28f3a2a17,favorite_no,18,0,0.75,0.08,,0.005,stress,193.74,-6.26,0.4,8,8,0.0313,-0.00012822706673305606,-0.0003069021418668493,
9458cde28f3a2a17,favorite_no,18,0,0.75,0.08,,0.01,stress,187.53,-12.47,0.76,8,8,0.06235,-0.0002595908626459914,-0.0006232583899120595,
9458cde28f3a2a17,favorite_no,18,0,0.75,0.08,,0.025,stress,169.22,-30.78,1.83,8,8,0.1539,-0.0006738617864987171,-0.0016148962149352913,
9458cde28f3a2a17,favorite_no,18,0,0.75,0.08,,0.05,stress,156.61,-43.39,2.57,6,6,0.21695,-0.0009861239035068316,-0.002711232603174832,
877724c3fb96fd95,favorite_no,12,0,0.75,0.03,1,0.005,costed,186.19,-13.81,1.54,26,26,0.06905,-0.0002885068904841771,-0.0005197762554171993,nonpositive_simultaneous_lower_bound;insufficient_release_days;nonpositive_stress_profit
877724c3fb96fd95,favorite_no,12,0,0.75,0.03,1,0.01,costed,172.5,-27.5,2.82,26,26,0.1375,-0.000596452137405735,-0.001076757065806774,nonpositive_simultaneous_lower_bound;insufficient_release_days;nonpositive_stress_profit
877724c3fb96fd95,favorite_no,12,0,0.75,0.03,1,0.025,costed,157.35,-42.65,4.05,16,16,0.21325,-0.0009671158993452461,-0.002113052828648517,nonpositive_simultaneous_lower_bound;insufficient_release_days;nonpositive_stress_profit
877724c3fb96fd95,favorite_no,12,0,0.75,0.03,1,0.05,costed,154.98,-45.02,4.44,9,9,0.2251,-0.0010283116540815828,-0.0026724335131456034,nonpositive_simultaneous_lower_bound;insufficient_release_days;nonpositive_stress_profit
877724c3fb96fd95,favorite_no,12,0,0.75,0.03,1,0.005,stress,186.31,-13.69,1.12,25,23,0.06845,-0.00028590892546683134,-0.000540916616135561,
877724c3fb96fd95,favorite_no,12,0,0.75,0.03,1,0.01,stress,172.75,-27.25,2.06,25,23,0.13625,-0.0005906125157268441,-0.0011188927574245717,
877724c3fb96fd95,favorite_no,12,0,0.75,0.03,1,0.025,stress,159.52,-40.48,2.93,15,14,0.2024,-0.000911887340058501,-0.0021213815589385477,
877724c3fb96fd95,favorite_no,12,0,0.75,0.03,1,0.05,stress,155.35,-44.65,3.08,9,8,0.22325,-0.0010186964947942754,-0.0027171280553091276,
25127a64eb5318e7,favorite_no,12,0,0.75,0.03,3,0.005,costed,182.45,-17.55,1.17,26,26,0.08775,-0.0003703274341354041,-0.0006559551163653248,nonpositive_simultaneous_lower_bound;insufficient_release_days;nonpositive_stress_profit
25127a64eb5318e7,favorite_no,12,0,0.75,0.03,3,0.01,costed,165.27,-34.73,2.17,26,26,0.17365,-0.0007691002677229893,-0.001363694495522166,nonpositive_simultaneous_lower_bound;insufficient_release_days;nonpositive_stress_profit
25127a64eb5318e7,favorite_no,12,0,0.75,0.03,3,0.025,costed,159.65,-40.35,2.46,12,12,0.20175,-0.0009086026104324421,-0.0020885155734721708,nonpositive_simultaneous_lower_bound;insufficient_release_days;nonpositive_stress_profit
25127a64eb5318e7,favorite_no,12,0,0.75,0.03,3,0.05,costed,158.22,-41.78,2.52,7,7,0.2089,-0.0009448826490112356,-0.002829139410448569,nonpositive_simultaneous_lower_bound;insufficient_release_days;nonpositive_stress_profit
25127a64eb5318e7,favorite_no,12,0,0.75,0.03,3,0.005,stress,185.08,-14.92,1.01,25,23,0.0746,-0.00031261775205337683,-0.0005919735727933181,
25127a64eb5318e7,favorite_no,12,0,0.75,0.03,3,0.01,stress,170.31,-29.69,1.86,25,23,0.14845,-0.0006479720189406947,-0.0012267719718502047,
25127a64eb5318e7,favorite_no,12,0,0.75,0.03,3,0.025,stress,158.46,-41.54,2.56,14,13,0.2077,-0.0009387708508505677,-0.0022624768184250923,
25127a64eb5318e7,favorite_no,12,0,0.75,0.03,3,0.05,stress,152.84,-47.16,2.89,9,8,0.2358,-0.0010843779998763606,-0.0028956688486373528,
7ddcbe76db6f5520,favorite_no,12,0,0.75,0.03,,0.005,costed,182.45,-17.55,1.17,26,26,0.08775,-0.0003703274341354041,-0.0006559551163653248,nonpositive_simultaneous_lower_bound;insufficient_release_days;nonpositive_stress_profit
7ddcbe76db6f5520,favorite_no,12,0,0.75,0.03,,0.01,costed,165.27,-34.73,2.17,26,26,0.17365,-0.0007691002677229893,-0.001363694495522166,nonpositive_simultaneous_lower_bound;insufficient_release_days;nonpositive_stress_profit
7ddcbe76db6f5520,favorite_no,12,0,0.75,0.03,,0.025,costed,159.65,-40.35,2.46,12,12,0.20175,-0.0009086026104324421,-0.0020885155734721708,nonpositive_simultaneous_lower_bound;insufficient_release_days;nonpositive_stress_profit
7ddcbe76db6f5520,favorite_no,12,0,0.75,0.03,,0.05,costed,158.22,-41.78,2.52,7,7,0.2089,-0.0009448826490112356,-0.002829139410448569,nonpositive_simultaneous_lower_bound;insufficient_release_days;nonpositive_stress_profit
7ddcbe76db6f5520,favorite_no,12,0,0.75,0.03,,0.005,stress,185.08,-14.92,1.01,25,23,0.0746,-0.00031261775205337683,-0.0005919735727933181,
7ddcbe76db6f5520,favorite_no,12,0,0.75,0.03,,0.01,stress,170.31,-29.69,1.86,25,23,0.14845,-0.0006479720189406947,-0.0012267719718502047,
7ddcbe76db6f5520,favorite_no,12,0,0.75,0.03,,0.025,stress,158.46,-41.54,2.56,14,13,0.2077,-0.0009387708508505677,-0.0022624768184250923,
7ddcbe76db6f5520,favorite_no,12,0,0.75,0.03,,0.05,stress,152.84,-47.16,2.89,9,8,0.2358,-0.0010843779998763606,-0.0028956688486373528,
df56ccf003901ebc,favorite_no,12,0,0.75,0.08,1,0.005,costed,159.9,-40.1,3.95,78,68,0.2005,-0.0009022933335005172,-0.0014054591840792874,nonpositive_simultaneous_lower_bound;nonpositive_stress_profit
df56ccf003901ebc,favorite_no,12,0,0.75,0.08,1,0.01,costed,159.57,-40.43,3.89,38,33,0.20215,-0.0009106236658294375,-0.0018454917794842453,nonpositive_simultaneous_lower_bound;insufficient_release_days;nonpositive_stress_profit
df56ccf003901ebc,favorite_no,12,0,0.75,0.08,1,0.025,costed,158.21,-41.79,4.02,16,14,0.20895,-0.0009451375084155823,-0.002602312614708312,nonpositive_simultaneous_lower_bound;insufficient_release_days;nonpositive_stress_profit
df56ccf003901ebc,favorite_no,12,0,0.75,0.08,1,0.05,costed,153.23,-46.77,4.93,10,9,0.23385,-0.0010741020401530312,-0.0034134929394595065,nonpositive_simultaneous_lower_bound;insufficient_release_days;nonpositive_stress_profit
df56ccf003901ebc,favorite_no,12,0,0.75,0.08,1,0.005,stress,159.76,-40.24,3.1,86,72,0.2012,-0.0009058253122599864,-0.0013081977369270394,
df56ccf003901ebc,favorite_no,12,0,0.75,0.08,1,0.01,stress,159.86,-40.14,3.06,42,36,0.2007,-0.000903302154637759,-0.0017308091088371958,
df56ccf003901ebc,favorite_no,12,0,0.75,0.08,1,0.025,stress,158.62,-41.38,2.75,18,16,0.2069,-0.0009347014592454147,-0.0022355365710021264,
df56ccf003901ebc,favorite_no,12,0,0.75,0.08,1,0.05,stress,156.4,-43.6,2.87,10,10,0.218,-0.0009915344291807494,-0.003040448291104443,
a5ede7ce52a9e578,favorite_no,12,0,0.75,0.08,3,0.005,costed,159.24,-40.76,2.8,66,56,0.2038,-0.0009189712436125834,-0.0015148007089560245,nonpositive_simultaneous_lower_bound;insufficient_release_days;nonpositive_stress_profit
a5ede7ce52a9e578,favorite_no,12,0,0.75,0.08,3,0.01,costed,158.81,-41.19,2.75,32,27,0.20595,-0.0009298743847801675,-0.0020022006545622065,nonpositive_simultaneous_lower_bound;insufficient_release_days;nonpositive_stress_profit
a5ede7ce52a9e578,favorite_no,12,0,0.75,0.08,3,0.025,costed,158.58,-41.42,2.68,13,11,0.2071,-0.0009357184221926769,-0.002884370475972637,nonpositive_simultaneous_lower_bound;insufficient_release_days;nonpositive_stress_profit
a5ede7ce52a9e578,favorite_no,12,0,0.75,0.08,3,0.05,costed,152.33,-47.67,3.09,8,7,0.23835,-0.0010978554290299483,-0.0035511342971325985,nonpositive_simultaneous_lower_bound;insufficient_release_days;nonpositive_stress_profit
a5ede7ce52a9e578,favorite_no,12,0,0.75,0.08,3,0.005,stress,159.83,-40.17,2.84,86,72,0.20085,-0.0009040589361591729,-0.0013627326180126675,
a5ede7ce52a9e578,favorite_no,12,0,0.75,0.08,3,0.01,stress,159.53,-40.47,2.6,39,31,0.20235,-0.0009116345735287535,-0.0018247380339949347,
a5ede7ce52a9e578,favorite_no,12,0,0.75,0.08,3,0.025,stress,158.19,-41.81,2.7,18,15,0.20905,-0.0009456472755546313,-0.0022848981951001522,
a5ede7ce52a9e578,favorite_no,12,0,0.75,0.08,3,0.05,stress,155.98,-44.02,2.84,10,10,0.2201,-0.0010023773090551797,-0.003110528939507728,
c9dbd3e09a78263d,favorite_no,12,0,0.75,0.08,,0.005,costed,159.6,-40.4,2.64,65,56,0.202,-0.0009098656513400326,-0.0015139398974040505,nonpositive_simultaneous_lower_bound;insufficient_release_days;nonpositive_stress_profit
c9dbd3e09a78263d,favorite_no,12,0,0.75,0.08,,0.01,costed,159.3,-40.7,2.51,31,27,0.2035,-0.0009174522162582013,-0.002008272949507732,nonpositive_simultaneous_lower_bound;insufficient_release_days;nonpositive_stress_profit
c9dbd3e09a78263d,favorite_no,12,0,0.75,0.08,,0.025,costed,159.9,-40.1,2.38,12,11,0.2005,-0.0009022933335005162,-0.0028612490830520016,nonpositive_simultaneous_lower_bound;insufficient_release_days;nonpositive_stress_profit
c9dbd3e09a78263d,favorite_no,12,0,0.75,0.08,,0.05,costed,150.93,-49.07,2.94,8,7,0.24535,-0.0011350855378092742,-0.003670361462282006,nonpositive_simultaneous_lower_bound;insufficient_release_days;nonpositive_stress_profit
c9dbd3e09a78263d,favorite_no,12,0,0.75,0.08,,0.005,stress,159.85,-40.15,2.82,86,72,0.20075,-0.000903554399363653,-0.0013591966896380312,
c9dbd3e09a78263d,favorite_no,12,0,0.75,0.08,,0.01,stress,159.25,-40.75,2.57,39,31,0.20375,-0.0009187180326442106,-0.0018336038768885013,
c9dbd3e09a78263d,favorite_no,12,0,0.75,0.08,,0.025,stress,157.5,-42.5,2.63,18,15,0.2125,-0.0009632738237191488,-0.0023157009330152783,
c9dbd3e09a78263d,favorite_no,12,0,0.75,0.08,,0.05,stress,159.27,-40.73,2.49,9,9,0.20365,-0.0009182116584046238,-0.002970390397391867,
ad31d733007b3175,favorite_no,6,0,0.75,0.03,1,0.005,costed,189.33,-10.67,0.82,13,13,0.05335,-0.00022107194469265693,-0.0004468054488077977,nonpositive_simultaneous_lower_bound;insufficient_release_days;nonpositive_stress_profit
ad31d733007b3175,favorite_no,6,0,0.75,0.03,1,0.01,costed,179.04,-20.96,1.56,13,13,0.1048,-0.0004464037176791191,-0.000902329122438017,nonpositive_simultaneous_lower_bound;insufficient_release_days;nonpositive_stress_profit
ad31d733007b3175,favorite_no,6,0,0.75,0.03,1,0.025,costed,157.26,-42.74,3.17,13,13,0.2137,-0.000969422903163978,-0.001968924674185556,nonpositive_simultaneous_lower_bound;insufficient_release_days;nonpositive_stress_profit
ad31d733007b3175,favorite_no,6,0,0.75,0.03,1,0.05,costed,158.45,-41.55,3.19,11,11,0.20775,-0.0009390253242383343,-0.0020891858645955283,nonpositive_simultaneous_lower_bound;insufficient_release_days;nonpositive_stress_profit
ad31d733007b3175,favorite_no,6,0,0.75,0.03,1,0.005,stress,192.86,-7.14,0.47,8,8,0.0357,-0.00014658398978144467,-0.00033696308282275226,
ad31d733007b3175,favorite_no,6,0,0.75,0.03,1,0.01,stress,185.76,-14.24,0.93,8,8,0.0712,-0.0002978300346711912,-0.000684305347482386,
ad31d733007b3175,favorite_no,6,0,0.75,0.03,1,0.025,stress,167.48,-32.52,2.06,8,8,0.1626,-0.0007155380056334438,-0.001641346129707488,
ad31d733007b3175,favorite_no,6,0,0.75,0.03,1,0.05,stress,160.51,-39.49,2.49,8,8,0.19745,-0.0008869400025117354,-0.0020587984978041253,
0442ef5b7be31d26,favorite_no,6,0,0.75,0.03,3,0.005,costed,188.7,-11.3,0.75,13,13,0.0565,-0.00023451175069972606,-0.000475076173619541,nonpositive_simultaneous_lower_bound;insufficient_release_days;nonpositive_stress_profit
0442ef5b7be31d26,favorite_no,6,0,0.75,0.03,3,0.01,costed,177.85,-22.15,1.45,13,13,0.11075,-0.0004732938231998894,-0.0009579858613114056,nonpositive_simultaneous_lower_bound;insufficient_release_days;nonpositive_stress_profit
0442ef5b7be31d26,favorite_no,6,0,0.75,0.03,3,0.025,costed,158.43,-41.57,2.67,12,12,0.20785,-0.0009395343191979249,-0.0019955422446292447,nonpositive_simultaneous_lower_bound;insufficient_release_days;nonpositive_stress_profit
0442ef5b7be31d26,favorite_no,6,0,0.75,0.03,3,0.05,costed,157.61,-42.39,2.68,10,10,0.21195,-0.0009604586264539794,-0.0022890698980278226,nonpositive_simultaneous_lower_bound;insufficient_release_days;nonpositive_stress_profit
0442ef5b7be31d26,favorite_no,6,0,0.75,0.03,3,0.005,stress,192.86,-7.14,0.47,8,8,0.0357,-0.00014658398978144467,-0.00033696308282275226,
0442ef5b7be31d26,favorite_no,6,0,0.75,0.03,3,0.01,stress,185.76,-14.24,0.93,8,8,0.0712,-0.0002978300346711912,-0.000684305347482386,
0442ef5b7be31d26,favorite_no,6,0,0.75,0.03,3,0.025,stress,167.48,-32.52,2.06,8,8,0.1626,-0.0007155380056334438,-0.001641346129707488,
0442ef5b7be31d26,favorite_no,6,0,0.75,0.03,3,0.05,stress,160.51,-39.49,2.49,8,8,0.19745,-0.0008869400025117354,-0.0020587984978041253,
db9f23278b750617,favorite_no,6,0,0.75,0.03,,0.005,costed,188.7,-11.3,0.75,13,13,0.0565,-0.00023451175069972606,-0.000475076173619541,nonpositive_simultaneous_lower_bound;insufficient_release_days;nonpositive_stress_profit
db9f23278b750617,favorite_no,6,0,0.75,0.03,,0.01,costed,177.85,-22.15,1.45,13,13,0.11075,-0.0004732938231998894,-0.0009579858613114056,nonpositive_simultaneous_lower_bound;insufficient_release_days;nonpositive_stress_profit
db9f23278b750617,favorite_no,6,0,0.75,0.03,,0.025,costed,158.43,-41.57,2.67,12,12,0.20785,-0.0009395343191979249,-0.0019955422446292447,nonpositive_simultaneous_lower_bound;insufficient_release_days;nonpositive_stress_profit
db9f23278b750617,favorite_no,6,0,0.75,0.03,,0.05,costed,157.61,-42.39,2.68,10,10,0.21195,-0.0009604586264539794,-0.0022890698980278226,nonpositive_simultaneous_lower_bound;insufficient_release_days;nonpositive_stress_profit
db9f23278b750617,favorite_no,6,0,0.75,0.03,,0.005,stress,192.86,-7.14,0.47,8,8,0.0357,-0.00014658398978144467,-0.00033696308282275226,
db9f23278b750617,favorite_no,6,0,0.75,0.03,,0.01,stress,185.76,-14.24,0.93,8,8,0.0712,-0.0002978300346711912,-0.000684305347482386,
db9f23278b750617,favorite_no,6,0,0.75,0.03,,0.025,stress,167.48,-32.52,2.06,8,8,0.1626,-0.0007155380056334438,-0.001641346129707488,
db9f23278b750617,favorite_no,6,0,0.75,0.03,,0.05,stress,160.51,-39.49,2.49,8,8,0.19745,-0.0008869400025117354,-0.0020587984978041253,
b52cb5afaccf5662,favorite_no,6,0,0.75,0.08,1,0.005,costed,183.57,-16.43,1.49,25,25,0.08215,-0.00034565040486079785,-0.0006111886446455654,nonpositive_simultaneous_lower_bound;insufficient_release_days;nonpositive_stress_profit
b52cb5afaccf5662,favorite_no,6,0,0.75,0.08,1,0.01,costed,167.98,-32.02,2.79,25,25,0.1601,-0.0007035179106877239,-0.001244161158424902,nonpositive_simultaneous_lower_bound;insufficient_release_days;nonpositive_stress_profit
b52cb5afaccf5662,favorite_no,6,0,0.75,0.08,1,0.025,costed,158.42,-41.58,3.86,15,15,0.2079,-0.000939788840773803,-0.0020415807003626,nonpositive_simultaneous_lower_bound;insufficient_release_days;nonpositive_stress_profit
b52cb5afaccf5662,favorite_no,6,0,0.75,0.08,1,0.05,costed,158.82,-41.18,4.69,11,11,0.2059,-0.000929620488229725,-0.0023700319812557952,nonpositive_simultaneous_lower_bound;insufficient_release_days;nonpositive_stress_profit
b52cb5afaccf5662,favorite_no,6,0,0.75,0.08,1,0.005,stress,188.72,-11.28,0.78,16,16,0.0564,-0.00023408440100248856,-0.0004775761039892218,
b52cb5afaccf5662,favorite_no,6,0,0.75,0.08,1,0.01,stress,177.57,-22.43,1.49,16,16,0.11215,-0.00047964705313424774,-0.0009823424694558628,
b52cb5afaccf5662,favorite_no,6,0,0.75,0.08,1,0.025,stress,159.43,-40.57,2.61,13,13,0.20285,-0.0009141629521321075,-0.0020865461805894335,
b52cb5afaccf5662,favorite_no,6,0,0.75,0.08,1,0.05,stress,159.33,-40.67,2.66,9,9,0.20335,-0.0009166929171194318,-0.0024624163543443822,
e2cd9a9d6be7c3fe,favorite_no,6,0,0.75,0.08,3,0.005,costed,186.78,-13.22,1.29,25,25,0.07949337144546843,-0.00027574964865510103,-0.0007916210888433718,nonpositive_simultaneous_lower_bound;insufficient_release_days;nonpositive_stress_profit
e2cd9a9d6be7c3fe,favorite_no,6,0,0.75,0.08,3,0.01,costed,174.8,-25.2,2.45,25,25,0.15445266773085667,-0.0005430439650266198,-0.0016321578543203002,nonpositive_simultaneous_lower_bound;insufficient_release_days;nonpositive_stress_profit
e2cd9a9d6be7c3fe,favorite_no,6,0,0.75,0.08,3,0.025,costed,173.79,-26.21,3.65,16,16,0.2051317233809001,-0.0005664100514975577,-0.003094116630436938,nonpositive_simultaneous_lower_bound;insufficient_release_days;nonpositive_stress_profit
e2cd9a9d6be7c3fe,favorite_no,6,0,0.75,0.08,3,0.05,costed,192.6,-7.4,4.26,12,12,0.20390195511098252,-0.00015202365800004658,-0.0044195545732569775,nonpositive_simultaneous_lower_bound;insufficient_release_days;nonpositive_stress_profit
e2cd9a9d6be7c3fe,favorite_no,6,0,0.75,0.08,3,0.005,stress,188.61,-11.39,0.77,16,16,0.05695,-0.00023643538501998894,-0.00048472810800931853,
e2cd9a9d6be7c3fe,favorite_no,6,0,0.75,0.08,3,0.01,stress,177.41,-22.59,1.47,16,16,0.11295,-0.00048328196965919155,-0.0009951820070329153,
e2cd9a9d6be7c3fe,favorite_no,6,0,0.75,0.08,3,0.025,stress,159.92,-40.08,2.5,12,12,0.2004,-0.0009017890175640809,-0.002105921275463365,
e2cd9a9d6be7c3fe,favorite_no,6,0,0.75,0.08,3,0.05,stress,158.36,-41.64,2.58,9,9,0.2082,-0.0009413163077020433,-0.002550218491067257,
99dd8e63d176d67c,favorite_no,6,0,0.75,0.08,,0.005,costed,186.78,-13.22,1.29,25,25,0.07949337144546843,-0.00027574964865510103,-0.0007916210888433718,nonpositive_simultaneous_lower_bound;insufficient_release_days;nonpositive_stress_profit
99dd8e63d176d67c,favorite_no,6,0,0.75,0.08,,0.01,costed,174.8,-25.2,2.45,25,25,0.15445266773085667,-0.0005430439650266198,-0.0016321578543203002,nonpositive_simultaneous_lower_bound;insufficient_release_days;nonpositive_stress_profit
99dd8e63d176d67c,favorite_no,6,0,0.75,0.08,,0.025,costed,173.79,-26.21,3.65,16,16,0.2051317233809001,-0.0005664100514975577,-0.003094116630436938,nonpositive_simultaneous_lower_bound;insufficient_release_days;nonpositive_stress_profit
99dd8e63d176d67c,favorite_no,6,0,0.75,0.08,,0.05,costed,192.6,-7.4,4.26,12,12,0.20390195511098252,-0.00015202365800004658,-0.0044195545732569775,nonpositive_simultaneous_lower_bound;insufficient_release_days;nonpositive_stress_profit
99dd8e63d176d67c,favorite_no,6,0,0.75,0.08,,0.005,stress,188.61,-11.39,0.77,16,16,0.05695,-0.00023643538501998894,-0.00048472810800931853,
99dd8e63d176d67c,favorite_no,6,0,0.75,0.08,,0.01,stress,177.41,-22.59,1.47,16,16,0.11295,-0.00048328196965919155,-0.0009951820070329153,
99dd8e63d176d67c,favorite_no,6,0,0.75,0.08,,0.025,stress,159.92,-40.08,2.5,12,12,0.2004,-0.0009017890175640809,-0.002105921275463365,
99dd8e63d176d67c,favorite_no,6,0,0.75,0.08,,0.05,stress,158.36,-41.64,2.58,9,9,0.2082,-0.0009413163077020433,-0.002550218491067257,
44fdd91e8bc92ad1,favorite_no,24,0,0.9,0.03,1,0.005,costed,200.0,0.0,0.0,0,0,0.0,0.0,,nonpositive_simultaneous_lower_bound;insufficient_release_days;nonpositive_stress_profit
44fdd91e8bc92ad1,favorite_no,24,0,0.9,0.03,1,0.01,costed,200.0,0.0,0.0,0,0,0.0,0.0,,nonpositive_simultaneous_lower_bound;insufficient_release_days;nonpositive_stress_profit
44fdd91e8bc92ad1,favorite_no,24,0,0.9,0.03,1,0.025,costed,200.0,0.0,0.0,0,0,0.0,0.0,,nonpositive_simultaneous_lower_bound;insufficient_release_days;nonpositive_stress_profit
44fdd91e8bc92ad1,favorite_no,24,0,0.9,0.03,1,0.05,costed,200.0,0.0,0.0,0,0,0.0,0.0,,nonpositive_simultaneous_lower_bound;insufficient_release_days;nonpositive_stress_profit
44fdd91e8bc92ad1,favorite_no,24,0,0.9,0.03,1,0.005,stress,200.0,0.0,0.0,0,0,0.0,0.0,,
44fdd91e8bc92ad1,favorite_no,24,0,0.9,0.03,1,0.01,stress,200.0,0.0,0.0,0,0,0.0,0.0,,
44fdd91e8bc92ad1,favorite_no,24,0,0.9,0.03,1,0.025,stress,200.0,0.0,0.0,0,0,0.0,0.0,,
44fdd91e8bc92ad1,favorite_no,24,0,0.9,0.03,1,0.05,stress,200.0,0.0,0.0,0,0,0.0,0.0,,
d23a23818d2493be,favorite_no,24,0,0.9,0.03,3,0.005,costed,200.0,0.0,0.0,0,0,0.0,0.0,,nonpositive_simultaneous_lower_bound;insufficient_release_days;nonpositive_stress_profit
d23a23818d2493be,favorite_no,24,0,0.9,0.03,3,0.01,costed,200.0,0.0,0.0,0,0,0.0,0.0,,nonpositive_simultaneous_lower_bound;insufficient_release_days;nonpositive_stress_profit
d23a23818d2493be,favorite_no,24,0,0.9,0.03,3,0.025,costed,200.0,0.0,0.0,0,0,0.0,0.0,,nonpositive_simultaneous_lower_bound;insufficient_release_days;nonpositive_stress_profit
d23a23818d2493be,favorite_no,24,0,0.9,0.03,3,0.05,costed,200.0,0.0,0.0,0,0,0.0,0.0,,nonpositive_simultaneous_lower_bound;insufficient_release_days;nonpositive_stress_profit
d23a23818d2493be,favorite_no,24,0,0.9,0.03,3,0.005,stress,200.0,0.0,0.0,0,0,0.0,0.0,,
d23a23818d2493be,favorite_no,24,0,0.9,0.03,3,0.01,stress,200.0,0.0,0.0,0,0,0.0,0.0,,
d23a23818d2493be,favorite_no,24,0,0.9,0.03,3,0.025,stress,200.0,0.0,0.0,0,0,0.0,0.0,,
d23a23818d2493be,favorite_no,24,0,0.9,0.03,3,0.05,stress,200.0,0.0,0.0,0,0,0.0,0.0,,
82379c84b26601e3,favorite_no,24,0,0.9,0.03,,0.005,costed,200.0,0.0,0.0,0,0,0.0,0.0,,nonpositive_simultaneous_lower_bound;insufficient_release_days;nonpositive_stress_profit
82379c84b26601e3,favorite_no,24,0,0.9,0.03,,0.01,costed,200.0,0.0,0.0,0,0,0.0,0.0,,nonpositive_simultaneous_lower_bound;insufficient_release_days;nonpositive_stress_profit
82379c84b26601e3,favorite_no,24,0,0.9,0.03,,0.025,costed,200.0,0.0,0.0,0,0,0.0,0.0,,nonpositive_simultaneous_lower_bound;insufficient_release_days;nonpositive_stress_profit
82379c84b26601e3,favorite_no,24,0,0.9,0.03,,0.05,costed,200.0,0.0,0.0,0,0,0.0,0.0,,nonpositive_simultaneous_lower_bound;insufficient_release_days;nonpositive_stress_profit
82379c84b26601e3,favorite_no,24,0,0.9,0.03,,0.005,stress,200.0,0.0,0.0,0,0,0.0,0.0,,
82379c84b26601e3,favorite_no,24,0,0.9,0.03,,0.01,stress,200.0,0.0,0.0,0,0,0.0,0.0,,
82379c84b26601e3,favorite_no,24,0,0.9,0.03,,0.025,stress,200.0,0.0,0.0,0,0,0.0,0.0,,
82379c84b26601e3,favorite_no,24,0,0.9,0.03,,0.05,stress,200.0,0.0,0.0,0,0,0.0,0.0,,
559eae42b213611a,favorite_no,24,0,0.9,0.08,1,0.005,costed,200.0,0.0,0.0,0,0,0.0,0.0,,nonpositive_simultaneous_lower_bound;insufficient_release_days;nonpositive_stress_profit
559eae42b213611a,favorite_no,24,0,0.9,0.08,1,0.01,costed,200.0,0.0,0.0,0,0,0.0,0.0,,nonpositive_simultaneous_lower_bound;insufficient_release_days;nonpositive_stress_profit
559eae42b213611a,favorite_no,24,0,0.9,0.08,1,0.025,costed,200.0,0.0,0.0,0,0,0.0,0.0,,nonpositive_simultaneous_lower_bound;insufficient_release_days;nonpositive_stress_profit
559eae42b213611a,favorite_no,24,0,0.9,0.08,1,0.05,costed,200.0,0.0,0.0,0,0,0.0,0.0,,nonpositive_simultaneous_lower_bound;insufficient_release_days;nonpositive_stress_profit
559eae42b213611a,favorite_no,24,0,0.9,0.08,1,0.005,stress,200.0,0.0,0.0,0,0,0.0,0.0,,
559eae42b213611a,favorite_no,24,0,0.9,0.08,1,0.01,stress,200.0,0.0,0.0,0,0,0.0,0.0,,
559eae42b213611a,favorite_no,24,0,0.9,0.08,1,0.025,stress,200.0,0.0,0.0,0,0,0.0,0.0,,
559eae42b213611a,favorite_no,24,0,0.9,0.08,1,0.05,stress,200.0,0.0,0.0,0,0,0.0,0.0,,
8780921d01993687,favorite_no,24,0,0.9,0.08,3,0.005,costed,200.0,0.0,0.0,0,0,0.0,0.0,,nonpositive_simultaneous_lower_bound;insufficient_release_days;nonpositive_stress_profit
8780921d01993687,favorite_no,24,0,0.9,0.08,3,0.01,costed,200.0,0.0,0.0,0,0,0.0,0.0,,nonpositive_simultaneous_lower_bound;insufficient_release_days;nonpositive_stress_profit
8780921d01993687,favorite_no,24,0,0.9,0.08,3,0.025,costed,200.0,0.0,0.0,0,0,0.0,0.0,,nonpositive_simultaneous_lower_bound;insufficient_release_days;nonpositive_stress_profit
8780921d01993687,favorite_no,24,0,0.9,0.08,3,0.05,costed,200.0,0.0,0.0,0,0,0.0,0.0,,nonpositive_simultaneous_lower_bound;insufficient_release_days;nonpositive_stress_profit
8780921d01993687,favorite_no,24,0,0.9,0.08,3,0.005,stress,200.0,0.0,0.0,0,0,0.0,0.0,,
8780921d01993687,favorite_no,24,0,0.9,0.08,3,0.01,stress,200.0,0.0,0.0,0,0,0.0,0.0,,
8780921d01993687,favorite_no,24,0,0.9,0.08,3,0.025,stress,200.0,0.0,0.0,0,0,0.0,0.0,,
8780921d01993687,favorite_no,24,0,0.9,0.08,3,0.05,stress,200.0,0.0,0.0,0,0,0.0,0.0,,
52024d1165340e49,favorite_no,24,0,0.9,0.08,,0.005,costed,200.0,0.0,0.0,0,0,0.0,0.0,,nonpositive_simultaneous_lower_bound;insufficient_release_days;nonpositive_stress_profit
52024d1165340e49,favorite_no,24,0,0.9,0.08,,0.01,costed,200.0,0.0,0.0,0,0,0.0,0.0,,nonpositive_simultaneous_lower_bound;insufficient_release_days;nonpositive_stress_profit
52024d1165340e49,favorite_no,24,0,0.9,0.08,,0.025,costed,200.0,0.0,0.0,0,0,0.0,0.0,,nonpositive_simultaneous_lower_bound;insufficient_release_days;nonpositive_stress_profit
52024d1165340e49,favorite_no,24,0,0.9,0.08,,0.05,costed,200.0,0.0,0.0,0,0,0.0,0.0,,nonpositive_simultaneous_lower_bound;insufficient_release_days;nonpositive_stress_profit
52024d1165340e49,favorite_no,24,0,0.9,0.08,,0.005,stress,200.0,0.0,0.0,0,0,0.0,0.0,,
52024d1165340e49,favorite_no,24,0,0.9,0.08,,0.01,stress,200.0,0.0,0.0,0,0,0.0,0.0,,
52024d1165340e49,favorite_no,24,0,0.9,0.08,,0.025,stress,200.0,0.0,0.0,0,0,0.0,0.0,,
52024d1165340e49,favorite_no,24,0,0.9,0.08,,0.05,stress,200.0,0.0,0.0,0,0,0.0,0.0,,
0248d103cc4d7306,favorite_no,18,0,0.9,0.03,1,0.005,costed,198.37,-1.63,0.15,2,2,0.00815,-3.2997551645239724e-05,-0.00012324284446867668,nonpositive_simultaneous_lower_bound;insufficient_release_days;nonpositive_stress_profit
0248d103cc4d7306,favorite_no,18,0,0.9,0.03,1,0.01,costed,196.64,-3.36,0.29,2,2,0.0168,-6.831742229964541e-05,-0.00025613647108553675,nonpositive_simultaneous_lower_bound;insufficient_release_days;nonpositive_stress_profit
0248d103cc4d7306,favorite_no,18,0,0.9,0.03,1,0.025,costed,191.69,-8.31,0.69,2,2,0.04155,-0.00017112049474986974,-0.0006408829017392559,nonpositive_simultaneous_lower_bound;insufficient_release_days;nonpositive_stress_profit
0248d103cc4d7306,favorite_no,18,0,0.9,0.03,1,0.05,costed,183.34,-16.66,1.37,2,2,0.0833,-0.0003507057016709967,-0.0013136414570728092,nonpositive_simultaneous_lower_bound;insufficient_release_days;nonpositive_stress_profit
0248d103cc4d7306,favorite_no,18,0,0.9,0.03,1,0.005,stress,198.54,-1.46,0.13,2,2,0.0073,-2.9543449138955243e-05,-0.00010942942352479718,
0248d103cc4d7306,favorite_no,18,0,0.9,0.03,1,0.01,stress,196.98,-3.02,0.26,2,2,0.0151,-6.135147502613058e-05,-0.00022749153292104862,
0248d103cc4d7306,favorite_no,18,0,0.9,0.03,1,0.025,stress,192.24,-7.76,0.64,2,2,0.0388,-0.00015956764161219027,-0.0005918598884680887,
0248d103cc4d7306,favorite_no,18,0,0.9,0.03,1,0.05,stress,184.64,-15.36,1.26,2,2,0.0768,-0.00032221525495283016,-0.0011952416686841307,
7f8588f1b6769e1a,favorite_no,18,0,0.9,0.03,3,0.005,costed,198.47,-1.53,0.15,2,2,0.00765,-3.0965368322054265e-05,-0.0001168795440851011,nonpositive_simultaneous_lower_bound;insufficient_release_days;nonpositive_stress_profit
7f8588f1b6769e1a,favorite_no,18,0,0.9,0.03,3,0.01,costed,196.83,-3.17,0.3,2,2,0.01585,-6.44232037223421e-05,-0.0002442900466279616,nonpositive_simultaneous_lower_bound;insufficient_release_days;nonpositive_stress_profit
7f8588f1b6769e1a,favorite_no,18,0,0.9,0.03,3,0.025,costed,192.16,-7.84,0.72,2,2,0.0392,-0.00016124600087243226,-0.0006105619893157848,nonpositive_simultaneous_lower_bound;insufficient_release_days;nonpositive_stress_profit
7f8588f1b6769e1a,favorite_no,18,0,0.9,0.03,3,0.05,costed,184.27,-15.73,1.43,2,2,0.07865,-0.0003303036016180127,-0.0012510716987031154,nonpositive_simultaneous_lower_bound;insufficient_release_days;nonpositive_stress_profit
7f8588f1b6769e1a,favorite_no,18,0,0.9,0.03,3,0.005,stress,198.45,-1.55,0.13,2,2,0.00775,-3.1371723060331805e-05,-0.00011625217854360072,
7f8588f1b6769e1a,favorite_no,18,0,0.9,0.03,3,0.01,stress,196.81,-3.19,0.25,2,2,0.01595,-6.483294440601096e-05,-0.00024015651495837655,
7f8588f1b6769e1a,favorite_no,18,0,0.9,0.03,3,0.025,stress,191.81,-8.19,0.61,2,2,0.04095,-0.00016859704763887113,-0.0006245979998639641,
7f8588f1b6769e1a,favorite_no,18,0,0.9,0.03,3,0.05,stress,183.8,-16.2,1.2,2,2,0.081,-0.00034060143800987886,-0.0012618561534382508,
417b6c9fd63c7403,favorite_no,18,0,0.9,0.03,,0.005,costed,198.1,-1.9,0.12,2,2,0.0095,-3.8489567917465364e-05,-0.0001417311603851298,nonpositive_simultaneous_lower_bound;insufficient_release_days;nonpositive_stress_profit
417b6c9fd63c7403,favorite_no,18,0,0.9,0.03,,0.01,costed,196.09,-3.91,0.24,2,2,0.01955,-7.961140740569079e-05,-0.0002932486050616959,nonpositive_simultaneous_lower_bound;insufficient_release_days;nonpositive_stress_profit
417b6c9fd63c7403,favorite_no,18,0,0.9,0.03,,0.025,costed,190.3,-9.7,0.58,2,2,0.0485,-0.00020046609776585802,-0.0007384657398975048,nonpositive_simultaneous_lower_bound;insufficient_release_days;nonpositive_stress_profit
417b6c9fd63c7403,favorite_no,18,0,0.9,0.03,,0.05,costed,180.58,-19.42,1.16,2,2,0.0971,-0.0004118688454383211,-0.001517323828058317,nonpositive_simultaneous_lower_bound;insufficient_release_days;nonpositive_stress_profit
417b6c9fd63c7403,favorite_no,18,0,0.9,0.03,,0.005,stress,198.29,-1.71,0.11,2,2,0.00855,-3.4624036037591604e-05,-0.00012818972667168077,
417b6c9fd63c7403,favorite_no,18,0,0.9,0.03,,0.01,stress,196.48,-3.52,0.22,2,2,0.0176,-7.159968382765748e-05,-0.0002644951216827854,
417b6c9fd63c7403,favorite_no,18,0,0.9,0.03,,0.025,stress,190.96,-9.04,0.54,2,2,0.0452,-0.00018650558273170147,-0.0006890895472677783,
417b6c9fd63c7403,favorite_no,18,0,0.9,0.03,,0.05,stress,182.13,-17.87,1.07,2,2,0.08935,-0.0003774058416838078,-0.0013945795105256289,
f8f731cde2b46d82,favorite_no,18,0,0.9,0.08,1,0.005,costed,197.64,-2.36,0.22,3,3,0.0118,-4.786359907454587e-05,-0.00015328745913228818,nonpositive_simultaneous_lower_bound;insufficient_release_days;nonpositive_stress_profit
f8f731cde2b46d82,favorite_no,18,0,0.9,0.08,1,0.01,costed,195.25,-4.75,0.41,3,3,0.02375,-9.692168479129564e-05,-0.00031023254399427434,nonpositive_simultaneous_lower_bound;insufficient_release_days;nonpositive_stress_profit
f8f731cde2b46d82,favorite_no,18,0,0.9,0.08,1,0.025,costed,188.07,-11.93,1.0,3,3,0.05965,-0.00024799650239536267,-0.0007953299537306736,nonpositive_simultaneous_lower_bound;insufficient_release_days;nonpositive_stress_profit
f8f731cde2b46d82,favorite_no,18,0,0.9,0.08,1,0.05,costed,177.43,-22.57,1.85,3,3,0.11285,-0.00048282742585705087,-0.0015574156262622256,nonpositive_simultaneous_lower_bound;insufficient_release_days;nonpositive_stress_profit
f8f731cde2b46d82,favorite_no,18,0,0.9,0.08,1,0.005,stress,196.61,-3.39,0.32,5,5,0.01695,-6.893264285740812e-05,-0.00020953910375676936,
f8f731cde2b46d82,favorite_no,18,0,0.9,0.08,1,0.01,stress,193.05,-6.95,0.64,5,5,0.03475,-0.00014261348321690032,-0.00043342121148792897,
f8f731cde2b46d82,favorite_no,18,0,0.9,0.08,1,0.025,stress,182.78,-17.22,1.52,5,5,0.0861,-0.000363040817354763,-0.0011059951222305781,
f8f731cde2b46d82,favorite_no,18,0,0.9,0.08,1,0.05,stress,166.86,-33.14,2.88,5,5,0.1657,-0.0007304928591697914,-0.002229574719355328,
6f694683d3785c22,favorite_no,18,0,0.9,0.08,3,0.005,costed,197.74,-2.26,0.22,3,3,0.0113,-4.582391160907155e-05,-0.0001476375824978755,nonpositive_simultaneous_lower_bound;insufficient_release_days;nonpositive_stress_profit
6f694683d3785c22,favorite_no,18,0,0.9,0.08,3,0.01,costed,195.44,-4.56,0.42,3,3,0.0228,-9.299975644577259e-05,-0.0002994155983818505,nonpositive_simultaneous_lower_bound;insufficient_release_days;nonpositive_stress_profit
6f694683d3785c22,favorite_no,18,0,0.9,0.08,3,0.025,costed,188.52,-11.48,1.04,3,3,0.0574,-0.00023835993746978485,-0.0007691506114379232,nonpositive_simultaneous_lower_bound;insufficient_release_days;nonpositive_stress_profit
6f694683d3785c22,favorite_no,18,0,0.9,0.08,3,0.05,costed,178.32,-21.68,1.91,3,3,0.1084,-0.00046265192528396453,-0.0015012391378492608,nonpositive_simultaneous_lower_bound;insufficient_release_days;nonpositive_stress_profit
6f694683d3785c22,favorite_no,18,0,0.9,0.08,3,0.005,stress,196.08,-3.92,0.28,5,5,0.0196,-7.981704567814325e-05,-0.0002348217705467652,
6f694683d3785c22,favorite_no,18,0,0.9,0.08,3,0.01,stress,191.95,-8.05,0.55,5,5,0.04025,-0.00016565502056947571,-0.0004876203253114702,
6f694683d3785c22,favorite_no,18,0,0.9,0.08,3,0.025,stress,180.11,-19.89,1.31,5,5,0.09945,-0.00042237738386722017,-0.0012448563796149548,
6f694683d3785c22,favorite_no,18,0,0.9,0.08,3,0.05,stress,161.92,-38.08,2.48,5,5,0.1904,-0.0008516733082618391,-0.0025155510192083922,
00963ad2e57966b2,favorite_no,18,0,0.9,0.08,,0.005,costed,197.27,-2.73,0.18,3,3,0.01365,-5.541942658169053e-05,-0.00017546458434233674,nonpositive_simultaneous_lower_bound;insufficient_release_days;nonpositive_stress_profit
00963ad2e57966b2,favorite_no,18,0,0.9,0.08,,0.01,costed,194.49,-5.51,0.34,3,3,0.02755,-0.0001126476560202535,-0.0003565081054795283,nonpositive_simultaneous_lower_bound;insufficient_release_days;nonpositive_stress_profit
00963ad2e57966b2,favorite_no,18,0,0.9,0.08,,0.025,costed,186.17,-13.83,0.85,3,3,0.06915,-0.0002889400474364153,-0.0009149100086792506,nonpositive_simultaneous_lower_bound;insufficient_release_days;nonpositive_stress_profit
00963ad2e57966b2,favorite_no,18,0,0.9,0.08,,0.05,costed,173.85,-26.15,1.58,3,3,0.13075,-0.0005650181777990572,-0.0017988179955267054,nonpositive_simultaneous_lower_bound;insufficient_release_days;nonpositive_stress_profit
00963ad2e57966b2,favorite_no,18,0,0.9,0.08,,0.005,stress,195.92,-4.08,0.26,5,5,0.0204,-8.310868509727546e-05,-0.00024221735052886592,
00963ad2e57966b2,favorite_no,18,0,0.9,0.08,,0.01,stress,191.62,-8.38,0.52,5,5,0.0419,-0.0001725932351826987,-0.0005030150799484553,
00963ad2e57966b2,favorite_no,18,0,0.9,0.08,,0.025,stress,179.31,-20.69,1.25,5,5,0.10345,-0.0004403274800151786,-0.0012845100603537192,
00963ad2e57966b2,favorite_no,18,0,0.9,0.08,,0.05,stress,160.45,-39.55,2.37,5,5,0.19775,-0.0008884475765813343,-0.0025969747347449855,
7e4b3e81b3fcbbf2,favorite_no,12,0,0.9,0.03,1,0.005,costed,192.75,-7.25,0.72,12,12,0.03625,-0.00014888449235724927,-0.00030780151096263854,nonpositive_simultaneous_lower_bound;insufficient_release_days;nonpositive_stress_profit
7e4b3e81b3fcbbf2,favorite_no,12,0,0.9,0.03,1,0.01,costed,185.77,-14.23,1.34,12,12,0.07115,-0.0002976129723577579,-0.0006157159968523764,nonpositive_simultaneous_lower_bound;insufficient_release_days;nonpositive_stress_profit
7e4b3e81b3fcbbf2,favorite_no,12,0,0.9,0.03,1,0.025,costed,166.19,-33.81,3.08,12,12,0.16905,-0.0007467163484217937,-0.0015455539098074356,nonpositive_simultaneous_lower_bound;insufficient_release_days;nonpositive_stress_profit
7e4b3e81b3fcbbf2,favorite_no,12,0,0.9,0.03,1,0.05,costed,155.3,-44.7,4.34,9,9,0.2235,-0.0010199945015862725,-0.0024101469929762006,nonpositive_simultaneous_lower_bound;insufficient_release_days;nonpositive_stress_profit
7e4b3e81b3fcbbf2,favorite_no,12,0,0.9,0.03,1,0.005,stress,192.8,-7.2,0.56,10,10,0.036,-0.0001478386466596435,-0.0003413660103194586,
7e4b3e81b3fcbbf2,favorite_no,12,0,0.9,0.03,1,0.01,stress,185.67,-14.33,1.09,10,10,0.07165,-0.0002997841214865185,-0.0006906411965943657,
7e4b3e81b3fcbbf2,favorite_no,12,0,0.9,0.03,1,0.025,stress,165.37,-34.63,2.55,10,10,0.17315,-0.0007666612051852093,-0.0017677567231034132,
7e4b3e81b3fcbbf2,favorite_no,12,0,0.9,0.03,1,0.05,stress,156.56,-43.44,3.41,7,7,0.2172,-0.0009874114655653871,-0.0026208786938186355,
13ab1e6bb76d7de2,favorite_no,12,0,0.9,0.03,3,0.005,costed,191.45,-8.55,0.59,12,12,0.04275,-0.00017617213155134305,-0.0003528753507801884,nonpositive_simultaneous_lower_bound;insufficient_release_days;nonpositive_stress_profit
13ab1e6bb76d7de2,favorite_no,12,0,0.9,0.03,3,0.01,costed,183.22,-16.78,1.09,12,12,0.0839,-0.0003533457659716702,-0.0007076020924621741,nonpositive_simultaneous_lower_bound;insufficient_release_days;nonpositive_stress_profit
13ab1e6bb76d7de2,favorite_no,12,0,0.9,0.03,3,0.025,costed,160.22,-39.78,2.51,12,12,0.1989,-0.0008942318377462323,-0.001793309688619293,nonpositive_simultaneous_lower_bound;insufficient_release_days;nonpositive_stress_profit
13ab1e6bb76d7de2,favorite_no,12,0,0.9,0.03,3,0.05,costed,155.38,-44.62,2.75,7,7,0.2231,-0.0010179178912329118,-0.002576598578470749,nonpositive_simultaneous_lower_bound;insufficient_release_days;nonpositive_stress_profit
13ab1e6bb76d7de2,favorite_no,12,0,0.9,0.03,3,0.005,stress,192.21,-7.79,0.51,10,10,0.03895,-0.00016019694447175995,-0.00037232053214988176,
13ab1e6bb76d7de2,favorite_no,12,0,0.9,0.03,3,0.01,stress,184.49,-15.51,0.99,10,10,0.07755,-0.00032549235918694563,-0.0007551954338528611,
13ab1e6bb76d7de2,favorite_no,12,0,0.9,0.03,3,0.025,stress,162.76,-37.24,2.31,10,10,0.1862,-0.0008308090460264018,-0.001927662497345196,
13ab1e6bb76d7de2,favorite_no,12,0,0.9,0.03,3,0.05,stress,156.76,-43.24,2.63,6,6,0.2162,-0.0009822636823250243,-0.0027276295375609134,
ebc01050e2d79595,favorite_no,12,0,0.9,0.03,,0.005,costed,191.45,-8.55,0.59,12,12,0.04275,-0.00017617213155134305,-0.0003528753507801884,nonpositive_simultaneous_lower_bound;insufficient_release_days;nonpositive_stress_profit
ebc01050e2d79595,favorite_no,12,0,0.9,0.03,,0.01,costed,183.22,-16.78,1.09,12,12,0.0839,-0.0003533457659716702,-0.0007076020924621741,nonpositive_simultaneous_lower_bound;insufficient_release_days;nonpositive_stress_profit
ebc01050e2d79595,favorite_no,12,0,0.9,0.03,,0.025,costed,160.22,-39.78,2.51,12,12,0.1989,-0.0008942318377462323,-0.001793309688619293,nonpositive_simultaneous_lower_bound;insufficient_release_days;nonpositive_stress_profit
ebc01050e2d79595,favorite_no,12,0,0.9,0.03,,0.05,costed,155.38,-44.62,2.75,7,7,0.2231,-0.0010179178912329118,-0.002576598578470749,nonpositive_simultaneous_lower_bound;insufficient_release_days;nonpositive_stress_profit
ebc01050e2d79595,favorite_no,12,0,0.9,0.03,,0.005,stress,192.21,-7.79,0.51,10,10,0.03895,-0.00016019694447175995,-0.00037232053214988176,
ebc01050e2d79595,favorite_no,12,0,0.9,0.03,,0.01,stress,184.49,-15.51,0.99,10,10,0.07755,-0.00032549235918694563,-0.0007551954338528611,
ebc01050e2d79595,favorite_no,12,0,0.9,0.03,,0.025,stress,162.76,-37.24,2.31,10,10,0.1862,-0.0008308090460264018,-0.001927662497345196,
ebc01050e2d79595,favorite_no,12,0,0.9,0.03,,0.05,stress,156.76,-43.24,2.63,6,6,0.2162,-0.0009822636823250243,-0.0027276295375609134,
7b100634e914ed60,favorite_no,12,0,0.9,0.08,1,0.005,costed,176.05,-23.95,2.24,43,41,0.11975,-0.0005143117780119962,-0.0008211527344959334,nonpositive_simultaneous_lower_bound;insufficient_release_days;nonpositive_stress_profit
7b100634e914ed60,favorite_no,12,0,0.9,0.08,1,0.01,costed,159.62,-40.38,3.48,36,34,0.2019,-0.0009093603875007022,-0.0015733429115553856,nonpositive_simultaneous_lower_bound;insufficient_release_days;nonpositive_stress_profit
7b100634e914ed60,favorite_no,12,0,0.9,0.08,1,0.025,costed,158.67,-41.33,3.58,14,13,0.20665,-0.0009334306161372517,-0.002377061218527805,nonpositive_simultaneous_lower_bound;insufficient_release_days;nonpositive_stress_profit
7b100634e914ed60,favorite_no,12,0,0.9,0.08,1,0.05,costed,157.14,-42.86,4.15,9,8,0.2143,-0.000972500962904682,-0.002823606763927174,nonpositive_simultaneous_lower_bound;insufficient_release_days;nonpositive_stress_profit
7b100634e914ed60,favorite_no,12,0,0.9,0.08,1,0.005,stress,178.33,-21.67,1.61,36,33,0.10835,-0.0004624258067887698,-0.0007701297412645238,
7b100634e914ed60,favorite_no,12,0,0.9,0.08,1,0.01,stress,159.12,-40.88,2.86,35,32,0.2044,-0.0009220110161383863,-0.0015542368678120467,
7b100634e914ed60,favorite_no,12,0,0.9,0.08,1,0.025,stress,157.48,-42.52,3.22,14,12,0.2126,-0.0009637858890020173,-0.0023111540033412385,
7b100634e914ed60,favorite_no,12,0,0.9,0.08,1,0.05,stress,157.43,-42.57,2.55,6,6,0.21285,-0.0009650663367802387,-0.00277520551057328,
ca638ad628ad17c1,favorite_no,12,0,0.9,0.08,3,0.005,costed,173.43,-26.57,1.86,43,41,0.13285,-0.0005747713983288,-0.0009151691264206877,nonpositive_simultaneous_lower_bound;insufficient_release_days;nonpositive_stress_profit
ca638ad628ad17c1,favorite_no,12,0,0.9,0.08,3,0.01,costed,159.17,-40.83,2.68,32,30,0.20415,-0.0009207441657511048,-0.0016783979882323441,nonpositive_simultaneous_lower_bound;insufficient_release_days;nonpositive_stress_profit
ca638ad628ad17c1,favorite_no,12,0,0.9,0.08,3,0.025,costed,159.38,-40.62,2.6,12,11,0.2031,-0.0009154277362033647,-0.002470444331994408,nonpositive_simultaneous_lower_bound;insufficient_release_days;nonpositive_stress_profit
ca638ad628ad17c1,favorite_no,12,0,0.9,0.08,3,0.05,costed,158.52,-41.48,2.63,7,6,0.2074,-0.000937244347684687,-0.002939976676447314,nonpositive_simultaneous_lower_bound;insufficient_release_days;nonpositive_stress_profit
ca638ad628ad17c1,favorite_no,12,0,0.9,0.08,3,0.005,stress,177.36,-22.64,1.52,36,34,0.1132,-0.0004844185533870196,-0.0008250741088273166,
ca638ad628ad17c1,favorite_no,12,0,0.9,0.08,3,0.01,stress,159.33,-40.67,2.57,33,31,0.20335,-0.0009166929171194327,-0.0016199681711317644,
ca638ad628ad17c1,favorite_no,12,0,0.9,0.08,3,0.025,stress,156.72,-43.28,2.65,13,12,0.2164,-0.0009832927133538371,-0.002370389313203683,
ca638ad628ad17c1,favorite_no,12,0,0.9,0.08,3,0.05,stress,157.43,-42.57,2.55,6,6,0.21285,-0.0009650663367802387,-0.00277520551057328,
89f5db9e4e8f28cf,favorite_no,12,0,0.9,0.08,,0.005,costed,173.31,-26.69,1.84,43,40,0.13345,-0.000577562371317553,-0.0009234747599069022,nonpositive_simultaneous_lower_bound;insufficient_release_days;nonpositive_stress_profit
89f5db9e4e8f28cf,favorite_no,12,0,0.9,0.08,,0.01,costed,159.82,-40.18,2.59,31,28,0.2009,-0.0009043112282327413,-0.0016817726281237104,nonpositive_simultaneous_lower_bound;insufficient_release_days;nonpositive_stress_profit
89f5db9e4e8f28cf,favorite_no,12,0,0.9,0.08,,0.025,costed,158.85,-41.15,2.54,12,10,0.20575,-0.0009288588944859333,-0.0025255993266681074,nonpositive_simultaneous_lower_bound;insufficient_release_days;nonpositive_stress_profit
89f5db9e4e8f28cf,favorite_no,12,0,0.9,0.08,,0.05,costed,157.87,-42.13,2.58,7,6,0.21065,-0.0009538123266306496,-0.0029574531562160437,nonpositive_simultaneous_lower_bound;insufficient_release_days;nonpositive_stress_profit
89f5db9e4e8f28cf,favorite_no,12,0,0.9,0.08,,0.005,stress,177.36,-22.64,1.52,36,34,0.1132,-0.0004844185533870196,-0.0008250741088273166,
89f5db9e4e8f28cf,favorite_no,12,0,0.9,0.08,,0.01,stress,159.33,-40.67,2.57,33,31,0.20335,-0.0009166929171194327,-0.0016199681711317644,
89f5db9e4e8f28cf,favorite_no,12,0,0.9,0.08,,0.025,stress,156.72,-43.28,2.65,13,12,0.2164,-0.0009832927133538371,-0.002370389313203683,
89f5db9e4e8f28cf,favorite_no,12,0,0.9,0.08,,0.05,stress,157.43,-42.57,2.55,6,6,0.21285,-0.0009650663367802387,-0.00277520551057328,
19743f1f62c5af3e,favorite_no,6,0,0.9,0.03,1,0.005,costed,189.94,-10.06,0.74,12,12,0.0503,-0.00020810134569850905,-0.0004290554190059227,nonpositive_simultaneous_lower_bound;insufficient_release_days;nonpositive_stress_profit
19743f1f62c5af3e,favorite_no,6,0,0.9,0.03,1,0.01,costed,180.17,-19.83,1.4,12,12,0.09915,-0.0004210343424210806,-0.0008681346523827429,nonpositive_simultaneous_lower_bound;insufficient_release_days;nonpositive_stress_profit
19743f1f62c5af3e,favorite_no,6,0,0.9,0.03,1,0.025,costed,160.0,-40.0,2.81,12,12,0.2,-0.000899772384331491,-0.0018639780944964082,nonpositive_simultaneous_lower_bound;insufficient_release_days;nonpositive_stress_profit
19743f1f62c5af3e,favorite_no,6,0,0.9,0.03,1,0.05,costed,156.96,-43.04,3.04,12,12,0.2152,-0.0009771224626249342,-0.0020467911212043582,nonpositive_simultaneous_lower_bound;insufficient_release_days;nonpositive_stress_profit
19743f1f62c5af3e,favorite_no,6,0,0.9,0.03,1,0.005,stress,192.86,-7.14,0.47,8,8,0.0357,-0.00014658398978144467,-0.00033696308282275226,
19743f1f62c5af3e,favorite_no,6,0,0.9,0.03,1,0.01,stress,185.76,-14.24,0.93,8,8,0.0712,-0.0002978300346711912,-0.000684305347482386,
19743f1f62c5af3e,favorite_no,6,0,0.9,0.03,1,0.025,stress,167.48,-32.52,2.06,8,8,0.1626,-0.0007155380056334438,-0.001641346129707488,
19743f1f62c5af3e,favorite_no,6,0,0.9,0.03,1,0.05,stress,160.51,-39.49,2.49,8,8,0.19745,-0.0008869400025117354,-0.0020587984978041253,
ea4eb8709fc305cc,favorite_no,6,0,0.9,0.03,3,0.005,costed,189.63,-10.37,0.7,12,12,0.05185,-0.00021468774756338533,-0.00044392971157575104,nonpositive_simultaneous_lower_bound;insufficient_release_days;nonpositive_stress_profit
ea4eb8709fc305cc,favorite_no,6,0,0.9,0.03,3,0.01,costed,179.55,-20.45,1.34,12,12,0.10225,-0.0004349340559513909,-0.0008993193947823047,nonpositive_simultaneous_lower_bound;insufficient_release_days;nonpositive_stress_profit
ea4eb8709fc305cc,favorite_no,6,0,0.9,0.03,3,0.025,costed,158.58,-41.42,2.69,12,12,0.2071,-0.0009357184221926764,-0.001955087201455786,nonpositive_simultaneous_lower_bound;insufficient_release_days;nonpositive_stress_profit
ea4eb8709fc305cc,favorite_no,6,0,0.9,0.03,3,0.05,costed,155.1,-44.9,2.9,12,12,0.2245,-0.001025190711151385,-0.0021750997574287436,nonpositive_simultaneous_lower_bound;insufficient_release_days;nonpositive_stress_profit
ea4eb8709fc305cc,favorite_no,6,0,0.9,0.03,3,0.005,stress,192.86,-7.14,0.47,8,8,0.0357,-0.00014658398978144467,-0.00033696308282275226,
ea4eb8709fc305cc,favorite_no,6,0,0.9,0.03,3,0.01,stress,185.76,-14.24,0.93,8,8,0.0712,-0.0002978300346711912,-0.000684305347482386,
ea4eb8709fc305cc,favorite_no,6,0,0.9,0.03,3,0.025,stress,167.48,-32.52,2.06,8,8,0.1626,-0.0007155380056334438,-0.001641346129707488,
ea4eb8709fc305cc,favorite_no,6,0,0.9,0.03,3,0.05,stress,160.51,-39.49,2.49,8,8,0.19745,-0.0008869400025117354,-0.0020587984978041253,
8b97689380fe9b9b,favorite_no,6,0,0.9,0.03,,0.005,costed,189.63,-10.37,0.7,12,12,0.05185,-0.00021468774756338533,-0.00044392971157575104,nonpositive_simultaneous_lower_bound;insufficient_release_days;nonpositive_stress_profit
8b97689380fe9b9b,favorite_no,6,0,0.9,0.03,,0.01,costed,179.55,-20.45,1.34,12,12,0.10225,-0.0004349340559513909,-0.0008993193947823047,nonpositive_simultaneous_lower_bound;insufficient_release_days;nonpositive_stress_profit
8b97689380fe9b9b,favorite_no,6,0,0.9,0.03,,0.025,costed,158.58,-41.42,2.69,12,12,0.2071,-0.0009357184221926764,-0.001955087201455786,nonpositive_simultaneous_lower_bound;insufficient_release_days;nonpositive_stress_profit
8b97689380fe9b9b,favorite_no,6,0,0.9,0.03,,0.05,costed,155.1,-44.9,2.9,12,12,0.2245,-0.001025190711151385,-0.0021750997574287436,nonpositive_simultaneous_lower_bound;insufficient_release_days;nonpositive_stress_profit
8b97689380fe9b9b,favorite_no,6,0,0.9,0.03,,0.005,stress,192.86,-7.14,0.47,8,8,0.0357,-0.00014658398978144467,-0.00033696308282275226,
8b97689380fe9b9b,favorite_no,6,0,0.9,0.03,,0.01,stress,185.76,-14.24,0.93,8,8,0.0712,-0.0002978300346711912,-0.000684305347482386,
8b97689380fe9b9b,favorite_no,6,0,0.9,0.03,,0.025,stress,167.48,-32.52,2.06,8,8,0.1626,-0.0007155380056334438,-0.001641346129707488,
8b97689380fe9b9b,favorite_no,6,0,0.9,0.03,,0.05,stress,160.51,-39.49,2.49,8,8,0.19745,-0.0008869400025117354,-0.0020587984978041253,
3554bd16e1c75753,favorite_no,6,0,0.9,0.08,1,0.005,costed,185.11,-14.89,1.07,19,19,0.07445,-0.0003119642079695283,-0.0005717079642317898,nonpositive_simultaneous_lower_bound;insufficient_release_days;nonpositive_stress_profit
3554bd16e1c75753,favorite_no,6,0,0.9,0.08,1,0.01,costed,170.88,-29.12,2.04,19,19,0.1456,-0.0006344992370008321,-0.0011592428092675193,nonpositive_simultaneous_lower_bound;insufficient_release_days;nonpositive_stress_profit
3554bd16e1c75753,favorite_no,6,0,0.9,0.08,1,0.025,costed,159.61,-40.39,2.75,12,12,0.20195,-0.0009096130115063295,-0.0020361840088999866,nonpositive_simultaneous_lower_bound;insufficient_release_days;nonpositive_stress_profit
3554bd16e1c75753,favorite_no,6,0,0.9,0.08,1,0.05,costed,159.32,-40.68,2.83,9,9,0.2034,-0.0009169460009459403,-0.002247868721755334,nonpositive_simultaneous_lower_bound;insufficient_release_days;nonpositive_stress_profit
3554bd16e1c75753,favorite_no,6,0,0.9,0.08,1,0.005,stress,190.66,-9.34,0.63,12,12,0.0467,-0.0001928452801717931,-0.0003974291215616075,
3554bd16e1c75753,favorite_no,6,0,0.9,0.08,1,0.01,stress,181.56,-18.44,1.21,12,12,0.0922,-0.0003900451167732732,-0.0008054728915493753,
3554bd16e1c75753,favorite_no,6,0,0.9,0.08,1,0.025,stress,157.85,-42.15,2.65,12,12,0.21075,-0.0009543231917098224,-0.0019630903646011104,
3554bd16e1c75753,favorite_no,6,0,0.9,0.08,1,0.05,stress,155.84,-44.16,2.77,9,9,0.2208,-0.0010059980913460153,-0.002344122813943675,
e3c535ade875d660,favorite_no,6,0,0.9,0.08,3,0.005,costed,184.71,-15.29,1.02,19,19,0.07645,-0.0003206868506322914,-0.000587518101054203,nonpositive_simultaneous_lower_bound;insufficient_release_days;nonpositive_stress_profit
e3c535ade875d660,favorite_no,6,0,0.9,0.08,3,0.01,costed,170.12,-29.88,1.96,19,19,0.1494,-0.0006524729683975966,-0.0011920691133556947,nonpositive_simultaneous_lower_bound;insufficient_release_days;nonpositive_stress_profit
e3c535ade875d660,favorite_no,6,0,0.9,0.08,3,0.025,costed,158.45,-41.55,2.65,12,12,0.20775,-0.0009390253242383348,-0.0021054680150781003,nonpositive_simultaneous_lower_bound;insufficient_release_days;nonpositive_stress_profit
e3c535ade875d660,favorite_no,6,0,0.9,0.08,3,0.05,costed,157.6,-42.4,2.68,9,9,0.212,-0.000960714472275234,-0.002363946705071207,nonpositive_simultaneous_lower_bound;insufficient_release_days;nonpositive_stress_profit
e3c535ade875d660,favorite_no,6,0,0.9,0.08,3,0.005,stress,190.66,-9.34,0.63,12,12,0.0467,-0.0001928452801717931,-0.0003974291215616075,
e3c535ade875d660,favorite_no,6,0,0.9,0.08,3,0.01,stress,181.56,-18.44,1.21,12,12,0.0922,-0.0003900451167732732,-0.0008054728915493753,
e3c535ade875d660,favorite_no,6,0,0.9,0.08,3,0.025,stress,157.85,-42.15,2.65,12,12,0.21075,-0.0009543231917098224,-0.0019630903646011104,
e3c535ade875d660,favorite_no,6,0,0.9,0.08,3,0.05,stress,155.84,-44.16,2.77,9,9,0.2208,-0.0010059980913460153,-0.002344122813943675,
d1c1c13372916bbf,favorite_no,6,0,0.9,0.08,,0.005,costed,184.71,-15.29,1.02,19,19,0.07645,-0.0003206868506322914,-0.000587518101054203,nonpositive_simultaneous_lower_bound;insufficient_release_days;nonpositive_stress_profit
d1c1c13372916bbf,favorite_no,6,0,0.9,0.08,,0.01,costed,170.12,-29.88,1.96,19,19,0.1494,-0.0006524729683975966,-0.0011920691133556947,nonpositive_simultaneous_lower_bound;insufficient_release_days;nonpositive_stress_profit
d1c1c13372916bbf,favorite_no,6,0,0.9,0.08,,0.025,costed,158.45,-41.55,2.65,12,12,0.20775,-0.0009390253242383348,-0.0021054680150781003,nonpositive_simultaneous_lower_bound;insufficient_release_days;nonpositive_stress_profit
d1c1c13372916bbf,favorite_no,6,0,0.9,0.08,,0.05,costed,157.6,-42.4,2.68,9,9,0.212,-0.000960714472275234,-0.002363946705071207,nonpositive_simultaneous_lower_bound;insufficient_release_days;nonpositive_stress_profit
d1c1c13372916bbf,favorite_no,6,0,0.9,0.08,,0.005,stress,190.66,-9.34,0.63,12,12,0.0467,-0.0001928452801717931,-0.0003974291215616075,
d1c1c13372916bbf,favorite_no,6,0,0.9,0.08,,0.01,stress,181.56,-18.44,1.21,12,12,0.0922,-0.0003900451167732732,-0.0008054728915493753,
d1c1c13372916bbf,favorite_no,6,0,0.9,0.08,,0.025,stress,157.85,-42.15,2.65,12,12,0.21075,-0.0009543231917098224,-0.0019630903646011104,
d1c1c13372916bbf,favorite_no,6,0,0.9,0.08,,0.05,stress,155.84,-44.16,2.77,9,9,0.2208,-0.0010059980913460153,-0.002344122813943675,
e0f9d6baea4e8001,longshot_yes,24,0,0.1,0.03,1,0.005,costed,169.11,-30.89,7.9,109,53,0.20283774865654755,-0.0006764837733324321,-0.0030561073426909843,nonpositive_simultaneous_lower_bound;insufficient_release_days;nonpositive_stress_profit
e0f9d6baea4e8001,longshot_yes,24,0,0.1,0.03,1,0.01,costed,177.11,-22.89,10.35,76,36,0.2053214878628797,-0.0004901062825786119,-0.004811368866549293,nonpositive_simultaneous_lower_bound;insufficient_release_days;nonpositive_stress_profit
e0f9d6baea4e8001,longshot_yes,24,0,0.1,0.03,1,0.025,costed,154.81,-45.19,5.83,18,8,0.22595,-0.0010327371290147682,-0.004225643612263346,nonpositive_simultaneous_lower_bound;insufficient_release_days;nonpositive_stress_profit
e0f9d6baea4e8001,longshot_yes,24,0,0.1,0.03,1,0.05,costed,158.55,-41.45,4.75,10,6,0.20725,-0.0009364813127567754,-0.003995231932078414,nonpositive_simultaneous_lower_bound;insufficient_release_days;nonpositive_stress_profit
e0f9d6baea4e8001,longshot_yes,24,0,0.1,0.03,1,0.005,stress,164.15,-35.85,6.23,101,57,0.20261342660060236,-0.0007965190427436894,-0.002820473668903674,
e0f9d6baea4e8001,longshot_yes,24,0,0.1,0.03,1,0.01,stress,165.14,-34.86,8.67,73,43,0.21537511284268543,-0.0007722732562852984,-0.004484758122120643,
e0f9d6baea4e8001,longshot_yes,24,0,0.1,0.03,1,0.025,stress,158.86,-41.14,3.65,13,7,0.2057,-0.0009286050618671399,-0.0034991754786316558,
e0f9d6baea4e8001,longshot_yes,24,0,0.1,0.03,1,0.05,stress,149.76,-50.24,4.9,11,6,0.2512,-0.0011664651363659472,-0.004280962373457719,
5d12db1e0c69932c,longshot_yes,24,0,0.1,0.03,3,0.005,costed,170.5,-29.5,7.85,125,62,0.20005630102280192,-0.000643476088001879,-0.003177383650445071,nonpositive_simultaneous_lower_bound;nonpositive_stress_profit
5d12db1e0c69932c,longshot_yes,24,0,0.1,0.03,3,0.01,costed,185.6,-14.4,3.42,29,12,0.207,-0.00030130462175780823,-0.003525436080457746,nonpositive_simultaneous_lower_bound;insufficient_release_days;nonpositive_stress_profit
5d12db1e0c69932c,longshot_yes,24,0,0.1,0.03,3,0.025,costed,150.3,-49.7,3.8,16,7,0.2485,-0.0011519518943109183,-0.004672684307159676,nonpositive_simultaneous_lower_bound;insufficient_release_days;nonpositive_stress_profit
5d12db1e0c69932c,longshot_yes,24,0,0.1,0.03,3,0.05,costed,159.73,-40.27,3.52,8,4,0.20135,-0.0009065825675248846,-0.0039771343429691915,nonpositive_simultaneous_lower_bound;insufficient_release_days;nonpositive_stress_profit
5d12db1e0c69932c,longshot_yes,24,0,0.1,0.03,3,0.005,stress,164.12,-35.88,6.17,113,68,0.20430524580626394,-0.0007972560442502072,-0.002942143076538545,
5d12db1e0c69932c,longshot_yes,24,0,0.1,0.03,3,0.01,stress,167.17,-32.83,7.74,74,44,0.20235709514266628,-0.0007230084993286188,-0.004484018142934654,
5d12db1e0c69932c,longshot_yes,24,0,0.1,0.03,3,0.025,stress,154.97,-45.03,2.79,12,8,0.22515,-0.001028571841729004,-0.0038613407383728893,
5d12db1e0c69932c,longshot_yes,24,0,0.1,0.03,3,0.05,stress,155.76,-44.24,2.71,7,6,0.2212,-0.0010080685705003726,-0.003940092336867014,
101a6eb760951e09,longshot_yes,24,0,0.1,0.03,,0.005,costed,186.64,-13.36,7.96,132,65,0.20932005930946834,-0.000278773140463154,-0.0036385310100003542,nonpositive_simultaneous_lower_bound;nonpositive_stress_profit
101a6eb760951e09,longshot_yes,24,0,0.1,0.03,,0.01,costed,158.01,-41.99,2.7,25,11,0.20995,-0.0009502380821960842,-0.00368977378838782,nonpositive_simultaneous_lower_bound;insufficient_release_days;nonpositive_stress_profit
101a6eb760951e09,longshot_yes,24,0,0.1,0.03,,0.025,costed,150.85,-49.15,3.04,14,8,0.24575,-0.0011372233908990587,-0.004661211431807506,nonpositive_simultaneous_lower_bound;insufficient_release_days;nonpositive_stress_profit
101a6eb760951e09,longshot_yes,24,0,0.1,0.03,,0.05,costed,159.86,-40.14,2.44,7,4,0.2007,-0.0009033021546377567,-0.00391587457760784,nonpositive_simultaneous_lower_bound;insufficient_release_days;nonpositive_stress_profit
101a6eb760951e09,longshot_yes,24,0,0.1,0.03,,0.005,stress,163.24,-36.76,6.54,122,73,0.2079573022804464,-0.000818934903267869,-0.002998995082442774,
101a6eb760951e09,longshot_yes,24,0,0.1,0.03,,0.01,stress,167.0,-33.0,7.7,74,45,0.2019115890083632,-0.0007271111053680717,-0.004496730928427315,
101a6eb760951e09,longshot_yes,24,0,0.1,0.03,,0.025,stress,154.97,-45.03,2.79,12,8,0.22515,-0.001028571841729004,-0.0038613407383728893,
101a6eb760951e09,longshot_yes,24,0,0.1,0.03,,0.05,stress,155.76,-44.24,2.71,7,6,0.2212,-0.0010080685705003726,-0.003940092336867014,
8d6382aab76a7b39,longshot_yes,24,0,0.1,0.08,1,0.005,costed,158.25,-41.75,7.26,110,35,0.20875,-0.0009441181674344813,-0.002737730997945641,nonpositive_simultaneous_lower_bound;insufficient_release_days;nonpositive_stress_profit
8d6382aab76a7b39,longshot_yes,24,0,0.1,0.08,1,0.01,costed,159.52,-40.48,4.95,36,11,0.2024,-0.000911887340058502,-0.0036028490242100055,nonpositive_simultaneous_lower_bound;insufficient_release_days;nonpositive_stress_profit
8d6382aab76a7b39,longshot_yes,24,0,0.1,0.08,1,0.025,costed,159.83,-40.17,4.86,18,6,0.20085,-0.0009040589361591712,-0.003970013990782864,nonpositive_simultaneous_lower_bound;insufficient_release_days;nonpositive_stress_profit
8d6382aab76a7b39,longshot_yes,24,0,0.1,0.08,1,0.05,costed,151.64,-48.36,4.54,12,5,0.2418,-0.0011161615963705752,-0.004935272707734205,nonpositive_simultaneous_lower_bound;insufficient_release_days;nonpositive_stress_profit
8d6382aab76a7b39,longshot_yes,24,0,0.1,0.08,1,0.005,stress,158.27,-41.73,7.62,132,56,0.20865,-0.0009436085935598604,-0.003069494106882389,
8d6382aab76a7b39,longshot_yes,24,0,0.1,0.08,1,0.01,stress,173.05,-26.95,5.56,52,20,0.20525,-0.0005836161147850145,-0.0031529485455518997,
8d6382aab76a7b39,longshot_yes,24,0,0.1,0.08,1,0.025,stress,159.45,-40.55,3.77,14,7,0.20275,-0.0009136571495643958,-0.0038130140257819894,
8d6382aab76a7b39,longshot_yes,24,0,0.1,0.08,1,0.05,stress,152.62,-47.38,4.65,9,5,0.2369,-0.0010901862688973776,-0.0048260111584855995,
f29be59d78b0d6e9,longshot_yes,24,0,0.1,0.08,3,0.005,costed,169.98,-30.02,10.33,176,59,0.2125451681645511,-0.0006557926753127279,-0.004195025591847113,nonpositive_simultaneous_lower_bound;insufficient_release_days;nonpositive_stress_profit
f29be59d78b0d6e9,longshot_yes,24,0,0.1,0.08,3,0.01,costed,151.97,-48.03,3.59,33,9,0.24015,-0.0011073961032359797,-0.0044709388516690814,nonpositive_simultaneous_lower_bound;insufficient_release_days;nonpositive_stress_profit
f29be59d78b0d6e9,longshot_yes,24,0,0.1,0.08,3,0.025,costed,155.24,-44.76,3.4,15,6,0.2238,-0.001021552661481174,-0.004470885353710863,nonpositive_simultaneous_lower_bound;insufficient_release_days;nonpositive_stress_profit
f29be59d78b0d6e9,longshot_yes,24,0,0.1,0.08,3,0.05,costed,151.3,-48.7,3.7,12,6,0.2435,-0.0011252126844908319,-0.004887264272666007,nonpositive_simultaneous_lower_bound;insufficient_release_days;nonpositive_stress_profit
f29be59d78b0d6e9,longshot_yes,24,0,0.1,0.08,3,0.005,stress,157.74,-42.26,7.72,156,66,0.2113,-0.0009571341071701304,-0.00327072699576299,
f29be59d78b0d6e9,longshot_yes,24,0,0.1,0.08,3,0.01,stress,181.74,-18.26,2.75,29,12,0.2088,-0.00038604948500336995,-0.0032357930884487724,
f29be59d78b0d6e9,longshot_yes,24,0,0.1,0.08,3,0.025,stress,157.67,-42.33,2.6,14,8,0.21165,-0.0009589238923332506,-0.003960894422180738,
f29be59d78b0d6e9,longshot_yes,24,0,0.1,0.08,3,0.05,stress,159.15,-40.85,2.51,9,6,0.20425,-0.0009212508581448989,-0.003935061599922584,
184bbe58b341de48,longshot_yes,24,0,0.1,0.08,,0.005,costed,171.07,-28.93,9.71,179,60,0.21267488954344624,-0.0006300182946928881,-0.004220552712855543,nonpositive_simultaneous_lower_bound;nonpositive_stress_profit
184bbe58b341de48,longshot_yes,24,0,0.1,0.08,,0.01,costed,149.4,-50.6,3.19,33,9,0.253,-0.0011761697332633866,-0.0047240032922348,nonpositive_simultaneous_lower_bound;insufficient_release_days;nonpositive_stress_profit
184bbe58b341de48,longshot_yes,24,0,0.1,0.08,,0.025,costed,149.62,-50.38,3.11,17,7,0.2519,-0.0011702363713862014,-0.004943156352962837,nonpositive_simultaneous_lower_bound;insufficient_release_days;nonpositive_stress_profit
184bbe58b341de48,longshot_yes,24,0,0.1,0.08,,0.05,costed,153.57,-46.43,2.84,10,6,0.23215,-0.0010651648282678833,-0.00458626762483247,nonpositive_simultaneous_lower_bound;insufficient_release_days;nonpositive_stress_profit
184bbe58b341de48,longshot_yes,24,0,0.1,0.08,,0.005,stress,158.89,-41.11,7.9,162,69,0.20555,-0.0009278436598700031,-0.0032779465353902646,
184bbe58b341de48,longshot_yes,24,0,0.1,0.08,,0.01,stress,181.74,-18.26,2.75,29,12,0.2088,-0.00038604948500336995,-0.0032357930884487724,
184bbe58b341de48,longshot_yes,24,0,0.1,0.08,,0.025,stress,157.67,-42.33,2.6,14,8,0.21165,-0.0009589238923332506,-0.003960894422180738,
184bbe58b341de48,longshot_yes,24,0,0.1,0.08,,0.05,stress,159.15,-40.85,2.51,9,6,0.20425,-0.0009212508581448989,-0.003935061599922584,
7a54823161be5b60,longshot_yes,18,0,0.1,0.03,1,0.005,costed,159.96,-40.04,5.54,77,60,0.2002,-0.0009007805748766898,-0.001750111020555279,nonpositive_simultaneous_lower_bound;nonpositive_stress_profit
7a54823161be5b60,longshot_yes,18,0,0.1,0.03,1,0.01,costed,158.49,-41.51,5.11,37,32,0.20755,-0.0009380075270310591,-0.002174480525034409,nonpositive_simultaneous_lower_bound;insufficient_release_days;nonpositive_stress_profit
7a54823161be5b60,longshot_yes,18,0,0.1,0.03,1,0.025,costed,158.95,-41.05,4.56,14,14,0.20525,-0.0009263212870613913,-0.0024696798813919982,nonpositive_simultaneous_lower_bound;insufficient_release_days;nonpositive_stress_profit
7a54823161be5b60,longshot_yes,18,0,0.1,0.03,1,0.05,costed,155.9,-44.1,4.46,9,9,0.2205,-0.0010044459293722015,-0.0031847043644217627,nonpositive_simultaneous_lower_bound;insufficient_release_days;nonpositive_stress_profit
7a54823161be5b60,longshot_yes,18,0,0.1,0.03,1,0.005,stress,159.67,-40.33,3.6,63,45,0.20165,-0.0009080975048243005,-0.0018576790005907125,
7a54823161be5b60,longshot_yes,18,0,0.1,0.03,1,0.01,stress,159.9,-40.1,3.13,30,26,0.2005,-0.0009022933335005169,-0.0020780415413528047,
7a54823161be5b60,longshot_yes,18,0,0.1,0.03,1,0.025,stress,155.31,-44.69,3.39,13,13,0.22345,-0.0010197348667988586,-0.0025175816490289166,
7a54823161be5b60,longshot_yes,18,0,0.1,0.03,1,0.05,stress,155.17,-44.83,3.07,8,8,0.22415,-0.0010233712760187265,-0.0029692036557252034,
3b35e1a6836c8dff,longshot_yes,18,0,0.1,0.03,3,0.005,costed,159.71,-40.29,4.6,70,48,0.20145,-0.0009070874833863639,-0.0018513219589537735,nonpositive_simultaneous_lower_bound;insufficient_release_days;nonpositive_stress_profit
3b35e1a6836c8dff,longshot_yes,18,0,0.1,0.03,3,0.01,costed,159.13,-40.87,4.65,36,27,0.20435,-0.0009217576142175165,-0.0021156759610670116,nonpositive_simultaneous_lower_bound;insufficient_release_days;nonpositive_stress_profit
3b35e1a6836c8dff,longshot_yes,18,0,0.1,0.03,3,0.025,costed,159.19,-40.81,4.63,14,13,0.20405,-0.0009202375370201296,-0.0023253624568641603,nonpositive_simultaneous_lower_bound;insufficient_release_days;nonpositive_stress_profit
3b35e1a6836c8dff,longshot_yes,18,0,0.1,0.03,3,0.05,costed,153.02,-46.98,5.79,11,10,0.2349,-0.0010796319949368186,-0.0029306090049805483,nonpositive_simultaneous_lower_bound;insufficient_release_days;nonpositive_stress_profit
3b35e1a6836c8dff,longshot_yes,18,0,0.1,0.03,3,0.005,stress,159.95,-40.05,4.35,75,55,0.20025,-0.0009010326619052829,-0.001856175144192609,
3b35e1a6836c8dff,longshot_yes,18,0,0.1,0.03,3,0.01,stress,158.77,-41.23,4.39,42,32,0.20615,-0.0009308901308815191,-0.0024570137540869588,
3b35e1a6836c8dff,longshot_yes,18,0,0.1,0.03,3,0.025,stress,159.94,-40.06,2.88,11,11,0.2003,-0.0009012847646947295,-0.002322508827513835,
3b35e1a6836c8dff,longshot_yes,18,0,0.1,0.03,3,0.05,stress,156.77,-43.23,3.19,8,8,0.21615,-0.0009820064655951483,-0.0028612998603043706,
a64a9f512a083fe2,longshot_yes,18,0,0.1,0.03,,0.005,costed,158.43,-41.57,3.97,77,58,0.20785,-0.0009395343191979246,-0.001978358319312377,nonpositive_simultaneous_lower_bound;insufficient_release_days;nonpositive_stress_profit
a64a9f512a083fe2,longshot_yes,18,0,0.1,0.03,,0.01,costed,159.53,-40.47,2.57,25,24,0.20235,-0.0009116345735287512,-0.002076125814232573,nonpositive_simultaneous_lower_bound;insufficient_release_days;nonpositive_stress_profit
a64a9f512a083fe2,longshot_yes,18,0,0.1,0.03,,0.025,costed,159.36,-40.64,2.54,10,10,0.2032,-0.0009159337609344706,-0.0026378778724250643,nonpositive_simultaneous_lower_bound;insufficient_release_days;nonpositive_stress_profit
a64a9f512a083fe2,longshot_yes,18,0,0.1,0.03,,0.05,costed,153.72,-46.28,2.83,7,7,0.2314,-0.0010612282292394896,-0.00352857345284714,nonpositive_simultaneous_lower_bound;insufficient_release_days;nonpositive_stress_profit
a64a9f512a083fe2,longshot_yes,18,0,0.1,0.03,,0.005,stress,159.16,-40.84,3.22,65,50,0.2042,-0.0009209975039891483,-0.0019979732911799314,
a64a9f512a083fe2,longshot_yes,18,0,0.1,0.03,,0.01,stress,157.81,-42.19,3.63,39,32,0.21095,-0.000955345116080626,-0.002460236670634915,
a64a9f512a083fe2,longshot_yes,18,0,0.1,0.03,,0.025,stress,157.75,-42.25,2.67,11,11,0.21125,-0.0009568784884141692,-0.0024153446477459925,
a64a9f512a083fe2,longshot_yes,18,0,0.1,0.03,,0.05,stress,159.56,-40.44,2.52,7,7,0.2022,-0.0009108763689952852,-0.002619175756444406,
fb4c94ad6a9df61d,longshot_yes,18,0,0.1,0.08,1,0.005,costed,159.75,-40.25,6.22,96,68,0.20125,-0.0009060777148806145,-0.0018349289527596988,nonpositive_simultaneous_lower_bound;nonpositive_stress_profit
fb4c94ad6a9df61d,longshot_yes,18,0,0.1,0.08,1,0.01,costed,159.3,-40.7,4.58,37,33,0.2035,-0.0009174522162582006,-0.002043104701490475,nonpositive_simultaneous_lower_bound;insufficient_release_days;nonpositive_stress_profit
fb4c94ad6a9df61d,longshot_yes,18,0,0.1,0.08,1,0.025,costed,157.55,-42.45,3.9,14,13,0.21225,-0.0009619939449385204,-0.0030144369481491006,nonpositive_simultaneous_lower_bound;insufficient_release_days;nonpositive_stress_profit
fb4c94ad6a9df61d,longshot_yes,18,0,0.1,0.08,1,0.05,costed,154.79,-45.21,4.2,9,8,0.22605,-0.0010332580925897206,-0.0035393399373243985,nonpositive_simultaneous_lower_bound;insufficient_release_days;nonpositive_stress_profit
fb4c94ad6a9df61d,longshot_yes,18,0,0.1,0.08,1,0.005,stress,159.3,-40.7,4.69,84,55,0.2035,-0.0009174522162582001,-0.001863919743543542,
fb4c94ad6a9df61d,longshot_yes,18,0,0.1,0.08,1,0.01,stress,158.86,-41.14,3.43,34,26,0.2057,-0.0009286050618671385,-0.002108047934338211,
fb4c94ad6a9df61d,longshot_yes,18,0,0.1,0.08,1,0.025,stress,158.53,-41.47,3.09,13,9,0.20735,-0.0009369899866649213,-0.0027930737995246393,
fb4c94ad6a9df61d,longshot_yes,18,0,0.1,0.08,1,0.05,stress,154.48,-45.52,3.81,10,7,0.2276,-0.0010413416468862012,-0.0031135604557789762,
2d3f649c7685c687,longshot_yes,18,0,0.1,0.08,3,0.005,costed,158.58,-41.42,4.97,80,53,0.2071,-0.0009357184221926789,-0.0018788043773879115,nonpositive_simultaneous_lower_bound;insufficient_release_days;nonpositive_stress_profit
2d3f649c7685c687,longshot_yes,18,0,0.1,0.08,3,0.01,costed,158.66,-41.34,3.55,33,27,0.2067,-0.0009336847527184652,-0.002073360615281059,nonpositive_simultaneous_lower_bound;insufficient_release_days;nonpositive_stress_profit
2d3f649c7685c687,longshot_yes,18,0,0.1,0.08,3,0.025,costed,157.78,-42.22,3.83,14,12,0.2111,-0.0009561117293592468,-0.002979138218077936,nonpositive_simultaneous_lower_bound;insufficient_release_days;nonpositive_stress_profit
2d3f649c7685c687,longshot_yes,18,0,0.1,0.08,3,0.05,costed,156.24,-43.76,3.4,8,6,0.2188,-0.0009956616128210197,-0.0032842646199220263,nonpositive_simultaneous_lower_bound;insufficient_release_days;nonpositive_stress_profit
2d3f649c7685c687,longshot_yes,18,0,0.1,0.08,3,0.005,stress,159.92,-40.08,4.89,88,61,0.2004,-0.0009017890175640793,-0.0019323401640848029,
2d3f649c7685c687,longshot_yes,18,0,0.1,0.08,3,0.01,stress,158.78,-41.22,3.27,34,27,0.2061,-0.0009306361703672151,-0.002086718008327984,
2d3f649c7685c687,longshot_yes,18,0,0.1,0.08,3,0.025,stress,157.44,-42.56,3.02,13,9,0.2128,-0.0009648102146939249,-0.0028834397556059066,
2d3f649c7685c687,longshot_yes,18,0,0.1,0.08,3,0.05,stress,158.95,-41.05,3.28,9,6,0.20525,-0.0009263212870613907,-0.0030179342610833623,
a4fe96408c3f3e2a,longshot_yes,18,0,0.1,0.08,,0.005,costed,159.28,-40.72,5.33,113,77,0.2036,-0.00091795849512942,-0.0022311241164835733,nonpositive_simultaneous_lower_bound;nonpositive_stress_profit
a4fe96408c3f3e2a,longshot_yes,18,0,0.1,0.08,,0.01,costed,158.66,-41.34,2.62,29,26,0.2067,-0.0009336847527184665,-0.0021440004149915863,nonpositive_simultaneous_lower_bound;insufficient_release_days;nonpositive_stress_profit
a4fe96408c3f3e2a,longshot_yes,18,0,0.1,0.08,,0.025,costed,158.78,-41.22,2.53,11,9,0.2061,-0.0009306361703672149,-0.0030629636551360905,nonpositive_simultaneous_lower_bound;insufficient_release_days;nonpositive_stress_profit
a4fe96408c3f3e2a,longshot_yes,18,0,0.1,0.08,,0.05,costed,151.71,-48.29,2.94,8,6,0.24145,-0.0011143006564033682,-0.00362231525225178,nonpositive_simultaneous_lower_bound;insufficient_release_days;nonpositive_stress_profit
a4fe96408c3f3e2a,longshot_yes,18,0,0.1,0.08,,0.005,stress,159.75,-40.25,4.38,97,69,0.20125,-0.000906077714880616,-0.001971470836132791,
a4fe96408c3f3e2a,longshot_yes,18,0,0.1,0.08,,0.01,stress,159.49,-40.51,2.59,30,26,0.20255,-0.0009126457347313459,-0.002060894797319932,
a4fe96408c3f3e2a,longshot_yes,18,0,0.1,0.08,,0.025,stress,155.25,-44.75,2.81,13,9,0.22375,-0.0010212929263485827,-0.0030388812933634917,
a4fe96408c3f3e2a,longshot_yes,18,0,0.1,0.08,,0.05,stress,158.61,-41.39,2.56,8,5,0.20695,-0.000934955675937775,-0.0032080913302913955,
e7cbf9c731946d7f,longshot_yes,12,0,0.1,0.03,1,0.005,costed,160.38,-39.62,5.07,85,55,0.20733455246379676,-0.0008902071256820717,-0.0019705196970818,nonpositive_simultaneous_lower_bound;insufficient_release_days;nonpositive_stress_profit
e7cbf9c731946d7f,longshot_yes,12,0,0.1,0.03,1,0.01,costed,163.7,-36.3,4.83,42,30,0.20029311187103077,-0.0008075882345602726,-0.0021255950799302986,nonpositive_simultaneous_lower_bound;insufficient_release_days;nonpositive_stress_profit
e7cbf9c731946d7f,longshot_yes,12,0,0.1,0.03,1,0.025,costed,154.98,-45.02,3.69,18,10,0.2251,-0.0010283116540815828,-0.0034947474664589664,nonpositive_simultaneous_lower_bound;insufficient_release_days;nonpositive_stress_profit
e7cbf9c731946d7f,longshot_yes,12,0,0.1,0.03,1,0.05,costed,158.6,-41.4,2.98,10,7,0.207,-0.0009352099086584238,-0.0032847188877322027,nonpositive_simultaneous_lower_bound;insufficient_release_days;nonpositive_stress_profit
e7cbf9c731946d7f,longshot_yes,12,0,0.1,0.03,1,0.005,stress,159.7,-40.3,3.64,74,56,0.2015,-0.0009073399650285071,-0.0016962401045119352,
e7cbf9c731946d7f,longshot_yes,12,0,0.1,0.03,1,0.01,stress,159.19,-40.81,3.74,39,31,0.20405,-0.00092023753702013,-0.002068929468890433,
e7cbf9c731946d7f,longshot_yes,12,0,0.1,0.03,1,0.025,stress,159.16,-40.84,4.03,16,12,0.2042,-0.0009209975039891485,-0.0031562937744350553,
e7cbf9c731946d7f,longshot_yes,12,0,0.1,0.03,1,0.05,stress,159.23,-40.77,5.2,13,9,0.21024699930562443,-0.0009192244704826692,-0.0037317926957803945,
e19e638bf8f00ae4,longshot_yes,12,0,0.1,0.03,3,0.005,costed,159.67,-40.33,5.04,95,56,0.20165,-0.0009080975048243029,-0.002366419081472817,nonpositive_simultaneous_lower_bound;insufficient_release_days;nonpositive_stress_profit
e19e638bf8f00ae4,longshot_yes,12,0,0.1,0.03,3,0.01,costed,158.77,-41.23,4.95,52,31,0.20615,-0.0009308901308815184,-0.002934210042212478,nonpositive_simultaneous_lower_bound;insufficient_release_days;nonpositive_stress_profit
e19e638bf8f00ae4,longshot_yes,12,0,0.1,0.03,3,0.025,costed,159.44,-40.56,2.59,15,7,0.2028,-0.0009139100429173284,-0.0031334832395901566,nonpositive_simultaneous_lower_bound;insufficient_release_days;nonpositive_stress_profit
e19e638bf8f00ae4,longshot_yes,12,0,0.1,0.03,3,0.05,costed,156.54,-43.46,2.73,10,6,0.2173,-0.0009879266055296157,-0.0034418453261964854,nonpositive_simultaneous_lower_bound;insufficient_release_days
e19e638bf8f00ae4,longshot_yes,12,0,0.1,0.03,3,0.005,stress,163.73,-36.27,4.81,101,75,0.20248416950803702,-0.0008068493423251447,-0.002138756719119137,
e19e638bf8f00ae4,longshot_yes,12,0,0.1,0.03,3,0.01,stress,167.2,-32.8,3.63,38,28,0.20592705167173253,-0.0007222849431348205,-0.0021704145476636573,
e19e638bf8f00ae4,longshot_yes,12,0,0.1,0.03,3,0.025,stress,181.54,-18.46,3.83,16,12,0.2005812673389405,-0.0003904893203611104,-0.003319436095166091,
e19e638bf8f00ae4,longshot_yes,12,0,0.1,0.03,3,0.05,stress,204.36,4.36,4.79,14,10,0.20336802713132968,8.69587819135497e-05,-0.004607030698471099,
5eae6b874935f340,longshot_yes,12,0,0.1,0.03,,0.005,costed,160.7,-39.3,4.93,106,62,0.20449482698876292,-0.000882169733082942,-0.0031277478728355596,nonpositive_simultaneous_lower_bound;nonpositive_stress_profit
5eae6b874935f340,longshot_yes,12,0,0.1,0.03,,0.01,costed,162.43,-37.57,6.73,77,48,0.204476442354785,-0.0008389928500674701,-0.00479767887218322,nonpositive_simultaneous_lower_bound;insufficient_release_days;nonpositive_stress_profit
5eae6b874935f340,longshot_yes,12,0,0.1,0.03,,0.025,costed,159.44,-40.56,2.59,15,7,0.2028,-0.0009139100429173284,-0.0031334832395901566,nonpositive_simultaneous_lower_bound;insufficient_release_days;nonpositive_stress_profit
5eae6b874935f340,longshot_yes,12,0,0.1,0.03,,0.05,costed,156.54,-43.46,2.73,10,6,0.2173,-0.0009879266055296157,-0.0034418453261964854,nonpositive_simultaneous_lower_bound;insufficient_release_days
5eae6b874935f340,longshot_yes,12,0,0.1,0.03,,0.005,stress,164.72,-35.28,4.81,105,81,0.2,-0.0007825415476955748,-0.002257341644788852,
5eae6b874935f340,longshot_yes,12,0,0.1,0.03,,0.01,stress,168.72,-31.28,4.21,48,40,0.20324896108802418,-0.000685793670877087,-0.002658245886344564,
5eae6b874935f340,longshot_yes,12,0,0.1,0.03,,0.025,stress,183.7,-16.3,3.61,16,13,0.2018248968064306,-0.0003427958642215993,-0.003424626715310375,
5eae6b874935f340,longshot_yes,12,0,0.1,0.03,,0.05,stress,205.88,5.88,4.7,15,12,0.21590433027383174,0.00011683914611498769,-0.004994508586639888,
028ef874306f039a,longshot_yes,12,0,0.1,0.08,1,0.005,costed,159.01,-40.99,4.5,90,44,0.20495,-0.0009247994888053682,-0.0020722377734537145,nonpositive_simultaneous_lower_bound;insufficient_release_days;nonpositive_stress_profit
028ef874306f039a,longshot_yes,12,0,0.1,0.08,1,0.01,costed,157.95,-42.05,3.73,44,24,0.21025,-0.0009517695133062202,-0.002689015736815464,nonpositive_simultaneous_lower_bound;insufficient_release_days;nonpositive_stress_profit
028ef874306f039a,longshot_yes,12,0,0.1,0.08,1,0.025,costed,157.27,-42.73,3.28,20,11,0.21365,-0.0009691665042153326,-0.0035680766517767887,nonpositive_simultaneous_lower_bound;insufficient_release_days;nonpositive_stress_profit
028ef874306f039a,longshot_yes,12,0,0.1,0.08,1,0.05,costed,159.7,-40.3,3.52,11,7,0.2015,-0.0009073399650285081,-0.003788172466518333,nonpositive_simultaneous_lower_bound;insufficient_release_days;nonpositive_stress_profit
028ef874306f039a,longshot_yes,12,0,0.1,0.08,1,0.005,stress,159.99,-40.01,3.53,75,46,0.20005,-0.0009000244083363544,-0.0019106565040369436,
028ef874306f039a,longshot_yes,12,0,0.1,0.08,1,0.01,stress,158.87,-41.13,3.7,41,25,0.20565,-0.0009283512452262267,-0.0023327069514787408,
028ef874306f039a,longshot_yes,12,0,0.1,0.08,1,0.025,stress,159.71,-40.29,3.84,18,12,0.20145,-0.0009070874833863673,-0.0032329294647467977,
028ef874306f039a,longshot_yes,12,0,0.1,0.08,1,0.05,stress,152.1,-47.9,5.46,16,12,0.2456105545084813,-0.0011039482551725383,-0.0040354638107422125,
83398360cfa862d4,longshot_yes,12,0,0.1,0.08,3,0.005,costed,158.57,-41.43,5.35,111,57,0.20715,-0.0009359727030103239,-0.0022637285330650543,nonpositive_simultaneous_lower_bound;insufficient_release_days;nonpositive_stress_profit
83398360cfa862d4,longshot_yes,12,0,0.1,0.08,3,0.01,costed,158.55,-41.45,2.8,38,20,0.20725,-0.000936481312756776,-0.0028051281879159047,nonpositive_simultaneous_lower_bound;insufficient_release_days;nonpositive_stress_profit
83398360cfa862d4,longshot_yes,12,0,0.1,0.08,3,0.025,costed,158.96,-41.04,2.61,18,8,0.2052,-0.0009260676141309487,-0.0035836018306432795,nonpositive_simultaneous_lower_bound;insufficient_release_days;nonpositive_stress_profit
83398360cfa862d4,longshot_yes,12,0,0.1,0.08,3,0.05,costed,154.16,-45.84,2.86,11,7,0.2292,-0.0010497029937174421,-0.004244834094527394,nonpositive_simultaneous_lower_bound;insufficient_release_days
83398360cfa862d4,longshot_yes,12,0,0.1,0.08,3,0.005,stress,163.57,-36.43,3.24,73,43,0.20326351680467608,-0.0008107916664419457,-0.0019101590014870056,
83398360cfa862d4,longshot_yes,12,0,0.1,0.08,3,0.01,stress,166.82,-33.18,3.47,40,24,0.20773176291793313,-0.0007314595957039152,-0.0023129199700936947,
83398360cfa862d4,longshot_yes,12,0,0.1,0.08,3,0.025,stress,177.94,-22.06,3.98,19,12,0.2164340129464089,-0.00047125383762667476,-0.003428373376319097,
83398360cfa862d4,longshot_yes,12,0,0.1,0.08,3,0.05,stress,203.78,3.78,4.78,13,9,0.2056289712704167,7.549844354073557e-05,-0.004095559307567695,
931d4312f5c0dd8b,longshot_yes,12,0,0.1,0.08,,0.005,costed,159.25,-40.75,7.53,175,84,0.20830226199353716,-0.000918718032644207,-0.0031792896979786446,nonpositive_simultaneous_lower_bound;nonpositive_stress_profit
931d4312f5c0dd8b,longshot_yes,12,0,0.1,0.08,,0.01,costed,158.11,-41.89,2.76,38,20,0.20945,-0.0009476869888144485,-0.0028405989269244462,nonpositive_simultaneous_lower_bound;insufficient_release_days;nonpositive_stress_profit
931d4312f5c0dd8b,longshot_yes,12,0,0.1,0.08,,0.025,costed,158.96,-41.04,2.61,18,8,0.2052,-0.0009260676141309487,-0.0035836018306432795,nonpositive_simultaneous_lower_bound;insufficient_release_days;nonpositive_stress_profit
931d4312f5c0dd8b,longshot_yes,12,0,0.1,0.08,,0.05,costed,154.16,-45.84,2.86,11,7,0.2292,-0.0010497029937174421,-0.004244834094527394,nonpositive_simultaneous_lower_bound;insufficient_release_days
931d4312f5c0dd8b,longshot_yes,12,0,0.1,0.08,,0.005,stress,164.58,-35.42,3.51,82,52,0.2006799417192812,-0.0007859701305260899,-0.002042278049898126,
931d4312f5c0dd8b,longshot_yes,12,0,0.1,0.08,,0.01,stress,168.6,-31.4,4.11,49,31,0.20381564034756328,-0.0006886625845979106,-0.00282339877132106,
931d4312f5c0dd8b,longshot_yes,12,0,0.1,0.08,,0.025,stress,180.4,-19.6,3.81,19,14,0.2161633717140995,-0.0004158901569335213,-0.0033709511882790105,
931d4312f5c0dd8b,longshot_yes,12,0,0.1,0.08,,0.05,stress,208.64,8.64,4.49,14,11,0.20539284762158663,0.00017053593625101411,-0.004088858752514109,
818acd34d28e0247,longshot_yes,6,0,0.1,0.03,1,0.005,costed,183.59,-16.41,1.43,22,20,0.08205,-0.0003452111132093656,-0.0007072410688530588,nonpositive_simultaneous_lower_bound;insufficient_release_days;nonpositive_stress_profit
818acd34d28e0247,longshot_yes,6,0,0.1,0.03,1,0.01,costed,168.06,-31.94,2.74,22,20,0.1597,-0.0007015980163224378,-0.0014386195545062225,nonpositive_simultaneous_lower_bound;insufficient_release_days;nonpositive_stress_profit
818acd34d28e0247,longshot_yes,6,0,0.1,0.03,1,0.025,costed,155.89,-44.11,4.06,14,12,0.22055,-0.0010047045815461577,-0.002642423860779489,nonpositive_simultaneous_lower_bound;insufficient_release_days;nonpositive_stress_profit
818acd34d28e0247,longshot_yes,6,0,0.1,0.03,1,0.05,costed,156.2,-43.8,3.8,10,9,0.219,-0.0009966940691227865,-0.002719714709427565,nonpositive_simultaneous_lower_bound;insufficient_release_days;nonpositive_stress_profit
818acd34d28e0247,longshot_yes,6,0,0.1,0.03,1,0.005,stress,192.62,-7.38,0.51,9,8,0.0369,-0.00015160496135209063,-0.0003667054827277285,
818acd34d28e0247,longshot_yes,6,0,0.1,0.03,1,0.01,stress,185.49,-14.51,0.94,9,8,0.07255,-0.0003036951383445544,-0.0007344001999725991,
818acd34d28e0247,longshot_yes,6,0,0.1,0.03,1,0.025,stress,165.53,-34.47,2.19,9,8,0.17235,-0.0007627617712740422,-0.0018379758351840963,
818acd34d28e0247,longshot_yes,6,0,0.1,0.03,1,0.05,stress,156.25,-43.75,2.75,8,7,0.21875,-0.0009954035400464747,-0.002519725886116435,
a449c3fba3ae7401,longshot_yes,6,0,0.1,0.03,3,0.005,costed,181.42,-18.58,1.23,22,20,0.0929,-0.000393155570004994,-0.0008236231659883961,nonpositive_simultaneous_lower_bound;insufficient_release_days;nonpositive_stress_profit
a449c3fba3ae7401,longshot_yes,6,0,0.1,0.03,3,0.01,costed,164.02,-35.98,2.36,22,20,0.1799,-0.0007997136892732723,-0.0016791758149612358,nonpositive_simultaneous_lower_bound;insufficient_release_days;nonpositive_stress_profit
a449c3fba3ae7401,longshot_yes,6,0,0.1,0.03,3,0.025,costed,157.98,-42.02,2.68,11,10,0.2101,-0.0009510037250474343,-0.002617196198778089,nonpositive_simultaneous_lower_bound;insufficient_release_days;nonpositive_stress_profit
a449c3fba3ae7401,longshot_yes,6,0,0.1,0.03,3,0.05,costed,156.22,-43.78,2.78,9,8,0.2189,-0.0009961778079269575,-0.0028441674569977043,nonpositive_simultaneous_lower_bound;insufficient_release_days;nonpositive_stress_profit
a449c3fba3ae7401,longshot_yes,6,0,0.1,0.03,3,0.005,stress,192.62,-7.38,0.51,9,8,0.0369,-0.00015160496135209063,-0.0003667054827277285,
a449c3fba3ae7401,longshot_yes,6,0,0.1,0.03,3,0.01,stress,185.49,-14.51,0.94,9,8,0.07255,-0.0003036951383445544,-0.0007344001999725991,
a449c3fba3ae7401,longshot_yes,6,0,0.1,0.03,3,0.025,stress,165.53,-34.47,2.19,9,8,0.17235,-0.0007627617712740422,-0.0018379758351840963,
a449c3fba3ae7401,longshot_yes,6,0,0.1,0.03,3,0.05,stress,156.25,-43.75,2.75,8,7,0.21875,-0.0009954035400464747,-0.002519725886116435,
862f1dd9ebc91014,longshot_yes,6,0,0.1,0.03,,0.005,costed,181.42,-18.58,1.23,22,20,0.0929,-0.000393155570004994,-0.0008236231659883961,nonpositive_simultaneous_lower_bound;insufficient_release_days;nonpositive_stress_profit
862f1dd9ebc91014,longshot_yes,6,0,0.1,0.03,,0.01,costed,164.02,-35.98,2.36,22,20,0.1799,-0.0007997136892732723,-0.0016791758149612358,nonpositive_simultaneous_lower_bound;insufficient_release_days;nonpositive_stress_profit
862f1dd9ebc91014,longshot_yes,6,0,0.1,0.03,,0.025,costed,157.98,-42.02,2.68,11,10,0.2101,-0.0009510037250474343,-0.002617196198778089,nonpositive_simultaneous_lower_bound;insufficient_release_days;nonpositive_stress_profit
862f1dd9ebc91014,longshot_yes,6,0,0.1,0.03,,0.05,costed,156.22,-43.78,2.78,9,8,0.2189,-0.0009961778079269575,-0.0028441674569977043,nonpositive_simultaneous_lower_bound;insufficient_release_days;nonpositive_stress_profit
862f1dd9ebc91014,longshot_yes,6,0,0.1,0.03,,0.005,stress,192.62,-7.38,0.51,9,8,0.0369,-0.00015160496135209063,-0.0003667054827277285,
862f1dd9ebc91014,longshot_yes,6,0,0.1,0.03,,0.01,stress,185.49,-14.51,0.94,9,8,0.07255,-0.0003036951383445544,-0.0007344001999725991,
862f1dd9ebc91014,longshot_yes,6,0,0.1,0.03,,0.025,stress,165.53,-34.47,2.19,9,8,0.17235,-0.0007627617712740422,-0.0018379758351840963,
862f1dd9ebc91014,longshot_yes,6,0,0.1,0.03,,0.05,stress,156.25,-43.75,2.75,8,7,0.21875,-0.0009954035400464747,-0.002519725886116435,
86bcb8756f52bfef,longshot_yes,6,0,0.1,0.08,1,0.005,costed,181.05,-18.95,1.65,26,24,0.09475,-0.00040138762232414064,-0.0007944418795183858,nonpositive_simultaneous_lower_bound;insufficient_release_days;nonpositive_stress_profit
86bcb8756f52bfef,longshot_yes,6,0,0.1,0.08,1,0.01,costed,163.39,-36.61,3.12,26,24,0.18305,-0.00081523139316655,-0.001612593790517076,nonpositive_simultaneous_lower_bound;insufficient_release_days;nonpositive_stress_profit
86bcb8756f52bfef,longshot_yes,6,0,0.1,0.08,1,0.025,costed,158.1,-41.9,3.6,13,12,0.2095,-0.0009479420255347194,-0.0025635831229840825,nonpositive_simultaneous_lower_bound;insufficient_release_days;nonpositive_stress_profit
86bcb8756f52bfef,longshot_yes,6,0,0.1,0.08,1,0.05,costed,154.65,-45.35,3.87,10,9,0.22675,-0.0010369067234554758,-0.0032097992859715365,nonpositive_simultaneous_lower_bound;insufficient_release_days;nonpositive_stress_profit
86bcb8756f52bfef,longshot_yes,6,0,0.1,0.08,1,0.005,stress,190.64,-9.36,0.66,12,11,0.0468,-0.00019326828128044343,-0.00043105075280472957,
86bcb8756f52bfef,longshot_yes,6,0,0.1,0.08,1,0.01,stress,181.56,-18.44,1.2,12,11,0.0922,-0.000390045116773273,-0.0008692193906146645,
86bcb8756f52bfef,longshot_yes,6,0,0.1,0.08,1,0.025,stress,159.57,-40.43,2.59,11,10,0.20215,-0.0009106236658294382,-0.002116644463343521,
86bcb8756f52bfef,longshot_yes,6,0,0.1,0.08,1,0.05,stress,159.77,-40.23,2.53,7,6,0.20115,-0.000905572925437728,-0.0024798116236586193,
cfd6a7739f56d35e,longshot_yes,6,0,0.1,0.08,3,0.005,costed,178.6,-21.4,1.42,26,24,0.107,-0.0004563253955872507,-0.0009193506646662437,nonpositive_simultaneous_lower_bound;insufficient_release_days;nonpositive_stress_profit
cfd6a7739f56d35e,longshot_yes,6,0,0.1,0.08,3,0.01,costed,159.08,-40.92,2.67,26,24,0.2046,-0.0009230247830989786,-0.0018596783565291435,nonpositive_simultaneous_lower_bound;insufficient_release_days;nonpositive_stress_profit
cfd6a7739f56d35e,longshot_yes,6,0,0.1,0.08,3,0.025,costed,156.22,-43.78,2.76,12,11,0.2189,-0.0009961778079269575,-0.0027886752912810236,nonpositive_simultaneous_lower_bound;insufficient_release_days;nonpositive_stress_profit
cfd6a7739f56d35e,longshot_yes,6,0,0.1,0.08,3,0.05,costed,158.07,-41.93,2.63,8,7,0.20965,-0.0009487072324948895,-0.0033485538857360346,nonpositive_simultaneous_lower_bound;insufficient_release_days;nonpositive_stress_profit
cfd6a7739f56d35e,longshot_yes,6,0,0.1,0.08,3,0.005,stress,190.58,-9.42,0.65,12,11,0.0471,-0.0001945375509193324,-0.0004349349466645137,
cfd6a7739f56d35e,longshot_yes,6,0,0.1,0.08,3,0.01,stress,181.47,-18.53,1.19,12,11,0.09265,-0.00039204441839154865,-0.0008765876459001058,
cfd6a7739f56d35e,longshot_yes,6,0,0.1,0.08,3,0.025,stress,159.38,-40.62,2.56,11,10,0.2031,-0.0009154277362033653,-0.0021353020837097526,
cfd6a7739f56d35e,longshot_yes,6,0,0.1,0.08,3,0.05,stress,159.77,-40.23,2.53,7,6,0.20115,-0.000905572925437728,-0.0024798116236586193,
4ecc9b73b5b40c87,longshot_yes,6,0,0.1,0.08,,0.005,costed,178.6,-21.4,1.42,26,24,0.107,-0.0004563253955872507,-0.0009193506646662437,nonpositive_simultaneous_lower_bound;insufficient_release_days;nonpositive_stress_profit
4ecc9b73b5b40c87,longshot_yes,6,0,0.1,0.08,,0.01,costed,159.08,-40.92,2.67,26,24,0.2046,-0.0009230247830989786,-0.0018596783565291435,nonpositive_simultaneous_lower_bound;insufficient_release_days;nonpositive_stress_profit
4ecc9b73b5b40c87,longshot_yes,6,0,0.1,0.08,,0.025,costed,156.22,-43.78,2.76,12,11,0.2189,-0.0009961778079269575,-0.0027886752912810236,nonpositive_simultaneous_lower_bound;insufficient_release_days;nonpositive_stress_profit
4ecc9b73b5b40c87,longshot_yes,6,0,0.1,0.08,,0.05,costed,158.07,-41.93,2.63,8,7,0.20965,-0.0009487072324948895,-0.0033485538857360346,nonpositive_simultaneous_lower_bound;insufficient_release_days;nonpositive_stress_profit
4ecc9b73b5b40c87,longshot_yes,6,0,0.1,0.08,,0.005,stress,190.58,-9.42,0.65,12,11,0.0471,-0.0001945375509193324,-0.0004349349466645137,
4ecc9b73b5b40c87,longshot_yes,6,0,0.1,0.08,,0.01,stress,181.47,-18.53,1.19,12,11,0.09265,-0.00039204441839154865,-0.0008765876459001058,
4ecc9b73b5b40c87,longshot_yes,6,0,0.1,0.08,,0.025,stress,159.38,-40.62,2.56,11,10,0.2031,-0.0009154277362033653,-0.0021353020837097526,
4ecc9b73b5b40c87,longshot_yes,6,0,0.1,0.08,,0.05,stress,159.77,-40.23,2.53,7,6,0.20115,-0.000905572925437728,-0.0024798116236586193,
6012e333e65327c5,longshot_yes,24,0,0.2,0.03,1,0.005,costed,170.87,-29.13,10.24,133,63,0.20842212545168165,-0.0006347352140639303,-0.003183728836427409,nonpositive_simultaneous_lower_bound;nonpositive_stress_profit
6012e333e65327c5,longshot_yes,24,0,0.2,0.03,1,0.01,costed,184.83,-15.17,12.98,88,43,0.20177067587993955,-0.0003180680760219681,-0.005028549800207434,nonpositive_simultaneous_lower_bound;insufficient_release_days;nonpositive_stress_profit
6012e333e65327c5,longshot_yes,24,0,0.2,0.03,1,0.025,costed,158.94,-41.06,5.43,18,8,0.2053,-0.0009265749759516265,-0.0037646311014009597,nonpositive_simultaneous_lower_bound;insufficient_release_days
6012e333e65327c5,longshot_yes,24,0,0.2,0.03,1,0.05,costed,152.98,-47.02,5.74,12,8,0.2351,-0.0010806861800577285,-0.004353872020483128,nonpositive_simultaneous_lower_bound;insufficient_release_days;nonpositive_stress_profit
6012e333e65327c5,longshot_yes,24,0,0.2,0.03,1,0.005,stress,160.95,-39.05,5.33,85,53,0.20714285714285716,-0.0008759016484000792,-0.0021811931828445907,
6012e333e65327c5,longshot_yes,24,0,0.2,0.03,1,0.01,stress,164.92,-35.08,5.89,48,30,0.20007760585924236,-0.0007776486238279734,-0.002971646706187599,
6012e333e65327c5,longshot_yes,24,0,0.2,0.03,1,0.025,stress,217.78,17.78,4.5,16,11,0.2072,0.00034341940471725014,-0.004334486226918276,
6012e333e65327c5,longshot_yes,24,0,0.2,0.03,1,0.05,stress,152.38,-47.62,5.9,12,8,0.2381,-0.0010965321189644072,-0.00403884150681808,
98dd7a75ed68e9d9,longshot_yes,24,0,0.2,0.03,3,0.005,costed,160.92,-39.08,8.17,135,63,0.20154807978565048,-0.0008766533043001963,-0.003064009426456583,nonpositive_simultaneous_lower_bound;nonpositive_stress_profit
98dd7a75ed68e9d9,longshot_yes,24,0,0.2,0.03,3,0.01,costed,157.36,-42.64,3.39,29,13,0.2132,-0.0009668596470452947,-0.0035785230730338386,nonpositive_simultaneous_lower_bound;insufficient_release_days;nonpositive_stress_profit
98dd7a75ed68e9d9,longshot_yes,24,0,0.2,0.03,3,0.025,costed,147.94,-52.06,3.93,17,8,0.2603,-0.001215768469307722,-0.004914155734882594,nonpositive_simultaneous_lower_bound;insufficient_release_days;nonpositive_stress_profit
98dd7a75ed68e9d9,longshot_yes,24,0,0.2,0.03,3,0.05,costed,154.64,-45.36,3.38,10,7,0.2268,-0.0010371674663224243,-0.00433182896533463,nonpositive_simultaneous_lower_bound;insufficient_release_days;nonpositive_stress_profit
98dd7a75ed68e9d9,longshot_yes,24,0,0.2,0.03,3,0.005,stress,160.53,-39.47,4.71,92,56,0.2001494768310912,-0.0008864376030512655,-0.0023360914634869834,
98dd7a75ed68e9d9,longshot_yes,24,0,0.2,0.03,3,0.01,stress,169.17,-30.83,5.44,57,34,0.20956230972700504,-0.0006750533873420828,-0.0030328571596619017,
98dd7a75ed68e9d9,longshot_yes,24,0,0.2,0.03,3,0.025,stress,151.96,-48.04,2.97,14,9,0.2402,-0.0011076614444702085,-0.004106275433373692,
98dd7a75ed68e9d9,longshot_yes,24,0,0.2,0.03,3,0.05,stress,151.15,-48.85,2.96,7,6,0.24425,-0.0011292122795264906,-0.0043722569374423596,
f0c75db436761856,longshot_yes,24,0,0.2,0.03,,0.005,costed,183.43,-16.57,8.33,150,70,0.2149680093719023,-0.0003487267871845858,-0.003385974784059895,nonpositive_simultaneous_lower_bound;nonpositive_stress_profit
f0c75db436761856,longshot_yes,24,0,0.2,0.03,,0.01,costed,155.23,-44.77,2.83,27,11,0.22385,-0.001021812413345503,-0.003887801779259157,nonpositive_simultaneous_lower_bound;insufficient_release_days;nonpositive_stress_profit
f0c75db436761856,longshot_yes,24,0,0.2,0.03,,0.025,costed,145.38,-54.62,3.34,17,8,0.2731,-0.0012861546874659165,-0.005124501771498957,nonpositive_simultaneous_lower_bound;insufficient_release_days;nonpositive_stress_profit
f0c75db436761856,longshot_yes,24,0,0.2,0.03,,0.05,costed,153.37,-46.63,2.76,7,5,0.23315,-0.00107041961244092,-0.004604227494982559,nonpositive_simultaneous_lower_bound;insufficient_release_days;nonpositive_stress_profit
f0c75db436761856,longshot_yes,24,0,0.2,0.03,,0.005,stress,159.08,-40.92,5.04,101,61,0.2073741903338316,-0.0009230247830989807,-0.002435397752848699,
f0c75db436761856,longshot_yes,24,0,0.2,0.03,,0.01,stress,168.93,-31.07,5.4,57,35,0.2107600938264211,-0.000680777978279839,-0.0030614390463899106,
f0c75db436761856,longshot_yes,24,0,0.2,0.03,,0.025,stress,151.96,-48.04,2.97,14,9,0.2402,-0.0011076614444702085,-0.004106275433373692,
f0c75db436761856,longshot_yes,24,0,0.2,0.03,,0.05,stress,151.15,-48.85,2.96,7,6,0.24425,-0.0011292122795264906,-0.0043722569374423596,
94c6d13f84ffda7e,longshot_yes,24,0,0.2,0.08,1,0.005,costed,159.47,-40.53,8.06,118,32,0.20265,-0.0009131514104361121,-0.0024853679680828136,nonpositive_simultaneous_lower_bound;insufficient_release_days;nonpositive_stress_profit
94c6d13f84ffda7e,longshot_yes,24,0,0.2,0.08,1,0.01,costed,169.08,-30.92,7.3,51,14,0.2074,-0.0006771991566509977,-0.0027785794152743455,nonpositive_simultaneous_lower_bound;insufficient_release_days;nonpositive_stress_profit
94c6d13f84ffda7e,longshot_yes,24,0,0.2,0.08,1,0.025,costed,159.28,-40.72,6.56,22,8,0.2036,-0.0009179584951294191,-0.0037000290092671375,nonpositive_simultaneous_lower_bound;insufficient_release_days;nonpositive_stress_profit
94c6d13f84ffda7e,longshot_yes,24,0,0.2,0.08,1,0.05,costed,156.58,-43.42,6.57,11,6,0.2171,-0.0009868963914043086,-0.0039750806946164865,nonpositive_simultaneous_lower_bound;insufficient_release_days;nonpositive_stress_profit
94c6d13f84ffda7e,longshot_yes,24,0,0.2,0.08,1,0.005,stress,159.74,-40.26,5.68,100,36,0.20673387297015444,-0.000906330133301588,-0.0024510780231254796,
94c6d13f84ffda7e,longshot_yes,24,0,0.2,0.08,1,0.01,stress,159.16,-40.84,5.45,46,18,0.2138694063024795,-0.0009209975039891483,-0.0031118778328460216,
94c6d13f84ffda7e,longshot_yes,24,0,0.2,0.08,1,0.025,stress,160.39,-39.61,7.13,27,11,0.24111663118050627,-0.0008899557145110891,-0.0037034818010361413,
94c6d13f84ffda7e,longshot_yes,24,0,0.2,0.08,1,0.05,stress,160.19,-39.81,6.04,13,7,0.20932872655478776,-0.0008949869186880842,-0.003748215290791833,
76613a43af5a7526,longshot_yes,24,0,0.2,0.08,3,0.005,costed,178.74,-21.26,4.58,82,24,0.20798486658701712,-0.0004531658491725428,-0.0026900851028880675,nonpositive_simultaneous_lower_bound;insufficient_release_days;nonpositive_stress_profit
76613a43af5a7526,longshot_yes,24,0,0.2,0.08,3,0.01,costed,157.54,-42.46,5.42,48,14,0.22152492958442457,-0.0009622498881970096,-0.003657954771731373,nonpositive_simultaneous_lower_bound;insufficient_release_days;nonpositive_stress_profit
76613a43af5a7526,longshot_yes,24,0,0.2,0.08,3,0.025,costed,158.11,-41.89,6.12,24,10,0.24135118276474257,-0.0009476869888144472,-0.004170879666747563,nonpositive_simultaneous_lower_bound;insufficient_release_days;nonpositive_stress_profit
76613a43af5a7526,longshot_yes,24,0,0.2,0.08,3,0.05,costed,148.43,-51.57,4.97,12,8,0.25785,-0.0012024350802877547,-0.004920499471343178,nonpositive_simultaneous_lower_bound;insufficient_release_days;nonpositive_stress_profit
76613a43af5a7526,longshot_yes,24,0,0.2,0.08,3,0.005,stress,170.11,-29.89,3.94,88,33,0.20857334869431643,-0.0006527099997038105,-0.002451866501290739,
76613a43af5a7526,longshot_yes,24,0,0.2,0.08,3,0.01,stress,168.67,-31.33,4.14,44,17,0.22734768666972058,-0.0006869888035407797,-0.0035530692291723797,
76613a43af5a7526,longshot_yes,24,0,0.2,0.08,3,0.025,stress,160.3,-39.7,4.79,26,14,0.24882849109653232,-0.0008922189795666506,-0.004147818296717547,
76613a43af5a7526,longshot_yes,24,0,0.2,0.08,3,0.05,stress,148.45,-51.55,4.24,14,11,0.2621769383697813,-0.001201891795718822,-0.004746698111359299,
9b11b70f3e37483c,longshot_yes,24,0,0.2,0.08,,0.005,costed,183.28,-16.72,3.94,82,23,0.20642780852509954,-0.00035202551775321227,-0.0025118121210417313,nonpositive_simultaneous_lower_bound;insufficient_release_days;nonpositive_stress_profit
9b11b70f3e37483c,longshot_yes,24,0,0.2,0.08,,0.01,costed,167.19,-32.81,3.9,39,11,0.21595385481148002,-0.0007225261141067821,-0.0034037582635224706,nonpositive_simultaneous_lower_bound;insufficient_release_days;nonpositive_stress_profit
9b11b70f3e37483c,longshot_yes,24,0,0.2,0.08,,0.025,costed,145.37,-54.63,3.17,17,8,0.27315,-0.0012864320568943678,-0.0051613653452495765,nonpositive_simultaneous_lower_bound;insufficient_release_days;nonpositive_stress_profit
9b11b70f3e37483c,longshot_yes,24,0,0.2,0.08,,0.05,costed,145.59,-54.41,3.07,9,7,0.27205,-0.001280334332511299,-0.005172347625099446,nonpositive_simultaneous_lower_bound;insufficient_release_days;nonpositive_stress_profit
9b11b70f3e37483c,longshot_yes,24,0,0.2,0.08,,0.005,stress,170.0,-30.0,3.93,88,33,0.20910138248847926,-0.0006553182641039315,-0.0024578486607164766,
9b11b70f3e37483c,longshot_yes,24,0,0.2,0.08,,0.01,stress,168.47,-31.53,4.12,44,17,0.2282638570774164,-0.0006917728796367896,-0.003557804223779189,
9b11b70f3e37483c,longshot_yes,24,0,0.2,0.08,,0.025,stress,160.3,-39.7,4.79,26,14,0.24882849109653232,-0.0008922189795666506,-0.004147818296717547,
9b11b70f3e37483c,longshot_yes,24,0,0.2,0.08,,0.05,stress,148.45,-51.55,4.24,14,11,0.2621769383697813,-0.001201891795718822,-0.004746698111359299,
78e2f0c773370a75,longshot_yes,18,0,0.2,0.03,1,0.005,costed,159.76,-40.24,7.59,104,77,0.2012,-0.0009058253122599881,-0.001619663624319331,nonpositive_simultaneous_lower_bound;nonpositive_stress_profit
78e2f0c773370a75,longshot_yes,18,0,0.2,0.03,1,0.01,costed,159.45,-40.55,5.78,42,35,0.20275,-0.0009136571495643947,-0.001993887890319084,nonpositive_simultaneous_lower_bound;insufficient_release_days;nonpositive_stress_profit
78e2f0c773370a75,longshot_yes,18,0,0.2,0.03,1,0.025,costed,158.53,-41.47,4.26,14,13,0.20735,-0.0009369899866649198,-0.002629845347150585,nonpositive_simultaneous_lower_bound;insufficient_release_days;nonpositive_stress_profit
78e2f0c773370a75,longshot_yes,18,0,0.2,0.03,1,0.05,costed,155.79,-44.21,4.37,9,8,0.22105,-0.0010072920162245951,-0.0032784560395051083,nonpositive_simultaneous_lower_bound;insufficient_release_days;nonpositive_stress_profit
78e2f0c773370a75,longshot_yes,18,0,0.2,0.03,1,0.005,stress,159.54,-40.46,4.58,79,60,0.2023,-0.0009113818228429567,-0.0016784418739060909,
78e2f0c773370a75,longshot_yes,18,0,0.2,0.03,1,0.01,stress,159.15,-40.85,3.47,34,29,0.20425,-0.000921250858144897,-0.0020363021560870775,
78e2f0c773370a75,longshot_yes,18,0,0.2,0.03,1,0.025,stress,158.18,-41.82,3.05,13,13,0.2091,-0.0009459021832934089,-0.0023464185370194847,
78e2f0c773370a75,longshot_yes,18,0,0.2,0.03,1,0.05,stress,155.94,-44.06,3.02,8,8,0.2203,-0.0010034114865588016,-0.002895619753821707,
c12306d4b3c8e365,longshot_yes,18,0,0.2,0.03,3,0.005,costed,159.77,-40.23,6.42,95,65,0.20115,-0.000905572925437729,-0.0016772127317561288,nonpositive_simultaneous_lower_bound;nonpositive_stress_profit
c12306d4b3c8e365,longshot_yes,18,0,0.2,0.03,3,0.01,costed,159.62,-40.38,5.89,44,33,0.2019,-0.0009093603875007018,-0.0019928781068868527,nonpositive_simultaneous_lower_bound;insufficient_release_days;nonpositive_stress_profit
c12306d4b3c8e365,longshot_yes,18,0,0.2,0.03,3,0.025,costed,157.73,-42.27,5.62,17,14,0.21135,-0.0009573897421316693,-0.002427224756029864,nonpositive_simultaneous_lower_bound;insufficient_release_days;nonpositive_stress_profit
c12306d4b3c8e365,longshot_yes,18,0,0.2,0.03,3,0.05,costed,159.09,-40.91,7.08,12,10,0.20455,-0.0009227713174632591,-0.0026582067409443412,nonpositive_simultaneous_lower_bound;insufficient_release_days;nonpositive_stress_profit
c12306d4b3c8e365,longshot_yes,18,0,0.2,0.03,3,0.005,stress,159.88,-40.12,5.51,97,70,0.2006,-0.0009027977125198169,-0.0017132492535582558,
c12306d4b3c8e365,longshot_yes,18,0,0.2,0.03,3,0.01,stress,159.83,-40.17,4.59,45,35,0.20085,-0.0009040589361591721,-0.002307161198151595,
c12306d4b3c8e365,longshot_yes,18,0,0.2,0.03,3,0.025,stress,157.35,-42.65,2.98,13,13,0.21325,-0.0009671158993452458,-0.0023745057206169045,
c12306d4b3c8e365,longshot_yes,18,0,0.2,0.03,3,0.05,stress,157.54,-42.46,3.14,8,8,0.2123,-0.0009622498881970092,-0.002789763775056635,
73bfd72a31a1be8a,longshot_yes,18,0,0.2,0.03,,0.005,costed,159.49,-40.51,5.16,111,86,0.20255,-0.0009126457347313462,-0.002295949284147521,nonpositive_simultaneous_lower_bound;nonpositive_stress_profit
73bfd72a31a1be8a,longshot_yes,18,0,0.2,0.03,,0.01,costed,158.01,-41.99,2.61,27,26,0.20995,-0.0009502380821960845,-0.0021648918596245768,nonpositive_simultaneous_lower_bound;insufficient_release_days;nonpositive_stress_profit
73bfd72a31a1be8a,longshot_yes,18,0,0.2,0.03,,0.025,costed,156.35,-43.65,2.69,11,11,0.21825,-0.0009928237203394618,-0.0030182557530484457,nonpositive_simultaneous_lower_bound;insufficient_release_days;nonpositive_stress_profit
73bfd72a31a1be8a,longshot_yes,18,0,0.2,0.03,,0.05,costed,153.72,-46.28,2.83,7,7,0.2314,-0.0010612282292394896,-0.00352857345284714,nonpositive_simultaneous_lower_bound;insufficient_release_days;nonpositive_stress_profit
73bfd72a31a1be8a,longshot_yes,18,0,0.2,0.03,,0.005,stress,159.15,-40.85,4.17,93,71,0.20425,-0.0009212508581448977,-0.0019484448229510143,
73bfd72a31a1be8a,longshot_yes,18,0,0.2,0.03,,0.01,stress,164.95,-35.05,4.32,50,40,0.2029,-0.0007769151970703479,-0.0023814194034426457,
73bfd72a31a1be8a,longshot_yes,18,0,0.2,0.03,,0.025,stress,158.83,-41.17,2.56,12,12,0.20585,-0.0009293666076652134,-0.002314810648945631,
73bfd72a31a1be8a,longshot_yes,18,0,0.2,0.03,,0.05,stress,154.02,-45.98,2.86,8,8,0.2299,-0.0010533665420844052,-0.003001551090652855,
dc02f06a85f97318,longshot_yes,18,0,0.2,0.08,1,0.005,costed,160.0,-40.0,10.14,146,96,0.2,-0.0008997723843314887,-0.0018449315770126171,nonpositive_simultaneous_lower_bound;nonpositive_stress_profit
dc02f06a85f97318,longshot_yes,18,0,0.2,0.08,1,0.01,costed,159.14,-40.86,6.84,50,42,0.2043,-0.0009215042282203527,-0.0020878594397429327,nonpositive_simultaneous_lower_bound;insufficient_release_days;nonpositive_stress_profit
dc02f06a85f97318,longshot_yes,18,0,0.2,0.08,1,0.025,costed,159.49,-40.51,4.22,15,14,0.20255,-0.0009126457347313475,-0.0029637381514752443,nonpositive_simultaneous_lower_bound;insufficient_release_days;nonpositive_stress_profit
dc02f06a85f97318,longshot_yes,18,0,0.2,0.08,1,0.05,costed,154.42,-45.58,4.51,9,8,0.2279,-0.0010429080793038998,-0.003793269752687439,nonpositive_simultaneous_lower_bound;insufficient_release_days;nonpositive_stress_profit
dc02f06a85f97318,longshot_yes,18,0,0.2,0.08,1,0.005,stress,159.85,-40.15,5.7,101,68,0.20075,-0.000903554399363654,-0.0017752285142581424,
dc02f06a85f97318,longshot_yes,18,0,0.2,0.08,1,0.01,stress,157.61,-42.39,4.06,39,31,0.21195,-0.0009604586264539785,-0.0020762816057092277,
dc02f06a85f97318,longshot_yes,18,0,0.2,0.08,1,0.025,stress,159.02,-40.98,3.64,15,12,0.2049,-0.0009245459115915302,-0.0025694421259108216,
dc02f06a85f97318,longshot_yes,18,0,0.2,0.08,1,0.05,stress,158.54,-41.46,4.34,10,8,0.2073,-0.000936735641689625,-0.002847028502075172,
d89999f4a554a878,longshot_yes,18,0,0.2,0.08,3,0.005,costed,159.5,-40.5,7.38,114,74,0.2025,-0.0009123929206578145,-0.0017398186740598248,nonpositive_simultaneous_lower_bound;nonpositive_stress_profit
d89999f4a554a878,longshot_yes,18,0,0.2,0.08,3,0.01,costed,159.64,-40.36,5.78,45,35,0.2018,-0.0009088551869657391,-0.0021400697624015075,nonpositive_simultaneous_lower_bound;insufficient_release_days;nonpositive_stress_profit
d89999f4a554a878,longshot_yes,18,0,0.2,0.08,3,0.025,costed,159.87,-40.13,4.23,15,13,0.20065,-0.0009030499256904687,-0.002899743117481527,nonpositive_simultaneous_lower_bound;insufficient_release_days;nonpositive_stress_profit
d89999f4a554a878,longshot_yes,18,0,0.2,0.08,3,0.05,costed,154.27,-45.73,4.13,9,7,0.22865,-0.0010468268246943077,-0.0035590243284012316,nonpositive_simultaneous_lower_bound;insufficient_release_days;nonpositive_stress_profit
d89999f4a554a878,longshot_yes,18,0,0.2,0.08,3,0.005,stress,159.9,-40.1,5.44,97,66,0.2005,-0.000902293333500516,-0.0017073469582496521,
d89999f4a554a878,longshot_yes,18,0,0.2,0.08,3,0.01,stress,157.29,-42.71,4.16,41,34,0.21355,-0.0009686537552237328,-0.0022214947825022987,
d89999f4a554a878,longshot_yes,18,0,0.2,0.08,3,0.025,stress,159.76,-40.24,3.24,14,11,0.2012,-0.0009058253122599877,-0.0026071675191248803,
d89999f4a554a878,longshot_yes,18,0,0.2,0.08,3,0.05,stress,157.17,-42.83,3.42,9,7,0.21415,-0.000971731227660478,-0.003075829405488109,
4d15f8d3fed87865,longshot_yes,18,0,0.2,0.08,,0.005,costed,159.83,-40.17,6.66,161,106,0.20085,-0.0009040589361591722,-0.002671980395013763,nonpositive_simultaneous_lower_bound;nonpositive_stress_profit
4d15f8d3fed87865,longshot_yes,18,0,0.2,0.08,,0.01,costed,159.94,-40.06,2.46,28,26,0.2003,-0.0009012847646947279,-0.002222531414253561,nonpositive_simultaneous_lower_bound;insufficient_release_days;nonpositive_stress_profit
4d15f8d3fed87865,longshot_yes,18,0,0.2,0.08,,0.025,costed,159.6,-40.4,2.43,11,9,0.202,-0.0009098656513400326,-0.0030773214206146317,nonpositive_simultaneous_lower_bound;insufficient_release_days;nonpositive_stress_profit
4d15f8d3fed87865,longshot_yes,18,0,0.2,0.08,,0.05,costed,151.52,-48.48,2.88,8,6,0.2424,-0.001119353778670438,-0.003730862091870259,nonpositive_simultaneous_lower_bound;insufficient_release_days;nonpositive_stress_profit
4d15f8d3fed87865,longshot_yes,18,0,0.2,0.08,,0.005,stress,159.2,-40.8,4.88,120,82,0.204,-0.0009199842465231997,-0.0020871765146142597,
4d15f8d3fed87865,longshot_yes,18,0,0.2,0.08,,0.01,stress,159.22,-40.78,2.46,30,26,0.2039,-0.0009194777132564691,-0.0021464445988211875,
4d15f8d3fed87865,longshot_yes,18,0,0.2,0.08,,0.025,stress,157.78,-42.22,2.6,13,11,0.2111,-0.000956111729359246,-0.002732600653026182,
4d15f8d3fed87865,longshot_yes,18,0,0.2,0.08,,0.05,stress,156.53,-43.47,2.67,8,6,0.21735,-0.0009881842001931657,-0.0033340353484564702,
97b999f72db6b674,longshot_yes,12,0,0.2,0.03,1,0.005,costed,159.9,-40.1,4.95,88,55,0.2005,-0.0009022933335005168,-0.0019280557220692756,nonpositive_simultaneous_lower_bound;insufficient_release_days;nonpositive_stress_profit
97b999f72db6b674,longshot_yes,12,0,0.2,0.03,1,0.01,costed,159.42,-40.58,4.19,41,26,0.2029,-0.0009144158772107232,-0.0023306749291640643,nonpositive_simultaneous_lower_bound;insufficient_release_days;nonpositive_stress_profit
97b999f72db6b674,longshot_yes,12,0,0.2,0.03,1,0.025,costed,156.14,-43.86,3.36,16,10,0.2193,-0.0009982432494189185,-0.00338159756814095,nonpositive_simultaneous_lower_bound;insufficient_release_days;nonpositive_stress_profit
97b999f72db6b674,longshot_yes,12,0,0.2,0.03,1,0.05,costed,155.87,-44.13,3.34,10,8,0.22065,-0.0010052219356736982,-0.003474235515303798,nonpositive_simultaneous_lower_bound;insufficient_release_days;nonpositive_stress_profit
97b999f72db6b674,longshot_yes,12,0,0.2,0.03,1,0.005,stress,159.17,-40.83,3.71,79,55,0.20415,-0.000920744165751103,-0.0018624708632453651,
97b999f72db6b674,longshot_yes,12,0,0.2,0.03,1,0.01,stress,159.56,-40.44,3.89,41,29,0.2022,-0.0009108763689952845,-0.002244543055178405,
97b999f72db6b674,longshot_yes,12,0,0.2,0.03,1,0.025,stress,157.08,-42.92,4.1,17,13,0.2146,-0.0009740408743476933,-0.0032876130526971856,
97b999f72db6b674,longshot_yes,12,0,0.2,0.03,1,0.05,stress,156.49,-43.51,5.37,13,10,0.2238369209403829,-0.0009892147434393383,-0.003788431691735134,
23bd17b5fced81f5,longshot_yes,12,0,0.2,0.03,3,0.005,costed,159.18,-40.82,5.13,98,56,0.2041,-0.0009204908434287626,-0.0022874667089700534,nonpositive_simultaneous_lower_bound;insufficient_release_days;nonpositive_stress_profit
23bd17b5fced81f5,longshot_yes,12,0,0.2,0.03,3,0.01,costed,159.21,-40.79,4.8,51,31,0.20395,-0.0009197309719359817,-0.0027059269248911433,nonpositive_simultaneous_lower_bound;insufficient_release_days;nonpositive_stress_profit
23bd17b5fced81f5,longshot_yes,12,0,0.2,0.03,3,0.025,costed,158.43,-41.57,2.64,14,9,0.20785,-0.0009395343191979244,-0.0032226470445327455,nonpositive_simultaneous_lower_bound;insufficient_release_days;nonpositive_stress_profit
23bd17b5fced81f5,longshot_yes,12,0,0.2,0.03,3,0.05,costed,158.39,-41.61,2.59,9,6,0.20805,-0.0009405525019101122,-0.003335227173322045,nonpositive_simultaneous_lower_bound;insufficient_release_days
23bd17b5fced81f5,longshot_yes,12,0,0.2,0.03,3,0.005,stress,163.82,-36.18,3.39,76,55,0.20204578665367753,-0.0008046334776636306,-0.00185285565251757,
23bd17b5fced81f5,longshot_yes,12,0,0.2,0.03,3,0.01,stress,168.35,-31.65,3.18,37,26,0.2004654255319149,-0.0006946460521812625,-0.002335570816582328,
23bd17b5fced81f5,longshot_yes,12,0,0.2,0.03,3,0.025,stress,179.24,-20.76,3.9,17,13,0.2107094103659342,-0.000441901921895541,-0.003403386347895213,
23bd17b5fced81f5,longshot_yes,12,0,0.2,0.03,3,0.05,stress,203.31,3.31,4.85,13,10,0.20746111565898726,6.618766640360729e-05,-0.004353626060013566,
2587e6660bab109a,longshot_yes,12,0,0.2,0.03,,0.005,costed,159.02,-40.98,4.45,100,56,0.2049,-0.0009245459115915287,-0.0026319981190051737,nonpositive_simultaneous_lower_bound;insufficient_release_days;nonpositive_stress_profit
2587e6660bab109a,longshot_yes,12,0,0.2,0.03,,0.01,costed,159.88,-40.12,4.18,51,32,0.2006,-0.0009027977125198163,-0.0030010825053162814,nonpositive_simultaneous_lower_bound;insufficient_release_days;nonpositive_stress_profit
2587e6660bab109a,longshot_yes,12,0,0.2,0.03,,0.025,costed,158.43,-41.57,2.64,14,9,0.20785,-0.0009395343191979244,-0.0032226470445327455,nonpositive_simultaneous_lower_bound;insufficient_release_days;nonpositive_stress_profit
2587e6660bab109a,longshot_yes,12,0,0.2,0.03,,0.05,costed,158.39,-41.61,2.59,9,6,0.20805,-0.0009405525019101122,-0.003335227173322045,nonpositive_simultaneous_lower_bound;insufficient_release_days
2587e6660bab109a,longshot_yes,12,0,0.2,0.03,,0.005,stress,164.06,-35.94,2.99,72,54,0.20320543953375425,-0.0007987304515057766,-0.0018518747015358774,
2587e6660bab109a,longshot_yes,12,0,0.2,0.03,,0.01,stress,169.13,-30.87,3.03,36,25,0.20131280695126558,-0.0006760069216213148,-0.0023680667150735063,
2587e6660bab109a,longshot_yes,12,0,0.2,0.03,,0.025,stress,181.75,-18.25,3.74,17,14,0.21029763197914403,-0.0003858276215097085,-0.0034835647324374056,
2587e6660bab109a,longshot_yes,12,0,0.2,0.03,,0.05,stress,208.63,8.63,4.53,14,11,0.20543093270365997,0.00017034266771671702,-0.004569485800073784,
dc3242cb1ffe583c,longshot_yes,12,0,0.2,0.08,1,0.005,costed,159.67,-40.33,5.45,109,47,0.20165,-0.0009080975048243019,-0.0021094200469080945,nonpositive_simultaneous_lower_bound;insufficient_release_days;nonpositive_stress_profit
dc3242cb1ffe583c,longshot_yes,12,0,0.2,0.08,1,0.01,costed,158.27,-41.73,4.7,54,26,0.20865,-0.000943608593559857,-0.0026469244644263456,nonpositive_simultaneous_lower_bound;insufficient_release_days;nonpositive_stress_profit
dc3242cb1ffe583c,longshot_yes,12,0,0.2,0.08,1,0.025,costed,157.42,-42.58,4.72,27,14,0.2129,-0.0009653224751360188,-0.003423413008455348,nonpositive_simultaneous_lower_bound;insufficient_release_days;nonpositive_stress_profit
dc3242cb1ffe583c,longshot_yes,12,0,0.2,0.08,1,0.05,costed,157.98,-42.02,3.86,12,7,0.2101,-0.0009510037250474347,-0.004067973752656989,nonpositive_simultaneous_lower_bound;insufficient_release_days;nonpositive_stress_profit
dc3242cb1ffe583c,longshot_yes,12,0,0.2,0.08,1,0.005,stress,159.55,-40.45,3.92,87,45,0.20276820066956477,-0.0009111290879991291,-0.0020996117031976368,
dc3242cb1ffe583c,longshot_yes,12,0,0.2,0.08,1,0.01,stress,159.74,-40.26,3.93,45,24,0.2022971285892634,-0.0009063301333015874,-0.002560431744641366,
dc3242cb1ffe583c,longshot_yes,12,0,0.2,0.08,1,0.025,stress,158.76,-41.24,4.28,20,13,0.20841643398484244,-0.0009311441073918226,-0.0033961536968158384,
dc3242cb1ffe583c,longshot_yes,12,0,0.2,0.08,1,0.05,stress,157.69,-42.31,5.66,15,12,0.22124549360462245,-0.000958412444074763,-0.0035610849224680997,
7b9872aba26fe350,longshot_yes,12,0,0.2,0.08,3,0.005,costed,158.8,-41.2,5.24,117,48,0.206,-0.0009301282973185543,-0.002277524973299937,nonpositive_simultaneous_lower_bound;insufficient_release_days;nonpositive_stress_profit
7b9872aba26fe350,longshot_yes,12,0,0.2,0.08,3,0.01,costed,159.99,-40.01,3.91,51,24,0.20005,-0.0009000244083363552,-0.0025863309886610046,nonpositive_simultaneous_lower_bound;insufficient_release_days;nonpositive_stress_profit
7b9872aba26fe350,longshot_yes,12,0,0.2,0.08,3,0.025,costed,155.73,-44.27,3.98,26,12,0.22135,-0.0010088452743580209,-0.003556923002586538,nonpositive_simultaneous_lower_bound;insufficient_release_days;nonpositive_stress_profit
7b9872aba26fe350,longshot_yes,12,0,0.2,0.08,3,0.05,costed,152.73,-47.27,3.07,11,6,0.23635,-0.0010872810885712999,-0.004641340697380978,nonpositive_simultaneous_lower_bound;insufficient_release_days
7b9872aba26fe350,longshot_yes,12,0,0.2,0.08,3,0.005,stress,164.17,-35.83,3.71,92,51,0.20127469105770165,-0.0007960277832322969,-0.0020234771569283575,
7b9872aba26fe350,longshot_yes,12,0,0.2,0.08,3,0.01,stress,167.64,-32.36,3.11,39,22,0.20564821834723276,-0.0007116876753676041,-0.0025117650147645915,
7b9872aba26fe350,longshot_yes,12,0,0.2,0.08,3,0.025,stress,177.13,-22.87,3.93,21,11,0.223794916739702,-0.0004896509688852067,-0.003424553563459965,
7b9872aba26fe350,longshot_yes,12,0,0.2,0.08,3,0.05,stress,204.48,4.48,4.63,14,8,0.2047602380119006,8.932582516585968e-05,-0.0037035824523261327,
84bc6052219d5305,longshot_yes,12,0,0.2,0.08,,0.005,costed,158.71,-41.29,5.94,147,67,0.20645,-0.0009324142299539102,-0.0025919661145800818,nonpositive_simultaneous_lower_bound;nonpositive_stress_profit
84bc6052219d5305,longshot_yes,12,0,0.2,0.08,,0.01,costed,156.98,-43.02,6.99,95,42,0.2151,-0.0009766087010055207,-0.003501979774588478,nonpositive_simultaneous_lower_bound;insufficient_release_days;nonpositive_stress_profit
84bc6052219d5305,longshot_yes,12,0,0.2,0.08,,0.025,costed,155.19,-44.81,3.84,26,12,0.22405,-0.0010228515881633186,-0.003585041692031417,nonpositive_simultaneous_lower_bound;insufficient_release_days;nonpositive_stress_profit
84bc6052219d5305,longshot_yes,12,0,0.2,0.08,,0.05,costed,151.24,-48.76,2.96,11,6,0.2438,-0.0011268120464730028,-0.00476779793902349,nonpositive_simultaneous_lower_bound;insufficient_release_days;nonpositive_stress_profit
84bc6052219d5305,longshot_yes,12,0,0.2,0.08,,0.005,stress,164.5,-35.5,3.23,84,45,0.20029168692270297,-0.0007879306304137508,-0.0020491060497558203,
84bc6052219d5305,longshot_yes,12,0,0.2,0.08,,0.01,stress,168.33,-31.67,3.01,39,22,0.20358629825889477,-0.0006951251133751875,-0.0024489673003025734,
84bc6052219d5305,longshot_yes,12,0,0.2,0.08,,0.025,stress,179.27,-20.73,3.79,20,11,0.21699060930334135,-0.00044122708581165084,-0.0032842408700977663,
84bc6052219d5305,longshot_yes,12,0,0.2,0.08,,0.05,stress,199.78,-0.22,4.87,16,9,0.22697724810400866,-4.4379251775524566e-06,-0.00391495415206149,
0503d2002b57d684,longshot_yes,6,0,0.2,0.03,1,0.005,costed,184.48,-15.52,1.48,22,21,0.0776,-0.0003257109275293862,-0.0006530012631176841,nonpositive_simultaneous_lower_bound;insufficient_release_days;nonpositive_stress_profit
0503d2002b57d684,longshot_yes,6,0,0.2,0.03,1,0.01,costed,169.86,-30.14,2.81,22,21,0.1507,-0.0006586403153071504,-0.0013203907800019119,nonpositive_simultaneous_lower_bound;insufficient_release_days;nonpositive_stress_profit
0503d2002b57d684,longshot_yes,6,0,0.2,0.03,1,0.025,costed,156.91,-43.09,4.18,14,13,0.21545,-0.0009784071531333054,-0.002436574399877887,nonpositive_simultaneous_lower_bound;insufficient_release_days;nonpositive_stress_profit
0503d2002b57d684,longshot_yes,6,0,0.2,0.03,1,0.05,costed,156.2,-43.8,3.8,10,9,0.219,-0.0009966940691227865,-0.002719714709427565,nonpositive_simultaneous_lower_bound;insufficient_release_days;nonpositive_stress_profit
0503d2002b57d684,longshot_yes,6,0,0.2,0.03,1,0.005,stress,191.62,-8.38,0.64,11,10,0.0419,-0.00017259323518269905,-0.0004000444668452684,
0503d2002b57d684,longshot_yes,6,0,0.2,0.03,1,0.01,stress,183.59,-16.41,1.18,11,10,0.08205,-0.00034521111320936473,-0.0008027406266043256,
0503d2002b57d684,longshot_yes,6,0,0.2,0.03,1,0.025,stress,161.12,-38.88,2.68,11,10,0.1944,-0.0008716449095878414,-0.002019827150700682,
0503d2002b57d684,longshot_yes,6,0,0.2,0.03,1,0.05,stress,155.4,-44.6,2.9,8,7,0.223,-0.0010173989057035862,-0.002749208805523177,
e2c1705e13d6b926,longshot_yes,6,0,0.2,0.03,3,0.005,costed,181.52,-18.48,1.21,22,21,0.0924,-0.0003909335728889129,-0.0007876744139702859,nonpositive_simultaneous_lower_bound;insufficient_release_days;nonpositive_stress_profit
e2c1705e13d6b926,longshot_yes,6,0,0.2,0.03,3,0.01,costed,164.28,-35.72,2.31,22,21,0.1786,-0.0007933269252406407,-0.0015999032112288627,nonpositive_simultaneous_lower_bound;insufficient_release_days;nonpositive_stress_profit
e2c1705e13d6b926,longshot_yes,6,0,0.2,0.03,3,0.025,costed,157.98,-42.02,2.68,11,10,0.2101,-0.0009510037250474343,-0.002617196198778089,nonpositive_simultaneous_lower_bound;insufficient_release_days;nonpositive_stress_profit
e2c1705e13d6b926,longshot_yes,6,0,0.2,0.03,3,0.05,costed,156.22,-43.78,2.78,9,8,0.2189,-0.0009961778079269575,-0.0028441674569977043,nonpositive_simultaneous_lower_bound;insufficient_release_days;nonpositive_stress_profit
e2c1705e13d6b926,longshot_yes,6,0,0.2,0.03,3,0.005,stress,191.19,-8.81,0.6,11,10,0.04405,-0.00018165188932953326,-0.0004182063108944792,
e2c1705e13d6b926,longshot_yes,6,0,0.2,0.03,3,0.01,stress,182.72,-17.28,1.11,11,10,0.0864,-0.00036436467774351284,-0.000839593430407319,
e2c1705e13d6b926,longshot_yes,6,0,0.2,0.03,3,0.025,stress,159.11,-40.89,2.52,11,10,0.20445,-0.0009222644339849658,-0.002119375077127475,
e2c1705e13d6b926,longshot_yes,6,0,0.2,0.03,3,0.05,stress,159.78,-40.22,2.48,7,6,0.2011,-0.0009053205544118574,-0.002650108913644894,
a12bde2a824e21b4,longshot_yes,6,0,0.2,0.03,,0.005,costed,181.52,-18.48,1.21,22,21,0.0924,-0.0003909335728889129,-0.0007876744139702859,nonpositive_simultaneous_lower_bound;insufficient_release_days;nonpositive_stress_profit
a12bde2a824e21b4,longshot_yes,6,0,0.2,0.03,,0.01,costed,164.28,-35.72,2.31,22,21,0.1786,-0.0007933269252406407,-0.0015999032112288627,nonpositive_simultaneous_lower_bound;insufficient_release_days;nonpositive_stress_profit
a12bde2a824e21b4,longshot_yes,6,0,0.2,0.03,,0.025,costed,157.98,-42.02,2.68,11,10,0.2101,-0.0009510037250474343,-0.002617196198778089,nonpositive_simultaneous_lower_bound;insufficient_release_days;nonpositive_stress_profit
a12bde2a824e21b4,longshot_yes,6,0,0.2,0.03,,0.05,costed,156.22,-43.78,2.78,9,8,0.2189,-0.0009961778079269575,-0.0028441674569977043,nonpositive_simultaneous_lower_bound;insufficient_release_days;nonpositive_stress_profit
a12bde2a824e21b4,longshot_yes,6,0,0.2,0.03,,0.005,stress,191.19,-8.81,0.6,11,10,0.04405,-0.00018165188932953326,-0.0004182063108944792,
a12bde2a824e21b4,longshot_yes,6,0,0.2,0.03,,0.01,stress,182.72,-17.28,1.11,11,10,0.0864,-0.00036436467774351284,-0.000839593430407319,
a12bde2a824e21b4,longshot_yes,6,0,0.2,0.03,,0.025,stress,159.11,-40.89,2.52,11,10,0.20445,-0.0009222644339849658,-0.002119375077127475,
a12bde2a824e21b4,longshot_yes,6,0,0.2,0.03,,0.05,stress,159.78,-40.22,2.48,7,6,0.2011,-0.0009053205544118574,-0.002650108913644894,
fa5df9d45f56b36c,longshot_yes,6,0,0.2,0.08,1,0.005,costed,182.43,-17.57,1.77,27,26,0.08785,-0.00037076947075769564,-0.00072647161933921,nonpositive_simultaneous_lower_bound;insufficient_release_days;nonpositive_stress_profit
fa5df9d45f56b36c,longshot_yes,6,0,0.2,0.08,1,0.01,costed,165.76,-34.24,3.36,27,26,0.1712,-0.000757162933374671,-0.0014823786175917134,nonpositive_simultaneous_lower_bound;insufficient_release_days;nonpositive_stress_profit
fa5df9d45f56b36c,longshot_yes,6,0,0.2,0.08,1,0.025,costed,157.75,-42.25,4.46,15,14,0.21125,-0.0009568784884141701,-0.0024578100667634584,nonpositive_simultaneous_lower_bound;insufficient_release_days;nonpositive_stress_profit
fa5df9d45f56b36c,longshot_yes,6,0,0.2,0.08,1,0.05,costed,156.34,-43.66,4.1,10,9,0.2183,-0.0009930816280477915,-0.003116081363833682,nonpositive_simultaneous_lower_bound;insufficient_release_days;nonpositive_stress_profit
fa5df9d45f56b36c,longshot_yes,6,0,0.2,0.08,1,0.005,stress,188.2,-11.8,0.9,17,15,0.059,-0.00024521023950305437,-0.0005377842986084314,
fa5df9d45f56b36c,longshot_yes,6,0,0.2,0.08,1,0.01,stress,176.71,-23.29,1.66,17,15,0.11645,-0.0004992233698712604,-0.0010919094750479002,
fa5df9d45f56b36c,longshot_yes,6,0,0.2,0.08,1,0.025,stress,157.59,-42.41,2.8,13,11,0.21205,-0.0009609703343308744,-0.0024397577469009216,
fa5df9d45f56b36c,longshot_yes,6,0,0.2,0.08,1,0.05,stress,155.77,-44.23,2.73,8,7,0.22115,-0.0010078097024577507,-0.002800323895617403,
746d32012a1d9522,longshot_yes,6,0,0.2,0.08,3,0.005,costed,178.45,-21.55,1.41,27,26,0.10775,-0.00045971337343494876,-0.0008848074068052899,nonpositive_simultaneous_lower_bound;insufficient_release_days;nonpositive_stress_profit
746d32012a1d9522,longshot_yes,6,0,0.2,0.08,3,0.01,costed,159.82,-40.18,2.57,26,25,0.2009,-0.0009043112282327416,-0.0017679981851547112,nonpositive_simultaneous_lower_bound;insufficient_release_days;nonpositive_stress_profit
746d32012a1d9522,longshot_yes,6,0,0.2,0.08,3,0.025,costed,156.25,-43.75,2.72,12,11,0.21875,-0.0009954035400464754,-0.0027778505875657544,nonpositive_simultaneous_lower_bound;insufficient_release_days;nonpositive_stress_profit
746d32012a1d9522,longshot_yes,6,0,0.2,0.08,3,0.05,costed,158.07,-41.93,2.63,8,7,0.20965,-0.0009487072324948895,-0.0033485538857360346,nonpositive_simultaneous_lower_bound;insufficient_release_days;nonpositive_stress_profit
746d32012a1d9522,longshot_yes,6,0,0.2,0.08,3,0.005,stress,187.63,-12.37,0.84,17,15,0.06185,-0.00025744124213206973,-0.0005654952678431098,
746d32012a1d9522,longshot_yes,6,0,0.2,0.08,3,0.01,stress,175.57,-24.43,1.56,17,15,0.12215,-0.0005253207369633847,-0.0011514883118267797,
746d32012a1d9522,longshot_yes,6,0,0.2,0.08,3,0.025,stress,156.32,-43.68,2.69,13,11,0.2184,-0.00099359749295792,-0.002550059016399775,
746d32012a1d9522,longshot_yes,6,0,0.2,0.08,3,0.05,stress,155.77,-44.23,2.73,8,7,0.22115,-0.0010078097024577507,-0.002800323895617403,
2c45aeabf5d9b08b,longshot_yes,6,0,0.2,0.08,,0.005,costed,178.45,-21.55,1.41,27,26,0.10775,-0.00045971337343494876,-0.0008848074068052899,nonpositive_simultaneous_lower_bound;insufficient_release_days;nonpositive_stress_profit
2c45aeabf5d9b08b,longshot_yes,6,0,0.2,0.08,,0.01,costed,159.82,-40.18,2.57,26,25,0.2009,-0.0009043112282327416,-0.0017679981851547112,nonpositive_simultaneous_lower_bound;insufficient_release_days;nonpositive_stress_profit
2c45aeabf5d9b08b,longshot_yes,6,0,0.2,0.08,,0.025,costed,156.25,-43.75,2.72,12,11,0.21875,-0.0009954035400464754,-0.0027778505875657544,nonpositive_simultaneous_lower_bound;insufficient_release_days;nonpositive_stress_profit
2c45aeabf5d9b08b,longshot_yes,6,0,0.2,0.08,,0.05,costed,158.07,-41.93,2.63,8,7,0.20965,-0.0009487072324948895,-0.0033485538857360346,nonpositive_simultaneous_lower_bound;insufficient_release_days;nonpositive_stress_profit
2c45aeabf5d9b08b,longshot_yes,6,0,0.2,0.08,,0.005,stress,187.63,-12.37,0.84,17,15,0.06185,-0.00025744124213206973,-0.0005654952678431098,
2c45aeabf5d9b08b,longshot_yes,6,0,0.2,0.08,,0.01,stress,175.57,-24.43,1.56,17,15,0.12215,-0.0005253207369633847,-0.0011514883118267797,
2c45aeabf5d9b08b,longshot_yes,6,0,0.2,0.08,,0.025,stress,156.32,-43.68,2.69,13,11,0.2184,-0.00099359749295792,-0.002550059016399775,
2c45aeabf5d9b08b,longshot_yes,6,0,0.2,0.08,,0.05,stress,155.77,-44.23,2.73,8,7,0.22115,-0.0010078097024577507,-0.002800323895617403,
7b772ba5eeee238c,longshot_yes,24,0,0.3,0.03,1,0.005,costed,179.14,-20.86,10.75,139,57,0.2008030336828017,-0.0004441521915362399,-0.0030794850642017757,nonpositive_simultaneous_lower_bound;insufficient_release_days;nonpositive_stress_profit
7b772ba5eeee238c,longshot_yes,24,0,0.3,0.03,1,0.01,costed,198.82,-1.18,13.68,89,38,0.20053078129398047,-2.3860781306603126e-05,-0.004901483190014778,nonpositive_simultaneous_lower_bound;insufficient_release_days;nonpositive_stress_profit
7b772ba5eeee238c,longshot_yes,24,0,0.3,0.03,1,0.025,costed,152.36,-47.64,6.26,21,11,0.2382,-0.0010970613908775535,-0.004076928767508428,nonpositive_simultaneous_lower_bound;insufficient_release_days;nonpositive_stress_profit
7b772ba5eeee238c,longshot_yes,24,0,0.3,0.03,1,0.05,costed,156.51,-43.49,6.19,12,8,0.21745,-0.0009886994388936512,-0.0040875634148871765,nonpositive_simultaneous_lower_bound;insufficient_release_days;nonpositive_stress_profit
7b772ba5eeee238c,longshot_yes,24,0,0.3,0.03,1,0.005,stress,162.04,-37.96,6.0,97,57,0.20377377033069627,-0.000848686081506237,-0.0021560019954099978,
7b772ba5eeee238c,longshot_yes,24,0,0.3,0.03,1,0.01,stress,165.3,-34.7,6.78,55,33,0.20036764705882354,-0.0007683683940365239,-0.0030193335616419716,
7b772ba5eeee238c,longshot_yes,24,0,0.3,0.03,1,0.025,stress,161.07,-38.93,4.85,17,12,0.20875,-0.0008728964251832619,-0.003274262630365311,
7b772ba5eeee238c,longshot_yes,24,0,0.3,0.03,1,0.05,stress,153.6,-46.4,6.62,13,9,0.232,-0.001064377200945423,-0.0038890950803392695,
3e4e08b8288ce740,longshot_yes,24,0,0.3,0.03,3,0.005,costed,165.69,-34.31,8.03,136,61,0.207035175879397,-0.0007588661047049647,-0.0028429349617078506,nonpositive_simultaneous_lower_bound;nonpositive_stress_profit
3e4e08b8288ce740,longshot_yes,24,0,0.3,0.03,3,0.01,costed,168.38,-31.62,10.26,92,43,0.2144623279682762,-0.0006939275670908002,-0.004227087443301515,nonpositive_simultaneous_lower_bound;insufficient_release_days;nonpositive_stress_profit
3e4e08b8288ce740,longshot_yes,24,0,0.3,0.03,3,0.025,costed,155.28,-44.72,3.72,13,6,0.2236,-0.001020513821319685,-0.004187362629237475,nonpositive_simultaneous_lower_bound;insufficient_release_days;nonpositive_stress_profit
3e4e08b8288ce740,longshot_yes,24,0,0.3,0.03,3,0.05,costed,153.04,-46.96,3.63,9,5,0.2348,-0.001079105005709836,-0.004527032101594269,nonpositive_simultaneous_lower_bound;insufficient_release_days;nonpositive_stress_profit
3e4e08b8288ce740,longshot_yes,24,0,0.3,0.03,3,0.005,stress,158.81,-41.19,4.99,104,61,0.20650544618766864,-0.0009298743847801651,-0.0023905962163970266,
3e4e08b8288ce740,longshot_yes,24,0,0.3,0.03,3,0.01,stress,157.35,-42.65,5.09,54,31,0.21325,-0.000967115899345245,-0.003474631929067611,
3e4e08b8288ce740,longshot_yes,24,0,0.3,0.03,3,0.025,stress,151.4,-48.6,2.91,14,9,0.243,-0.0011225484900995492,-0.004158535191266513,
3e4e08b8288ce740,longshot_yes,24,0,0.3,0.03,3,0.05,stress,151.65,-48.35,2.82,8,7,0.24175,-0.00111589569521551,-0.0043304790630034505,
df01382155c8ce24,longshot_yes,24,0,0.3,0.03,,0.005,costed,189.02,-10.98,7.55,139,61,0.20938597958842228,-0.000227679584601319,-0.0035941693623315497,nonpositive_simultaneous_lower_bound;nonpositive_stress_profit
df01382155c8ce24,longshot_yes,24,0,0.3,0.03,,0.01,costed,173.59,-26.41,2.91,30,13,0.2004,-0.0005710531034983023,-0.002927671596714007,nonpositive_simultaneous_lower_bound;insufficient_release_days;nonpositive_stress_profit
df01382155c8ce24,longshot_yes,24,0,0.3,0.03,,0.025,costed,150.4,-49.6,2.97,14,8,0.248,-0.00114926997996894,-0.004611609224345009,nonpositive_simultaneous_lower_bound;insufficient_release_days;nonpositive_stress_profit
df01382155c8ce24,longshot_yes,24,0,0.3,0.03,,0.05,costed,150.42,-49.58,2.84,7,5,0.2479,-0.001148733811087821,-0.0049464289084827796,nonpositive_simultaneous_lower_bound;insufficient_release_days;nonpositive_stress_profit
df01382155c8ce24,longshot_yes,24,0,0.3,0.03,,0.005,stress,161.12,-38.88,5.61,122,73,0.2018,-0.0008716449095878432,-0.002390569449203632,
df01382155c8ce24,longshot_yes,24,0,0.3,0.03,,0.01,stress,156.51,-43.49,5.01,54,32,0.21745,-0.0009886994388936504,-0.003495213570420084,
df01382155c8ce24,longshot_yes,24,0,0.3,0.03,,0.025,stress,151.24,-48.76,2.89,14,9,0.2438,-0.0011268120464730026,-0.00417118980098425,
df01382155c8ce24,longshot_yes,24,0,0.3,0.03,,0.05,stress,151.65,-48.35,2.82,8,7,0.24175,-0.00111589569521551,-0.0043304790630034505,
e3403039d71306aa,longshot_yes,24,0,0.3,0.08,1,0.005,costed,159.85,-40.15,10.24,154,42,0.20075,-0.0009035543993636538,-0.0023175164620748666,nonpositive_simultaneous_lower_bound;insufficient_release_days;nonpositive_stress_profit
e3403039d71306aa,longshot_yes,24,0,0.3,0.08,1,0.01,costed,158.8,-41.2,10.68,80,23,0.206,-0.0009301282973185543,-0.0030210150818234015,nonpositive_simultaneous_lower_bound;insufficient_release_days;nonpositive_stress_profit
e3403039d71306aa,longshot_yes,24,0,0.3,0.08,1,0.025,costed,156.76,-43.24,7.83,25,9,0.2162,-0.0009822636823250243,-0.003850820101542063,nonpositive_simultaneous_lower_bound;insufficient_release_days;nonpositive_stress_profit
e3403039d71306aa,longshot_yes,24,0,0.3,0.08,1,0.05,costed,156.88,-43.12,8.02,13,7,0.2156,-0.0009791781639513946,-0.003907200615163619,nonpositive_simultaneous_lower_bound;insufficient_release_days;nonpositive_stress_profit
e3403039d71306aa,longshot_yes,24,0,0.3,0.08,1,0.005,stress,159.34,-40.66,7.01,123,41,0.2033,-0.000916439849176681,-0.0022715740947383805,
e3403039d71306aa,longshot_yes,24,0,0.3,0.08,1,0.01,stress,156.72,-43.28,6.12,52,20,0.2164,-0.0009832927133538371,-0.003036259067422092,
e3403039d71306aa,longshot_yes,24,0,0.3,0.08,1,0.025,stress,159.61,-40.39,6.81,26,11,0.20195,-0.0009096130115063297,-0.003503112679683503,
e3403039d71306aa,longshot_yes,24,0,0.3,0.08,1,0.05,stress,160.59,-39.41,8.25,14,10,0.20735439289239882,-0.000884930780139666,-0.003583419000855721,
7be716bf34b45e70,longshot_yes,24,0,0.3,0.08,3,0.005,costed,168.54,-31.46,4.19,83,24,0.2058,-0.0006900978072735055,-0.0024714415629746417,nonpositive_simultaneous_lower_bound;insufficient_release_days;nonpositive_stress_profit
7be716bf34b45e70,longshot_yes,24,0,0.3,0.08,3,0.01,costed,156.37,-43.63,3.93,37,12,0.21815,-0.0009923079544057172,-0.0037437211250472683,nonpositive_simultaneous_lower_bound;insufficient_release_days;nonpositive_stress_profit
7be716bf34b45e70,longshot_yes,24,0,0.3,0.08,3,0.025,costed,156.96,-43.04,4.51,18,7,0.2152,-0.0009771224626249344,-0.004156579485628245,nonpositive_simultaneous_lower_bound;insufficient_release_days;nonpositive_stress_profit
7be716bf34b45e70,longshot_yes,24,0,0.3,0.08,3,0.05,costed,149.99,-50.01,5.64,12,7,0.25005,-0.0011602771828256792,-0.004714199329925628,nonpositive_simultaneous_lower_bound;insufficient_release_days;nonpositive_stress_profit
7be716bf34b45e70,longshot_yes,24,0,0.3,0.08,3,0.005,stress,162.96,-37.04,3.9,98,34,0.20824660521359897,-0.0008258572364092192,-0.0023321481191352555,
7be716bf34b45e70,longshot_yes,24,0,0.3,0.08,3,0.01,stress,158.07,-41.93,3.29,41,16,0.22564052319600256,-0.0009487072324948891,-0.003260349727995529,
7be716bf34b45e70,longshot_yes,24,0,0.3,0.08,3,0.025,stress,161.28,-38.72,2.96,17,9,0.2356,-0.0008676426680041639,-0.003738587751854044,
7be716bf34b45e70,longshot_yes,24,0,0.3,0.08,3,0.05,stress,148.99,-51.01,2.71,9,7,0.25505,-0.001187250713503181,-0.004848000576592581,
6b6abd576c691200,longshot_yes,24,0,0.3,0.08,,0.005,costed,159.4,-40.6,4.95,122,33,0.21736107662511794,-0.0009149217749674266,-0.0027376962456408666,nonpositive_simultaneous_lower_bound;insufficient_release_days;nonpositive_stress_profit
6b6abd576c691200,longshot_yes,24,0,0.3,0.08,,0.01,costed,156.7,-43.3,2.92,34,10,0.22563747776240364,-0.0009838073273631513,-0.003970412571512157,nonpositive_simultaneous_lower_bound;insufficient_release_days;nonpositive_stress_profit
6b6abd576c691200,longshot_yes,24,0,0.3,0.08,,0.025,costed,152.08,-47.92,2.53,15,6,0.2396,-0.0011044785014833187,-0.004655073456521664,nonpositive_simultaneous_lower_bound;insufficient_release_days;nonpositive_stress_profit
6b6abd576c691200,longshot_yes,24,0,0.3,0.08,,0.05,costed,147.42,-52.58,2.66,9,6,0.2629,-0.0012299665757536046,-0.005164295830708138,nonpositive_simultaneous_lower_bound;insufficient_release_days;nonpositive_stress_profit
6b6abd576c691200,longshot_yes,24,0,0.3,0.08,,0.005,stress,161.26,-38.74,3.7,95,33,0.211065472361063,-0.0008681427310127448,-0.0024114401405656745,
6b6abd576c691200,longshot_yes,24,0,0.3,0.08,,0.01,stress,159.81,-40.19,3.02,38,15,0.21983011130638547,-0.0009045635360928187,-0.0032160182929174877,
6b6abd576c691200,longshot_yes,24,0,0.3,0.08,,0.025,stress,161.69,-38.31,2.66,16,9,0.23355,-0.0008574050193399737,-0.0037170025122745852,
6b6abd576c691200,longshot_yes,24,0,0.3,0.08,,0.05,stress,148.99,-51.01,2.71,9,7,0.25505,-0.001187250713503181,-0.004848000576592581,
27098104a597bdd7,longshot_yes,18,0,0.3,0.03,1,0.005,costed,159.95,-40.05,8.5,121,94,0.20025,-0.0009010326619052815,-0.0014925409041423678,nonpositive_simultaneous_lower_bound;nonpositive_stress_profit
27098104a597bdd7,longshot_yes,18,0,0.3,0.03,1,0.01,costed,159.99,-40.01,6.68,49,39,0.20005,-0.0009000244083363548,-0.001954061564521205,nonpositive_simultaneous_lower_bound;insufficient_release_days;nonpositive_stress_profit
27098104a597bdd7,longshot_yes,18,0,0.3,0.03,1,0.025,costed,158.92,-41.08,4.98,16,13,0.2054,-0.0009270824016195096,-0.002508141113174547,nonpositive_simultaneous_lower_bound;insufficient_release_days;nonpositive_stress_profit
27098104a597bdd7,longshot_yes,18,0,0.3,0.03,1,0.05,costed,159.02,-40.98,5.52,10,7,0.2049,-0.00092454591159153,-0.0028995527837502423,nonpositive_simultaneous_lower_bound;insufficient_release_days;nonpositive_stress_profit
27098104a597bdd7,longshot_yes,18,0,0.3,0.03,1,0.005,stress,159.6,-40.4,5.46,94,74,0.202,-0.0009098656513400333,-0.0015974430837679254,
27098104a597bdd7,longshot_yes,18,0,0.3,0.03,1,0.01,stress,159.95,-40.05,3.89,36,30,0.20025,-0.0009010326619052802,-0.002047421497803203,
27098104a597bdd7,longshot_yes,18,0,0.3,0.03,1,0.025,stress,159.89,-40.11,2.87,12,11,0.20055,-0.0009025455151238211,-0.0024214795528864066,
27098104a597bdd7,longshot_yes,18,0,0.3,0.03,1,0.05,stress,154.67,-45.33,3.12,8,7,0.22665,-0.0010363852882983398,-0.0030906594873209067,
a77936b77549e056,longshot_yes,18,0,0.3,0.03,3,0.005,costed,159.7,-40.3,6.25,98,76,0.2015,-0.0009073399650285067,-0.0016441025042709576,nonpositive_simultaneous_lower_bound;nonpositive_stress_profit
a77936b77549e056,longshot_yes,18,0,0.3,0.03,3,0.01,costed,159.72,-40.28,5.81,46,36,0.2014,-0.0009068350175524853,-0.002024374807983272,nonpositive_simultaneous_lower_bound;insufficient_release_days;nonpositive_stress_profit
a77936b77549e056,longshot_yes,18,0,0.3,0.03,3,0.025,costed,157.97,-42.03,4.58,15,14,0.21015,-0.000951258971641253,-0.002589872970117079,nonpositive_simultaneous_lower_bound;insufficient_release_days;nonpositive_stress_profit
a77936b77549e056,longshot_yes,18,0,0.3,0.03,3,0.05,costed,159.91,-40.09,5.54,10,9,0.20045,-0.0009020411676479272,-0.00281783920227167,nonpositive_simultaneous_lower_bound;insufficient_release_days;nonpositive_stress_profit
a77936b77549e056,longshot_yes,18,0,0.3,0.03,3,0.005,stress,159.63,-40.37,6.2,110,84,0.20185,-0.0009091077793211668,-0.0016696211153274653,
a77936b77549e056,longshot_yes,18,0,0.3,0.03,3,0.01,stress,159.04,-40.96,5.38,52,41,0.2048,-0.0009240388049990858,-0.0022766262064022147,
a77936b77549e056,longshot_yes,18,0,0.3,0.03,3,0.025,stress,159.77,-40.23,2.86,12,11,0.20115,-0.0009055729254377276,-0.0023874218019033187,
a77936b77549e056,longshot_yes,18,0,0.3,0.03,3,0.05,stress,156.58,-43.42,3.23,8,7,0.2171,-0.0009868963914043077,-0.002956610050550865,
ee68be88df896a85,longshot_yes,18,0,0.3,0.03,,0.005,costed,159.34,-40.66,4.53,104,84,0.2033,-0.0009164398491766805,-0.0020555797314927974,nonpositive_simultaneous_lower_bound;nonpositive_stress_profit
ee68be88df896a85,longshot_yes,18,0,0.3,0.03,,0.01,costed,158.9,-41.1,2.76,30,28,0.2055,-0.0009275898911506709,-0.002232243948064403,nonpositive_simultaneous_lower_bound;insufficient_release_days;nonpositive_stress_profit
ee68be88df896a85,longshot_yes,18,0,0.3,0.03,,0.025,costed,157.84,-42.16,3.2,14,14,0.2108,-0.0009545786485228909,-0.0028211144975227773,nonpositive_simultaneous_lower_bound;insufficient_release_days;nonpositive_stress_profit
ee68be88df896a85,longshot_yes,18,0,0.3,0.03,,0.05,costed,159.5,-40.5,2.38,6,6,0.2025,-0.0009123929206578121,-0.0031166172927190195,nonpositive_simultaneous_lower_bound;insufficient_release_days;nonpositive_stress_profit
ee68be88df896a85,longshot_yes,18,0,0.3,0.03,,0.005,stress,159.74,-40.26,4.28,105,83,0.2013,-0.0009063301333015891,-0.001847332239585365,
ee68be88df896a85,longshot_yes,18,0,0.3,0.03,,0.01,stress,159.94,-40.06,4.11,50,43,0.2003,-0.000901284764694727,-0.0023278833128678664,
ee68be88df896a85,longshot_yes,18,0,0.3,0.03,,0.025,stress,158.1,-41.9,3.17,15,15,0.2095,-0.0009479420255347199,-0.0022593524767595503,
ee68be88df896a85,longshot_yes,18,0,0.3,0.03,,0.05,stress,157.89,-42.11,2.49,7,7,0.21055,-0.000953301526267094,-0.0027772849297662094,
248f5e113025aadb,longshot_yes,18,0,0.3,0.08,1,0.005,costed,159.83,-40.17,11.81,177,112,0.20085,-0.0009040589361591732,-0.0018097041536578266,nonpositive_simultaneous_lower_bound;nonpositive_stress_profit
248f5e113025aadb,longshot_yes,18,0,0.3,0.08,1,0.01,costed,159.89,-40.11,13.21,100,71,0.20055,-0.0009025455151238203,-0.002405655673725343,nonpositive_simultaneous_lower_bound;nonpositive_stress_profit
248f5e113025aadb,longshot_yes,18,0,0.3,0.08,1,0.025,costed,158.63,-41.37,6.2,20,17,0.20685,-0.0009344472585793252,-0.002893860592293814,nonpositive_simultaneous_lower_bound;insufficient_release_days;nonpositive_stress_profit
248f5e113025aadb,longshot_yes,18,0,0.3,0.08,1,0.05,costed,155.29,-44.71,6.85,12,10,0.22355,-0.001020254153092495,-0.0035532136633714814,nonpositive_simultaneous_lower_bound;insufficient_release_days;nonpositive_stress_profit
248f5e113025aadb,longshot_yes,18,0,0.3,0.08,1,0.005,stress,159.82,-40.18,7.35,132,88,0.2009,-0.0009043112282327418,-0.0017756479331654282,
248f5e113025aadb,longshot_yes,18,0,0.3,0.08,1,0.01,stress,159.68,-40.32,5.09,46,36,0.2016,-0.0009078449757454943,-0.0019112604134735305,
248f5e113025aadb,longshot_yes,18,0,0.3,0.08,1,0.025,stress,158.61,-41.39,3.93,17,12,0.20695,-0.0009349556759377747,-0.0027368980869481047,
248f5e113025aadb,longshot_yes,18,0,0.3,0.08,1,0.05,stress,156.36,-43.64,4.2,10,7,0.2182,-0.0009925658291261394,-0.0033173296438812356,
d5f35015bf78aac0,longshot_yes,18,0,0.3,0.08,3,0.005,costed,159.81,-40.19,8.39,134,89,0.20095,-0.0009045635360928199,-0.0016724965780749424,nonpositive_simultaneous_lower_bound;nonpositive_stress_profit
d5f35015bf78aac0,longshot_yes,18,0,0.3,0.08,3,0.01,costed,159.89,-40.11,6.57,52,45,0.20055,-0.0009025455151238204,-0.0019874714002367454,nonpositive_simultaneous_lower_bound;insufficient_release_days;nonpositive_stress_profit
d5f35015bf78aac0,longshot_yes,18,0,0.3,0.08,3,0.025,costed,158.7,-41.3,4.16,15,11,0.2065,-0.0009326683024825539,-0.0030806890770393317,nonpositive_simultaneous_lower_bound;insufficient_release_days;nonpositive_stress_profit
d5f35015bf78aac0,longshot_yes,18,0,0.3,0.08,3,0.05,costed,159.64,-40.36,4.62,9,7,0.2018,-0.0009088551869657397,-0.0030886291630650787,nonpositive_simultaneous_lower_bound;insufficient_release_days;nonpositive_stress_profit
d5f35015bf78aac0,longshot_yes,18,0,0.3,0.08,3,0.005,stress,159.78,-40.22,6.44,120,79,0.2011,-0.0009053205544118563,-0.0016203701808852073,
d5f35015bf78aac0,longshot_yes,18,0,0.3,0.08,3,0.01,stress,159.69,-40.31,5.02,47,36,0.20215,-0.0009075924624808924,-0.0018977469143053947,
d5f35015bf78aac0,longshot_yes,18,0,0.3,0.08,3,0.025,stress,159.16,-40.84,3.51,16,12,0.2042,-0.0009209975039891485,-0.0026755710866843536,
d5f35015bf78aac0,longshot_yes,18,0,0.3,0.08,3,0.05,stress,156.48,-43.52,4.01,10,8,0.2176,-0.000989472420409393,-0.0031090945001794046,
8b626b006de5e885,longshot_yes,18,0,0.3,0.08,,0.005,costed,159.79,-40.21,7.73,202,121,0.20305,-0.0009050681991804001,-0.0024950611650922136,nonpositive_simultaneous_lower_bound;nonpositive_stress_profit
8b626b006de5e885,longshot_yes,18,0,0.3,0.08,,0.01,costed,159.49,-40.51,3.86,47,44,0.20255,-0.0009126457347313474,-0.0023721007898825017,nonpositive_simultaneous_lower_bound;insufficient_release_days;nonpositive_stress_profit
8b626b006de5e885,longshot_yes,18,0,0.3,0.08,,0.025,costed,158.83,-41.17,3.25,15,13,0.20585,-0.000929366607665214,-0.0035449308777671835,nonpositive_simultaneous_lower_bound;insufficient_release_days;nonpositive_stress_profit
8b626b006de5e885,longshot_yes,18,0,0.3,0.08,,0.05,costed,151.89,-48.11,4.39,12,10,0.24055,-0.0011095193221697952,-0.004413649254685879,nonpositive_simultaneous_lower_bound;insufficient_release_days;nonpositive_stress_profit
8b626b006de5e885,longshot_yes,18,0,0.3,0.08,,0.005,stress,159.03,-40.97,5.79,158,97,0.20485,-0.0009242923503234369,-0.002197760758986881,
8b626b006de5e885,longshot_yes,18,0,0.3,0.08,,0.01,stress,159.25,-40.75,2.93,38,31,0.20375,-0.000918718032644209,-0.0021130659152600343,
8b626b006de5e885,longshot_yes,18,0,0.3,0.08,,0.025,stress,158.83,-41.17,3.04,17,14,0.20585,-0.0009293666076652132,-0.002671925175999176,
8b626b006de5e885,longshot_yes,18,0,0.3,0.08,,0.05,stress,156.5,-43.5,2.56,8,6,0.2175,-0.0009889570829347933,-0.003360490950830226,
723fd339d3427599,longshot_yes,12,0,0.3,0.03,1,0.005,costed,159.46,-40.54,5.23,94,57,0.2027,-0.0009134042720713206,-0.0019387606169105987,nonpositive_simultaneous_lower_bound;insufficient_release_days;nonpositive_stress_profit
723fd339d3427599,longshot_yes,12,0,0.3,0.03,1,0.01,costed,158.17,-41.83,4.07,41,28,0.20915,-0.0009461571071477391,-0.002414306606333885,nonpositive_simultaneous_lower_bound;insufficient_release_days;nonpositive_stress_profit
723fd339d3427599,longshot_yes,12,0,0.3,0.03,1,0.025,costed,158.34,-41.66,3.23,15,10,0.2083,-0.0009418255919546327,-0.0032504142820032177,nonpositive_simultaneous_lower_bound;insufficient_release_days;nonpositive_stress_profit
723fd339d3427599,longshot_yes,12,0,0.3,0.03,1,0.05,costed,149.95,-50.05,3.74,12,9,0.25025,-0.0011613526667460428,-0.004138986438826839,nonpositive_simultaneous_lower_bound;insufficient_release_days;nonpositive_stress_profit
723fd339d3427599,longshot_yes,12,0,0.3,0.03,1,0.005,stress,159.62,-40.38,4.12,90,60,0.2019,-0.0009093603875007004,-0.001897438468839501,
723fd339d3427599,longshot_yes,12,0,0.3,0.03,1,0.01,stress,159.87,-40.13,3.86,42,29,0.20065,-0.0009030499256904692,-0.0022532739295557432,
723fd339d3427599,longshot_yes,12,0,0.3,0.03,1,0.025,stress,155.44,-44.56,4.2,18,13,0.2228,-0.0010163611349953716,-0.0033888222092072345,
723fd339d3427599,longshot_yes,12,0,0.3,0.03,1,0.05,stress,162.24,-37.76,5.03,14,10,0.2027910176404108,-0.0008437122828436228,-0.0033002803848612592,
59c12778e4a261c3,longshot_yes,12,0,0.3,0.03,3,0.005,costed,159.78,-40.22,4.43,92,56,0.2011,-0.0009053205544118582,-0.0020535933050421784,nonpositive_simultaneous_lower_bound;insufficient_release_days;nonpositive_stress_profit
59c12778e4a261c3,longshot_yes,12,0,0.3,0.03,3,0.01,costed,159.72,-40.28,2.8,34,23,0.2014,-0.0009068350175524848,-0.002433703572577926,nonpositive_simultaneous_lower_bound;insufficient_release_days;nonpositive_stress_profit
59c12778e4a261c3,longshot_yes,12,0,0.3,0.03,3,0.025,costed,154.79,-45.21,2.88,15,10,0.22605,-0.0010332580925897202,-0.003520232188110926,nonpositive_simultaneous_lower_bound;insufficient_release_days;nonpositive_stress_profit
59c12778e4a261c3,longshot_yes,12,0,0.3,0.03,3,0.05,costed,158.31,-41.69,2.61,9,7,0.20845,-0.0009425896389610908,-0.0032819545081570166,nonpositive_simultaneous_lower_bound;insufficient_release_days
59c12778e4a261c3,longshot_yes,12,0,0.3,0.03,3,0.005,stress,163.48,-36.52,3.88,90,64,0.20370189965903557,-0.0008130109187579041,-0.0019379794442509948,
59c12778e4a261c3,longshot_yes,12,0,0.3,0.03,3,0.01,stress,167.91,-32.09,3.19,39,27,0.20255509118541035,-0.0007051985684542683,-0.0023610369918599552,
59c12778e4a261c3,longshot_yes,12,0,0.3,0.03,3,0.025,stress,177.37,-22.63,4.01,18,13,0.21894403100092474,-0.000484191211010248,-0.003499097980032749,
59c12778e4a261c3,longshot_yes,12,0,0.3,0.03,3,0.05,stress,206.51,6.51,4.72,15,11,0.2029718255499807,0.00012915915657525678,-0.004329378430892677,
1cd13825c62b220e,longshot_yes,12,0,0.3,0.03,,0.005,costed,159.83,-40.17,3.81,92,54,0.20085,-0.0009040589361591742,-0.0023977117351263173,nonpositive_simultaneous_lower_bound;insufficient_release_days;nonpositive_stress_profit
1cd13825c62b220e,longshot_yes,12,0,0.3,0.03,,0.01,costed,158.9,-41.1,2.62,33,22,0.2055,-0.0009275898911506711,-0.002504556663710865,nonpositive_simultaneous_lower_bound;insufficient_release_days;nonpositive_stress_profit
1cd13825c62b220e,longshot_yes,12,0,0.3,0.03,,0.025,costed,154.79,-45.21,2.88,15,10,0.22605,-0.0010332580925897202,-0.003520232188110926,nonpositive_simultaneous_lower_bound;insufficient_release_days;nonpositive_stress_profit
1cd13825c62b220e,longshot_yes,12,0,0.3,0.03,,0.05,costed,158.31,-41.69,2.61,9,7,0.20845,-0.0009425896389610908,-0.0032819545081570166,nonpositive_simultaneous_lower_bound;insufficient_release_days
1cd13825c62b220e,longshot_yes,12,0,0.3,0.03,,0.005,stress,164.59,-35.41,3.42,85,61,0.20063137445361826,-0.0007857251350486292,-0.001909938563854905,
1cd13825c62b220e,longshot_yes,12,0,0.3,0.03,,0.01,stress,168.96,-31.04,3.03,38,26,0.20211560256894598,-0.0006800619597989515,-0.0023773203593530938,
1cd13825c62b220e,longshot_yes,12,0,0.3,0.03,,0.025,stress,179.88,-20.12,3.85,18,14,0.21842276776015643,-0.00042752985744165246,-0.0035749906853083943,
1cd13825c62b220e,longshot_yes,12,0,0.3,0.03,,0.05,stress,212.11,12.11,4.36,14,12,0.20024885001131137,0.00023704694146406676,-0.004527600550070612,
003da2c6124c4405,longshot_yes,12,0,0.3,0.08,1,0.005,costed,159.65,-40.35,5.47,110,50,0.20175,-0.0009086026104324432,-0.0020623340882364493,nonpositive_simultaneous_lower_bound;insufficient_release_days;nonpositive_stress_profit
003da2c6124c4405,longshot_yes,12,0,0.3,0.08,1,0.01,costed,159.65,-40.35,4.64,53,26,0.20175,-0.000908602610432441,-0.0025944122968935253,nonpositive_simultaneous_lower_bound;insufficient_release_days;nonpositive_stress_profit
003da2c6124c4405,longshot_yes,12,0,0.3,0.08,1,0.025,costed,154.85,-45.15,5.13,30,14,0.22575,-0.0010316954037452618,-0.0037641359840371452,nonpositive_simultaneous_lower_bound;insufficient_release_days;nonpositive_stress_profit
003da2c6124c4405,longshot_yes,12,0,0.3,0.08,1,0.05,costed,155.2,-44.8,6.87,25,13,0.224,-0.0010225917693504772,-0.003950096027346162,nonpositive_simultaneous_lower_bound;insufficient_release_days;nonpositive_stress_profit
003da2c6124c4405,longshot_yes,12,0,0.3,0.08,1,0.005,stress,159.94,-40.06,4.26,92,47,0.20081946734622497,-0.0009012847646947285,-0.002025363564754653,
003da2c6124c4405,longshot_yes,12,0,0.3,0.08,1,0.01,stress,159.06,-40.94,4.18,48,24,0.20569288389513107,-0.0009235317621735808,-0.0025625727841812615,
003da2c6124c4405,longshot_yes,12,0,0.3,0.08,1,0.025,stress,158.18,-41.82,4.95,23,11,0.2113083366573594,-0.0009459021832934091,-0.003375782518875598,
003da2c6124c4405,longshot_yes,12,0,0.3,0.08,1,0.05,stress,163.26,-36.74,6.32,17,13,0.2027541752124231,-0.0008184409053420425,-0.0029459806541163942,
bf3732b55b74e4e5,longshot_yes,12,0,0.3,0.08,3,0.005,costed,159.77,-40.23,4.14,99,43,0.20115,-0.0009055729254377276,-0.0021457298081906774,nonpositive_simultaneous_lower_bound;insufficient_release_days;nonpositive_stress_profit
bf3732b55b74e4e5,longshot_yes,12,0,0.3,0.08,3,0.01,costed,159.02,-40.98,3.78,51,25,0.2049,-0.0009245459115915304,-0.002651067188890964,nonpositive_simultaneous_lower_bound;insufficient_release_days;nonpositive_stress_profit
bf3732b55b74e4e5,longshot_yes,12,0,0.3,0.08,3,0.025,costed,156.48,-43.52,3.7,27,12,0.2176,-0.0009894724204093925,-0.00347744717253937,nonpositive_simultaneous_lower_bound;insufficient_release_days;nonpositive_stress_profit
bf3732b55b74e4e5,longshot_yes,12,0,0.3,0.08,3,0.05,costed,153.84,-46.16,4.75,20,11,0.2308,-0.0010580817147883559,-0.0038723766218247808,nonpositive_simultaneous_lower_bound;insufficient_release_days
bf3732b55b74e4e5,longshot_yes,12,0,0.3,0.08,3,0.005,stress,163.82,-36.18,4.49,119,63,0.20297752262333366,-0.0008046334776636346,-0.0020228331573001715,
bf3732b55b74e4e5,longshot_yes,12,0,0.3,0.08,3,0.01,stress,167.4,-32.6,3.83,49,27,0.20678544351781653,-0.0007174645503736359,-0.002519407780550137,
bf3732b55b74e4e5,longshot_yes,12,0,0.3,0.08,3,0.025,stress,182.87,-17.13,4.57,23,14,0.20137129880338894,-0.0003610558413769957,-0.003357698183053866,
bf3732b55b74e4e5,longshot_yes,12,0,0.3,0.08,3,0.05,stress,217.42,17.42,6.21,18,13,0.2172660834503366,0.0003367483880153949,-0.004574783916369958,
1efa651f270fa345,longshot_yes,12,0,0.3,0.08,,0.005,costed,158.79,-41.21,5.49,146,68,0.20605,-0.0009303822258469001,-0.002489073327749851,nonpositive_simultaneous_lower_bound;nonpositive_stress_profit
1efa651f270fa345,longshot_yes,12,0,0.3,0.08,,0.01,costed,158.91,-41.09,5.5,78,37,0.20545,-0.0009273361384011747,-0.002771905395726471,nonpositive_simultaneous_lower_bound;insufficient_release_days;nonpositive_stress_profit
1efa651f270fa345,longshot_yes,12,0,0.3,0.08,,0.025,costed,157.15,-42.85,3.65,27,12,0.21425,-0.0009722443681631452,-0.0034068761303357397,nonpositive_simultaneous_lower_bound;insufficient_release_days;nonpositive_stress_profit
1efa651f270fa345,longshot_yes,12,0,0.3,0.08,,0.05,costed,187.61,-12.39,2.73,11,6,0.2022,-0.0002578710745666012,-0.002664519601263491,nonpositive_simultaneous_lower_bound;insufficient_release_days
1efa651f270fa345,longshot_yes,12,0,0.3,0.08,,0.005,stress,164.13,-35.87,4.31,119,66,0.20255563113400057,-0.0007970103621136776,-0.0020426012859201675,
1efa651f270fa345,longshot_yes,12,0,0.3,0.08,,0.01,stress,168.07,-31.93,3.71,49,27,0.20481642694928084,-0.0007013580937885546,-0.0024928038089057454,
1efa651f270fa345,longshot_yes,12,0,0.3,0.08,,0.025,stress,185.1,-14.9,4.44,23,14,0.2018455435298176,-0.0003121820442281639,-0.0033762099352307013,
1efa651f270fa345,longshot_yes,12,0,0.3,0.08,,0.05,stress,222.66,22.66,5.94,19,13,0.2166754617414248,0.000432776523195664,-0.004971667456296392,
8303b2dad59b60ba,longshot_yes,6,0,0.3,0.03,1,0.005,costed,184.88,-15.12,1.27,20,19,0.0756,-0.0003169774217012551,-0.0006343837816812078,nonpositive_simultaneous_lower_bound;insufficient_release_days;nonpositive_stress_profit
8303b2dad59b60ba,longshot_yes,6,0,0.3,0.03,1,0.01,costed,170.48,-29.52,2.41,20,19,0.1476,-0.0006439491078938506,-0.0012896881187692407,nonpositive_simultaneous_lower_bound;insufficient_release_days;nonpositive_stress_profit
8303b2dad59b60ba,longshot_yes,6,0,0.3,0.03,1,0.025,costed,158.72,-41.28,3.25,12,11,0.2064,-0.0009321601734333626,-0.00232646688193368,nonpositive_simultaneous_lower_bound;insufficient_release_days;nonpositive_stress_profit
8303b2dad59b60ba,longshot_yes,6,0,0.3,0.03,1,0.05,costed,158.75,-41.25,3.25,9,8,0.20625,-0.0009313980999001439,-0.002555093953232973,nonpositive_simultaneous_lower_bound;insufficient_release_days;nonpositive_stress_profit
8303b2dad59b60ba,longshot_yes,6,0,0.3,0.03,1,0.005,stress,191.62,-8.38,0.64,11,10,0.0419,-0.00017259323518269905,-0.0004000444668452684,
8303b2dad59b60ba,longshot_yes,6,0,0.3,0.03,1,0.01,stress,183.59,-16.41,1.18,11,10,0.08205,-0.00034521111320936473,-0.0008027406266043256,
8303b2dad59b60ba,longshot_yes,6,0,0.3,0.03,1,0.025,stress,161.12,-38.88,2.68,11,10,0.1944,-0.0008716449095878414,-0.002019827150700682,
8303b2dad59b60ba,longshot_yes,6,0,0.3,0.03,1,0.05,stress,155.4,-44.6,2.9,8,7,0.223,-0.0010173989057035862,-0.002749208805523177,
54caed7d78616987,longshot_yes,6,0,0.3,0.03,3,0.005,costed,183.16,-16.84,1.1,20,19,0.0842,-0.00035466644660944345,-0.0007037158630080892,nonpositive_simultaneous_lower_bound;insufficient_release_days;nonpositive_stress_profit
54caed7d78616987,longshot_yes,6,0,0.3,0.03,3,0.01,costed,167.26,-32.74,2.11,20,19,0.1637,-0.0007208382201397453,-0.0014318341297205484,nonpositive_simultaneous_lower_bound;insufficient_release_days;nonpositive_stress_profit
54caed7d78616987,longshot_yes,6,0,0.3,0.03,3,0.025,costed,158.4,-41.6,2.62,11,10,0.208,-0.0009402979321278672,-0.00247569407583128,nonpositive_simultaneous_lower_bound;insufficient_release_days;nonpositive_stress_profit
54caed7d78616987,longshot_yes,6,0,0.3,0.03,3,0.05,costed,154.1,-45.9,2.9,9,8,0.2295,-0.0010512726783143815,-0.002907795257935486,nonpositive_simultaneous_lower_bound;insufficient_release_days;nonpositive_stress_profit
54caed7d78616987,longshot_yes,6,0,0.3,0.03,3,0.005,stress,191.19,-8.81,0.6,11,10,0.04405,-0.00018165188932953326,-0.0004182063108944792,
54caed7d78616987,longshot_yes,6,0,0.3,0.03,3,0.01,stress,182.72,-17.28,1.11,11,10,0.0864,-0.00036436467774351284,-0.000839593430407319,
54caed7d78616987,longshot_yes,6,0,0.3,0.03,3,0.025,stress,159.11,-40.89,2.52,11,10,0.20445,-0.0009222644339849658,-0.002119375077127475,
54caed7d78616987,longshot_yes,6,0,0.3,0.03,3,0.05,stress,159.78,-40.22,2.48,7,6,0.2011,-0.0009053205544118574,-0.002650108913644894,
8b96d6dabb0dc04e,longshot_yes,6,0,0.3,0.03,,0.005,costed,183.16,-16.84,1.1,20,19,0.0842,-0.00035466644660944345,-0.0007037158630080892,nonpositive_simultaneous_lower_bound;insufficient_release_days;nonpositive_stress_profit
8b96d6dabb0dc04e,longshot_yes,6,0,0.3,0.03,,0.01,costed,167.26,-32.74,2.11,20,19,0.1637,-0.0007208382201397453,-0.0014318341297205484,nonpositive_simultaneous_lower_bound;insufficient_release_days;nonpositive_stress_profit
8b96d6dabb0dc04e,longshot_yes,6,0,0.3,0.03,,0.025,costed,158.4,-41.6,2.62,11,10,0.208,-0.0009402979321278672,-0.00247569407583128,nonpositive_simultaneous_lower_bound;insufficient_release_days;nonpositive_stress_profit
8b96d6dabb0dc04e,longshot_yes,6,0,0.3,0.03,,0.05,costed,154.1,-45.9,2.9,9,8,0.2295,-0.0010512726783143815,-0.002907795257935486,nonpositive_simultaneous_lower_bound;insufficient_release_days;nonpositive_stress_profit
8b96d6dabb0dc04e,longshot_yes,6,0,0.3,0.03,,0.005,stress,191.19,-8.81,0.6,11,10,0.04405,-0.00018165188932953326,-0.0004182063108944792,
8b96d6dabb0dc04e,longshot_yes,6,0,0.3,0.03,,0.01,stress,182.72,-17.28,1.11,11,10,0.0864,-0.00036436467774351284,-0.000839593430407319,
8b96d6dabb0dc04e,longshot_yes,6,0,0.3,0.03,,0.025,stress,159.11,-40.89,2.52,11,10,0.20445,-0.0009222644339849658,-0.002119375077127475,
8b96d6dabb0dc04e,longshot_yes,6,0,0.3,0.03,,0.05,stress,159.78,-40.22,2.48,7,6,0.2011,-0.0009053205544118574,-0.002650108913644894,
7874022bdea56e19,longshot_yes,6,0,0.3,0.08,1,0.005,costed,182.54,-17.46,1.56,26,25,0.0873,-0.00036833886878752164,-0.0007109542877455126,nonpositive_simultaneous_lower_bound;insufficient_release_days;nonpositive_stress_profit
7874022bdea56e19,longshot_yes,6,0,0.3,0.08,1,0.01,costed,165.88,-34.12,2.96,26,25,0.1706,-0.0007542448837494191,-0.0014500878563646594,nonpositive_simultaneous_lower_bound;insufficient_release_days;nonpositive_stress_profit
7874022bdea56e19,longshot_yes,6,0,0.3,0.08,1,0.025,costed,159.46,-40.54,3.42,13,12,0.2027,-0.0009134042720713198,-0.002328997695525881,nonpositive_simultaneous_lower_bound;insufficient_release_days;nonpositive_stress_profit
7874022bdea56e19,longshot_yes,6,0,0.3,0.08,1,0.05,costed,158.56,-41.44,3.33,9,8,0.2072,-0.0009362269998643508,-0.00294641091054522,nonpositive_simultaneous_lower_bound;insufficient_release_days;nonpositive_stress_profit
7874022bdea56e19,longshot_yes,6,0,0.3,0.08,1,0.005,stress,188.95,-11.05,0.94,18,16,0.05525,-0.00022917313206668888,-0.0005012093197528345,
7874022bdea56e19,longshot_yes,6,0,0.3,0.08,1,0.01,stress,178.35,-21.65,1.78,18,16,0.10825,-0.00046197360783522694,-0.0010166835221299057,
7874022bdea56e19,longshot_yes,6,0,0.3,0.08,1,0.025,stress,158.49,-41.51,3.32,15,13,0.20755,-0.0009380075270310589,-0.00233430436748807,
7874022bdea56e19,longshot_yes,6,0,0.3,0.08,1,0.05,stress,159.39,-40.61,3.73,10,9,0.20305,-0.0009151747476494969,-0.0026026533802449613,
021084b6c7ef026a,longshot_yes,6,0,0.3,0.08,3,0.005,costed,180.02,-19.98,1.31,26,25,0.0999,-0.0004243927851576514,-0.0007961588929255791,nonpositive_simultaneous_lower_bound;insufficient_release_days;nonpositive_stress_profit
021084b6c7ef026a,longshot_yes,6,0,0.3,0.08,3,0.01,costed,160.89,-39.11,2.51,26,25,0.19555,-0.0008774051003431174,-0.0016314808486903294,nonpositive_simultaneous_lower_bound;insufficient_release_days;nonpositive_stress_profit
021084b6c7ef026a,longshot_yes,6,0,0.3,0.08,3,0.025,costed,157.63,-42.37,2.63,12,11,0.21185,-0.0009599469835063939,-0.002548607423716407,nonpositive_simultaneous_lower_bound;insufficient_release_days;nonpositive_stress_profit
021084b6c7ef026a,longshot_yes,6,0,0.3,0.08,3,0.05,costed,159.14,-40.86,2.56,8,7,0.2043,-0.0009215042282203543,-0.00306753407275557,nonpositive_simultaneous_lower_bound;insufficient_release_days;nonpositive_stress_profit
021084b6c7ef026a,longshot_yes,6,0,0.3,0.08,3,0.005,stress,187.54,-12.46,0.84,18,16,0.0623,-0.00025937584901837747,-0.0005561252897010652,
021084b6c7ef026a,longshot_yes,6,0,0.3,0.08,3,0.01,stress,175.14,-24.86,1.59,18,16,0.1243,-0.0005352085179595082,-0.0011451644292159665,
021084b6c7ef026a,longshot_yes,6,0,0.3,0.08,3,0.025,stress,157.65,-42.35,2.62,13,11,0.21175,-0.0009594354054716404,-0.002476898832010946,
021084b6c7ef026a,longshot_yes,6,0,0.3,0.08,3,0.05,stress,158.72,-41.28,2.58,8,7,0.2064,-0.000932160173433363,-0.0025524604861094525,
3653a6deba14ed8c,longshot_yes,6,0,0.3,0.08,,0.005,costed,180.02,-19.98,1.31,26,25,0.0999,-0.0004243927851576514,-0.0007961588929255791,nonpositive_simultaneous_lower_bound;insufficient_release_days;nonpositive_stress_profit
3653a6deba14ed8c,longshot_yes,6,0,0.3,0.08,,0.01,costed,160.89,-39.11,2.51,26,25,0.19555,-0.0008774051003431174,-0.0016314808486903294,nonpositive_simultaneous_lower_bound;insufficient_release_days;nonpositive_stress_profit
3653a6deba14ed8c,longshot_yes,6,0,0.3,0.08,,0.025,costed,157.63,-42.37,2.63,12,11,0.21185,-0.0009599469835063939,-0.002548607423716407,nonpositive_simultaneous_lower_bound;insufficient_release_days;nonpositive_stress_profit
3653a6deba14ed8c,longshot_yes,6,0,0.3,0.08,,0.05,costed,159.14,-40.86,2.56,8,7,0.2043,-0.0009215042282203543,-0.00306753407275557,nonpositive_simultaneous_lower_bound;insufficient_release_days;nonpositive_stress_profit
3653a6deba14ed8c,longshot_yes,6,0,0.3,0.08,,0.005,stress,187.54,-12.46,0.84,18,16,0.0623,-0.00025937584901837747,-0.0005561252897010652,
3653a6deba14ed8c,longshot_yes,6,0,0.3,0.08,,0.01,stress,175.14,-24.86,1.59,18,16,0.1243,-0.0005352085179595082,-0.0011451644292159665,
3653a6deba14ed8c,longshot_yes,6,0,0.3,0.08,,0.025,stress,157.65,-42.35,2.62,13,11,0.21175,-0.0009594354054716404,-0.002476898832010946,
3653a6deba14ed8c,longshot_yes,6,0,0.3,0.08,,0.05,stress,158.72,-41.28,2.58,8,7,0.2064,-0.000932160173433363,-0.0025524604861094525,
798ea6b369a04771,longshot_no,24,0,0.1,0.03,1,0.005,costed,188.5,-11.5,2.94,150,116,0.057547122643867805,-0.0002387877405644028,-0.00041790693026840593,nonpositive_simultaneous_lower_bound;nonpositive_stress_profit
798ea6b369a04771,longshot_no,24,0,0.1,0.03,1,0.01,costed,160.0,-40.0,9.49,489,205,0.2001199820026996,-0.0008997723843314901,-0.0012987420788461795,nonpositive_simultaneous_lower_bound;nonpositive_stress_profit
798ea6b369a04771,longshot_no,24,0,0.1,0.03,1,0.025,costed,159.77,-40.23,4.03,99,51,0.2015891259807106,-0.0009055729254377286,-0.002118364703573133,nonpositive_simultaneous_lower_bound;insufficient_release_days;nonpositive_stress_profit
798ea6b369a04771,longshot_no,24,0,0.1,0.03,1,0.05,costed,154.25,-45.75,3.29,49,34,0.22963591869350247,-0.0010473496119457223,-0.002771852809530533,nonpositive_simultaneous_lower_bound;insufficient_release_days;nonpositive_stress_profit
798ea6b369a04771,longshot_no,24,0,0.1,0.03,1,0.005,stress,190.74,-9.26,1.84,96,84,0.0463,-0.00019115371934383193,-0.00034190494530773256,
798ea6b369a04771,longshot_no,24,0,0.1,0.03,1,0.01,stress,173.07,-26.93,5.71,287,170,0.13465,-0.0005831501193997115,-0.0008107083149861716,
798ea6b369a04771,longshot_no,24,0,0.1,0.03,1,0.025,stress,160.05,-39.95,5.43,122,83,0.20075,-0.0008985125005329194,-0.0015655821907228592,
798ea6b369a04771,longshot_no,24,0,0.1,0.03,1,0.05,stress,160.12,-39.88,5.13,64,51,0.201,-0.0008967493242889673,-0.0018016612088931894,
50a22f07bc2a7200,longshot_no,24,0,0.1,0.03,3,0.005,costed,194.89,-5.11,3.3,259,162,0.027515605493133585,-0.00010436318433106437,-0.0004218907462818049,nonpositive_simultaneous_lower_bound;nonpositive_stress_profit
50a22f07bc2a7200,longshot_no,24,0,0.1,0.03,3,0.01,costed,187.05,-12.95,7.44,556,223,0.06750087242634228,-0.0002699250232011366,-0.000860007719722954,nonpositive_simultaneous_lower_bound;nonpositive_stress_profit
50a22f07bc2a7200,longshot_no,24,0,0.1,0.03,3,0.025,costed,165.63,-34.37,9.67,457,217,0.17736167676567002,-0.0007603265386450542,-0.0023450354790577575,nonpositive_simultaneous_lower_bound;nonpositive_stress_profit
50a22f07bc2a7200,longshot_no,24,0,0.1,0.03,3,0.05,costed,160.04,-39.96,2.12,45,35,0.20567798292634504,-0.0008987644458024307,-0.00287630901268305,nonpositive_simultaneous_lower_bound;insufficient_release_days;nonpositive_stress_profit
50a22f07bc2a7200,longshot_no,24,0,0.1,0.03,3,0.005,stress,194.7,-5.3,2.08,167,123,0.030040352712599014,-0.00010829618616888866,-0.0003526066763368394,
50a22f07bc2a7200,longshot_no,24,0,0.1,0.03,3,0.01,stress,187.42,-12.58,3.97,287,171,0.07089034304977196,-0.00026195676956596226,-0.0007865869656818309,
50a22f07bc2a7200,longshot_no,24,0,0.1,0.03,3,0.025,stress,169.46,-30.54,6.02,259,163,0.16878402903811252,-0.0006681469991037031,-0.0019461491187444423,
50a22f07bc2a7200,longshot_no,24,0,0.1,0.03,3,0.05,stress,172.23,-27.77,6.0,153,126,0.16801120718805854,-0.0006027684423402478,-0.002591533723777192,
ed35822aa5d87f65,longshot_no,24,0,0.1,0.03,,0.005,costed,195.66,-4.34,2.73,270,171,0.03374875373878365,-8.846333676917178e-05,-0.0004020669393452052,nonpositive_simultaneous_lower_bound;nonpositive_stress_profit
ed35822aa5d87f65,longshot_no,24,0,0.1,0.03,,0.01,costed,194.95,-5.05,6.06,556,229,0.055152899126290705,-0.00010312198032027882,-0.0007460970914789656,nonpositive_simultaneous_lower_bound;nonpositive_stress_profit
ed35822aa5d87f65,longshot_no,24,0,0.1,0.03,,0.025,costed,192.13,-7.87,6.77,437,221,0.11064605081741186,-0.00016187556574365715,-0.0015102619611850965,nonpositive_simultaneous_lower_bound;nonpositive_stress_profit
ed35822aa5d87f65,longshot_no,24,0,0.1,0.03,,0.05,costed,163.81,-36.19,2.53,105,76,0.2010827155676941,-0.000804879624723777,-0.00291089633157386,nonpositive_simultaneous_lower_bound;nonpositive_stress_profit
ed35822aa5d87f65,longshot_no,24,0,0.1,0.03,,0.005,stress,198.34,-1.66,2.08,205,144,0.017208793395006465,-3.360740641152313e-05,-0.00028173251514570813,
ed35822aa5d87f65,longshot_no,24,0,0.1,0.03,,0.01,stress,195.72,-4.28,3.21,287,175,0.04035520473606315,-8.722701664159187e-05,-0.0006105099947048307,
ed35822aa5d87f65,longshot_no,24,0,0.1,0.03,,0.025,stress,190.98,-9.02,4.19,248,165,0.09577890426983818,-0.0001860832904273393,-0.0014046165707633082,
ed35822aa5d87f65,longshot_no,24,0,0.1,0.03,,0.05,stress,182.7,-17.3,4.0,147,123,0.1791995436828596,-0.00036480606114546214,-0.0024698130523104437,
f1e72f2348dacaea,longshot_no,24,0,0.1,0.08,1,0.005,costed,187.53,-12.47,2.66,129,85,0.06235,-0.00025959086264599275,-0.00050911457422156,nonpositive_simultaneous_lower_bound;nonpositive_stress_profit
f1e72f2348dacaea,longshot_no,24,0,0.1,0.08,1,0.01,costed,159.98,-40.02,9.13,455,142,0.2001,-0.000900276448094197,-0.001489085576912295,nonpositive_simultaneous_lower_bound;nonpositive_stress_profit
f1e72f2348dacaea,longshot_no,24,0,0.1,0.08,1,0.025,costed,159.88,-40.12,5.09,118,43,0.2006,-0.000902797712519814,-0.0022497234016178066,nonpositive_simultaneous_lower_bound;insufficient_release_days;nonpositive_stress_profit
f1e72f2348dacaea,longshot_no,24,0,0.1,0.08,1,0.05,costed,152.34,-47.66,4.01,56,35,0.2383,-0.0010975907322717522,-0.002891577885170812,nonpositive_simultaneous_lower_bound;insufficient_release_days;nonpositive_stress_profit
f1e72f2348dacaea,longshot_no,24,0,0.1,0.08,1,0.005,stress,190.86,-9.14,1.99,97,76,0.0457,-0.0001886177078989047,-0.0003981589368941751,
f1e72f2348dacaea,longshot_no,24,0,0.1,0.08,1,0.01,stress,159.94,-40.06,7.54,384,189,0.2003,-0.0009012847646947267,-0.001366441654938386,
f1e72f2348dacaea,longshot_no,24,0,0.1,0.08,1,0.025,stress,158.88,-41.12,5.44,103,53,0.2056,-0.0009280974445611865,-0.002088117782404359,
f1e72f2348dacaea,longshot_no,24,0,0.1,0.08,1,0.05,stress,159.33,-40.67,5.38,60,45,0.20335,-0.0009166929171194322,-0.0020269304074921482,
2b76af7d2cdd73ca,longshot_no,24,0,0.1,0.08,3,0.005,costed,192.36,-7.64,3.54,276,166,0.03995,-0.0001570514118490951,-0.0004968559795094434,nonpositive_simultaneous_lower_bound;nonpositive_stress_profit
2b76af7d2cdd73ca,longshot_no,24,0,0.1,0.08,3,0.01,costed,179.89,-20.11,9.69,759,240,0.10055,-0.0004273056998929078,-0.0010159693673612703,nonpositive_simultaneous_lower_bound;nonpositive_stress_profit
2b76af7d2cdd73ca,longshot_no,24,0,0.1,0.08,3,0.025,costed,159.95,-40.05,3.31,111,46,0.20265,-0.0009010326619052824,-0.0024564840696181746,nonpositive_simultaneous_lower_bound;insufficient_release_days;nonpositive_stress_profit
2b76af7d2cdd73ca,longshot_no,24,0,0.1,0.08,3,0.05,costed,157.31,-42.69,2.85,60,41,0.21345,-0.0009681410714259005,-0.002949005127358607,nonpositive_simultaneous_lower_bound;insufficient_release_days;nonpositive_stress_profit
2b76af7d2cdd73ca,longshot_no,24,0,0.1,0.08,3,0.005,stress,192.06,-7.94,1.74,148,112,0.040083966413434625,-0.00016334493281536545,-0.00042905813177638295,
2b76af7d2cdd73ca,longshot_no,24,0,0.1,0.08,3,0.01,stress,179.24,-20.76,5.65,454,211,0.10469530469530469,-0.00044190192189554647,-0.0009756886611276823,
2b76af7d2cdd73ca,longshot_no,24,0,0.1,0.08,3,0.025,stress,162.06,-37.94,8.01,361,194,0.19204307508226146,-0.0008481884254655564,-0.0023858147310638978,
2b76af7d2cdd73ca,longshot_no,24,0,0.1,0.08,3,0.05,stress,176.22,-23.78,8.02,201,150,0.12328358208955224,-0.0005104199681832772,-0.0024818503223452593,
d57d9ea896ec0c86,longshot_no,24,0,0.1,0.08,,0.005,costed,190.18,-9.82,2.42,239,146,0.0531548184043563,-0.00020300957434168837,-0.0005497167225089496,nonpositive_simultaneous_lower_bound;nonpositive_stress_profit
d57d9ea896ec0c86,longshot_no,24,0,0.1,0.08,,0.01,costed,185.99,-14.01,7.94,759,240,0.08484727490517069,-0.00029284055532662046,-0.0008857851735469092,nonpositive_simultaneous_lower_bound;nonpositive_stress_profit
d57d9ea896ec0c86,longshot_no,24,0,0.1,0.08,,0.025,costed,175.84,-24.16,7.85,489,225,0.1870109156158102,-0.0005191244995674454,-0.002261178535015352,nonpositive_simultaneous_lower_bound;nonpositive_stress_profit
d57d9ea896ec0c86,longshot_no,24,0,0.1,0.08,,0.05,costed,161.22,-38.78,1.51,63,44,0.2,-0.0008691430431152487,-0.002801295796800134,nonpositive_simultaneous_lower_bound;insufficient_release_days
d57d9ea896ec0c86,longshot_no,24,0,0.1,0.08,,0.005,stress,192.05,-7.95,1.56,152,113,0.04043382646941224,-0.0001635548861134023,-0.0004483196158539959,
d57d9ea896ec0c86,longshot_no,24,0,0.1,0.08,,0.01,stress,187.27,-12.73,4.86,454,216,0.06573426573426573,-0.0002651852450629834,-0.0008398772644164919,
d57d9ea896ec0c86,longshot_no,24,0,0.1,0.08,,0.025,stress,184.73,-15.27,5.7,339,199,0.1234109907503586,-0.00032025027007052774,-0.0017891670827412816,
d57d9ea896ec0c86,longshot_no,24,0,0.1,0.08,,0.05,stress,201.62,1.62,5.3,188,147,0.11115537848605578,3.252972208773431e-05,-0.0018104588364261153,
6ec89d76c962ab75,longshot_no,18,0,0.1,0.03,1,0.005,costed,193.05,-6.95,2.05,101,83,0.03475,-0.00014261348321689866,-0.00022468253877064325,nonpositive_simultaneous_lower_bound;nonpositive_stress_profit
6ec89d76c962ab75,longshot_no,18,0,0.1,0.03,1,0.01,costed,182.26,-17.74,5.01,226,152,0.0887955602219889,-0.0003745287398389331,-0.0005364168030082146,nonpositive_simultaneous_lower_bound;nonpositive_stress_profit
6ec89d76c962ab75,longshot_no,18,0,0.1,0.03,1,0.025,costed,160.03,-39.97,7.52,169,123,0.20000999800039992,-0.0008990164068150709,-0.0013909989008228556,nonpositive_simultaneous_lower_bound;nonpositive_stress_profit
6ec89d76c962ab75,longshot_no,18,0,0.1,0.03,1,0.05,costed,159.6,-40.4,6.18,75,60,0.20235893847768505,-0.0009098656513400324,-0.001873690648334794,nonpositive_simultaneous_lower_bound;nonpositive_stress_profit
6ec89d76c962ab75,longshot_no,18,0,0.1,0.03,1,0.005,stress,192.74,-7.26,1.59,71,62,0.0363,-0.00014909369405199788,-0.00024963662381961073,
6ec89d76c962ab75,longshot_no,18,0,0.1,0.03,1,0.01,stress,181.79,-18.21,3.64,151,108,0.09105,-0.00038494028958897954,-0.0005975604172241763,
6ec89d76c962ab75,longshot_no,18,0,0.1,0.03,1,0.025,stress,159.84,-40.16,5.71,106,82,0.2008,-0.0009038066598701378,-0.0014896128454836947,
6ec89d76c962ab75,longshot_no,18,0,0.1,0.03,1,0.05,stress,159.68,-40.32,5.35,54,44,0.2016,-0.0009078449757454954,-0.0018154524361629902,
a364e79e49a78f49,longshot_no,18,0,0.1,0.03,3,0.005,costed,192.99,-7.01,2.04,104,87,0.03505,-0.00014386690506861997,-0.0002449868303265465,nonpositive_simultaneous_lower_bound;nonpositive_stress_profit
a364e79e49a78f49,longshot_no,18,0,0.1,0.03,3,0.01,costed,182.03,-17.97,4.65,226,148,0.0899,-0.0003796203947186679,-0.0006056144210475965,nonpositive_simultaneous_lower_bound;nonpositive_stress_profit
a364e79e49a78f49,longshot_no,18,0,0.1,0.03,3,0.025,costed,159.97,-40.03,7.71,195,135,0.20015,-0.0009005285036069841,-0.0014853669453901044,nonpositive_simultaneous_lower_bound;nonpositive_stress_profit
a364e79e49a78f49,longshot_no,18,0,0.1,0.03,3,0.05,costed,159.2,-40.8,6.03,80,61,0.204,-0.0009199842465232015,-0.001973231913829329,nonpositive_simultaneous_lower_bound;nonpositive_stress_profit
a364e79e49a78f49,longshot_no,18,0,0.1,0.03,3,0.005,stress,192.52,-7.48,1.3,63,50,0.0374,-0.000153698879488421,-0.0003038726382760679,
a364e79e49a78f49,longshot_no,18,0,0.1,0.03,3,0.01,stress,181.24,-18.76,3.26,151,107,0.0938,-0.0003971582530205596,-0.000728390023700175,
a364e79e49a78f49,longshot_no,18,0,0.1,0.03,3,0.025,stress,159.84,-40.16,4.74,103,80,0.2008,-0.0009038066598701354,-0.0017394766840339764,
a364e79e49a78f49,longshot_no,18,0,0.1,0.03,3,0.05,stress,159.79,-40.21,4.76,62,50,0.20105,-0.0009050681991804013,-0.0022038642227994888,
e069c2e8a32fac8d,longshot_no,18,0,0.1,0.03,,0.005,costed,200.06,0.06,1.88,188,135,0.010642001094037496,1.2094960040257972e-06,-0.0001805734095705656,nonpositive_simultaneous_lower_bound
e069c2e8a32fac8d,longshot_no,18,0,0.1,0.03,,0.01,costed,202.47,2.47,2.54,226,152,0.01951819075712881,4.949339062656232e-05,-0.00031371048778889557,nonpositive_simultaneous_lower_bound
e069c2e8a32fac8d,longshot_no,18,0,0.1,0.03,,0.025,costed,205.15,5.15,3.99,213,150,0.0472437183529187,0.00010251634008128528,-0.0007838703008640025,nonpositive_simultaneous_lower_bound
e069c2e8a32fac8d,longshot_no,18,0,0.1,0.03,,0.05,costed,209.49,9.49,5.42,175,136,0.10908351777406387,0.00018692999587910258,-0.0015546025354439858,nonpositive_simultaneous_lower_bound
e069c2e8a32fac8d,longshot_no,18,0,0.1,0.03,,0.005,stress,200.78,0.78,1.43,141,100,0.009369422962522309,1.5695220626385906e-05,-0.00014692157671512008,
e069c2e8a32fac8d,longshot_no,18,0,0.1,0.03,,0.01,stress,201.16,1.16,1.83,151,108,0.018240078876016762,2.3319535305347715e-05,-0.0003201264830921636,
e069c2e8a32fac8d,longshot_no,18,0,0.1,0.03,,0.025,stress,205.24,5.24,2.9,141,104,0.041619907294462063,0.00010428491744244866,-0.0006174424347071641,
e069c2e8a32fac8d,longshot_no,18,0,0.1,0.03,,0.05,stress,203.58,3.58,3.7,113,95,0.1014085847530218,7.153903821031387e-05,-0.001333413638228376,
cbca4d0c7ad839b5,longshot_no,18,0,0.1,0.08,1,0.005,costed,191.34,-8.66,2.53,122,100,0.0433,-0.00017848958184683603,-0.0002654959090092093,nonpositive_simultaneous_lower_bound;nonpositive_stress_profit
cbca4d0c7ad839b5,longshot_no,18,0,0.1,0.08,1,0.01,costed,175.89,-24.11,7.01,320,182,0.1206,-0.0005179780923540436,-0.0006910654020398869,nonpositive_simultaneous_lower_bound;nonpositive_stress_profit
cbca4d0c7ad839b5,longshot_no,18,0,0.1,0.08,1,0.025,costed,159.82,-40.18,7.95,173,110,0.2009,-0.0009043112282327425,-0.0015133350007173313,nonpositive_simultaneous_lower_bound;nonpositive_stress_profit
cbca4d0c7ad839b5,longshot_no,18,0,0.1,0.08,1,0.05,costed,159.78,-40.22,6.4,75,56,0.2011,-0.0009053205544118591,-0.0019236667465760552,nonpositive_simultaneous_lower_bound;insufficient_release_days;nonpositive_stress_profit
cbca4d0c7ad839b5,longshot_no,18,0,0.1,0.08,1,0.005,stress,191.87,-8.13,1.84,81,69,0.04065,-0.0001673359160404396,-0.0002852851243720011,
cbca4d0c7ad839b5,longshot_no,18,0,0.1,0.08,1,0.01,stress,174.04,-25.96,5.36,229,148,0.1298,-0.0005606137447401465,-0.0008267437720263438,
cbca4d0c7ad839b5,longshot_no,18,0,0.1,0.08,1,0.025,stress,159.61,-40.39,5.8,110,81,0.20195,-0.0009096130115063293,-0.0015499024091238816,
cbca4d0c7ad839b5,longshot_no,18,0,0.1,0.08,1,0.05,stress,159.5,-40.5,4.42,46,37,0.2025,-0.0009123929206578124,-0.0020175644244834223,
a8f0cf55145a0bb0,longshot_no,18,0,0.1,0.08,3,0.005,costed,191.09,-8.91,2.62,129,101,0.04455,-0.00018376147296272812,-0.00031151500159985903,nonpositive_simultaneous_lower_bound;nonpositive_stress_profit
a8f0cf55145a0bb0,longshot_no,18,0,0.1,0.08,3,0.01,costed,175.74,-24.26,6.65,320,180,0.12139393030348483,-0.0005214182922594314,-0.000815826223794767,nonpositive_simultaneous_lower_bound;nonpositive_stress_profit
a8f0cf55145a0bb0,longshot_no,18,0,0.1,0.08,3,0.025,costed,160.02,-39.98,8.28,195,120,0.2006598680263947,-0.0008992683835728198,-0.0016143886097054964,nonpositive_simultaneous_lower_bound;nonpositive_stress_profit
a8f0cf55145a0bb0,longshot_no,18,0,0.1,0.08,3,0.05,costed,160.32,-39.68,7.1,95,67,0.20115947823479435,-0.000891715921982002,-0.001986133105913348,nonpositive_simultaneous_lower_bound;nonpositive_stress_profit
a8f0cf55145a0bb0,longshot_no,18,0,0.1,0.08,3,0.005,stress,191.62,-8.38,1.5,74,59,0.042139465133716573,-0.0001725932351826982,-0.0003309002180480774,
a8f0cf55145a0bb0,longshot_no,18,0,0.1,0.08,3,0.01,stress,172.29,-27.71,4.86,229,143,0.13902353705461995,-0.000601363963724687,-0.0010379378733920345,
a8f0cf55145a0bb0,longshot_no,18,0,0.1,0.08,3,0.025,stress,160.22,-39.78,4.69,103,70,0.2000199720391452,-0.0008942318377462348,-0.0018628933136237776,
a8f0cf55145a0bb0,longshot_no,18,0,0.1,0.08,3,0.05,stress,158.87,-41.13,3.95,51,37,0.20786796968488233,-0.0009283512452262284,-0.0023674087571563356,
a4ec694fd2f1308b,longshot_no,18,0,0.1,0.08,,0.005,costed,197.97,-2.03,2.17,216,156,0.019508310938588635,-4.113654227659681e-05,-0.0003201320702360236,nonpositive_simultaneous_lower_bound;nonpositive_stress_profit
a4ec694fd2f1308b,longshot_no,18,0,0.1,0.08,,0.01,costed,197.82,-2.18,3.7,320,187,0.036005737177901974,-4.4192904178801384e-05,-0.0006113731960038885,nonpositive_simultaneous_lower_bound;nonpositive_stress_profit
a4ec694fd2f1308b,longshot_no,18,0,0.1,0.08,,0.025,costed,199.68,-0.32,5.73,294,182,0.07527456506949169,-6.456779705537872e-06,-0.0012645655040377348,nonpositive_simultaneous_lower_bound;nonpositive_stress_profit
a4ec694fd2f1308b,longshot_no,18,0,0.1,0.08,,0.05,costed,200.83,0.83,7.31,235,169,0.10773232442657839,1.6699243953832078e-05,-0.0019333929770464294,nonpositive_simultaneous_lower_bound;nonpositive_stress_profit
a4ec694fd2f1308b,longshot_no,18,0,0.1,0.08,,0.005,stress,198.18,-1.82,1.66,162,122,0.018320306666002886,-3.686152386001643e-05,-0.0003110294247034543,
a4ec694fd2f1308b,longshot_no,18,0,0.1,0.08,,0.01,stress,194.95,-5.05,2.75,229,148,0.04466009803436154,-0.00010312198032028348,-0.0006925281908795877,
a4ec694fd2f1308b,longshot_no,18,0,0.1,0.08,,0.025,stress,184.55,-15.45,4.38,217,146,0.11822347893915756,-0.00032418119787108187,-0.001859745807536244,
a4ec694fd2f1308b,longshot_no,18,0,0.1,0.08,,0.05,stress,166.65,-33.35,4.95,154,123,0.20902341519131926,-0.0007355708136866452,-0.003062759533178367,
0e2fe6ea0115cfe3,longshot_no,12,0,0.1,0.03,1,0.005,costed,194.29,-5.71,1.16,49,46,0.0289,-0.00011679628343957503,-0.0002494883379402754,nonpositive_simultaneous_lower_bound;insufficient_release_days;nonpositive_stress_profit
0e2fe6ea0115cfe3,longshot_no,12,0,0.1,0.03,1,0.01,costed,180.94,-19.06,3.67,163,126,0.0956,-0.00040383823367113193,-0.0006658604552429357,nonpositive_simultaneous_lower_bound;nonpositive_stress_profit
0e2fe6ea0115cfe3,longshot_no,12,0,0.1,0.03,1,0.025,costed,159.29,-40.71,4.44,93,71,0.20355,-0.0009177053477479445,-0.001746925926938441,nonpositive_simultaneous_lower_bound;nonpositive_stress_profit
0e2fe6ea0115cfe3,longshot_no,12,0,0.1,0.03,1,0.05,costed,156.31,-43.69,4.26,49,37,0.21845,-0.00099385545016394,-0.002352198986150927,nonpositive_simultaneous_lower_bound;insufficient_release_days;nonpositive_stress_profit
0e2fe6ea0115cfe3,longshot_no,12,0,0.1,0.03,1,0.005,stress,196.72,-3.28,0.87,36,33,0.017383485688595834,-6.667729290362612e-05,-0.00015057402324956495,
0e2fe6ea0115cfe3,longshot_no,12,0,0.1,0.03,1,0.01,stress,185.51,-14.49,2.38,94,77,0.07465069860279441,-0.0003032603935393349,-0.0005404832430116449,
0e2fe6ea0115cfe3,longshot_no,12,0,0.1,0.03,1,0.025,stress,160.28,-39.72,4.13,69,56,0.20043899032225881,-0.0008927220999197289,-0.001757259545147437,
0e2fe6ea0115cfe3,longshot_no,12,0,0.1,0.03,1,0.05,stress,157.74,-42.26,3.54,34,29,0.2113,-0.0009571341071701273,-0.0024198752405683592,
cf45a12a2f302aa2,longshot_no,12,0,0.1,0.03,3,0.005,costed,196.04,-3.96,0.91,54,47,0.020742740040985655,-8.06397036560075e-05,-0.00023682341356412993,nonpositive_simultaneous_lower_bound;insufficient_release_days;nonpositive_stress_profit
cf45a12a2f302aa2,longshot_no,12,0,0.1,0.03,3,0.01,costed,185.19,-14.81,2.58,163,123,0.07529729189567302,-0.000310221941427914,-0.000668789195183879,nonpositive_simultaneous_lower_bound;nonpositive_stress_profit
cf45a12a2f302aa2,longshot_no,12,0,0.1,0.03,3,0.025,costed,159.89,-40.11,4.29,144,107,0.20262514348455357,-0.0009025455151238197,-0.0019982702170786267,nonpositive_simultaneous_lower_bound;nonpositive_stress_profit
cf45a12a2f302aa2,longshot_no,12,0,0.1,0.03,3,0.05,costed,157.31,-42.69,3.63,72,55,0.21634950682474843,-0.0009681410714259014,-0.002545832245731653,nonpositive_simultaneous_lower_bound;insufficient_release_days;nonpositive_stress_profit
cf45a12a2f302aa2,longshot_no,12,0,0.1,0.03,3,0.005,stress,197.56,-2.44,0.6,40,34,0.013580986618733772,-4.949609224037274e-05,-0.00018247449757343847,
cf45a12a2f302aa2,longshot_no,12,0,0.1,0.03,3,0.01,stress,188.17,-11.83,1.55,94,73,0.0634160933293449,-0.0002458530523850109,-0.0006274684485443761,
cf45a12a2f302aa2,longshot_no,12,0,0.1,0.03,3,0.025,stress,165.18,-34.82,2.93,93,72,0.1835758421367351,-0.0007712966861510718,-0.001911572513409748,
cf45a12a2f302aa2,longshot_no,12,0,0.1,0.03,3,0.05,stress,152.99,-47.01,2.08,34,29,0.2357378359476471,-0.0010804226079385035,-0.0030622832941242873,
22f9adf1631e470f,longshot_no,12,0,0.1,0.03,,0.005,costed,195.76,-4.24,0.63,55,51,0.022142250212425652,-8.640301376459993e-05,-0.0002936208075945544,nonpositive_simultaneous_lower_bound;insufficient_release_days;nonpositive_stress_profit
22f9adf1631e470f,longshot_no,12,0,0.1,0.03,,0.01,costed,186.76,-13.24,1.92,163,126,0.06810232837014091,-0.00027618143727943826,-0.0006975187993784168,nonpositive_simultaneous_lower_bound;nonpositive_stress_profit
22f9adf1631e470f,longshot_no,12,0,0.1,0.03,,0.025,costed,163.82,-36.18,3.17,163,126,0.18830164196236962,-0.0008046334776636343,-0.0021114406204862882,nonpositive_simultaneous_lower_bound;nonpositive_stress_profit
22f9adf1631e470f,longshot_no,12,0,0.1,0.03,,0.05,costed,160.49,-39.51,1.91,63,48,0.2005081199561622,-0.0008874424645764986,-0.002859413872477558,nonpositive_simultaneous_lower_bound;insufficient_release_days;nonpositive_stress_profit
22f9adf1631e470f,longshot_no,12,0,0.1,0.03,,0.005,stress,197.8,-2.2,0.5,40,36,0.01238266427002197,-4.460059419123005e-05,-0.0001940643522915293,
22f9adf1631e470f,longshot_no,12,0,0.1,0.03,,0.01,stress,189.7,-10.3,1.34,94,78,0.055788214178881246,-0.0002131995548672077,-0.0006118688155506557,
22f9adf1631e470f,longshot_no,12,0,0.1,0.03,,0.025,stress,169.46,-30.54,2.45,93,77,0.16224835559099063,-0.000668146999103704,-0.0018232663577203562,
22f9adf1631e470f,longshot_no,12,0,0.1,0.03,,0.05,stress,155.74,-44.26,1.46,36,34,0.23079962463574852,-0.0010085863564483725,-0.0031177385845118227,
ce5230b03815cb89,longshot_no,12,0,0.1,0.08,1,0.005,costed,189.54,-10.46,1.65,70,60,0.0523,-0.00021660194558866002,-0.00040412294525144843,nonpositive_simultaneous_lower_bound;nonpositive_stress_profit
ce5230b03815cb89,longshot_no,12,0,0.1,0.08,1,0.01,costed,166.14,-33.86,6.72,306,182,0.1696,-0.000747929677972224,-0.0010922058465552627,nonpositive_simultaneous_lower_bound;nonpositive_stress_profit
ce5230b03815cb89,longshot_no,12,0,0.1,0.08,1,0.025,costed,159.76,-40.24,4.85,101,54,0.2018,-0.0009058253122599858,-0.0020906135309832893,nonpositive_simultaneous_lower_bound;insufficient_release_days;nonpositive_stress_profit
ce5230b03815cb89,longshot_no,12,0,0.1,0.08,1,0.05,costed,159.92,-40.08,5.0,63,41,0.2012,-0.0009017890175640819,-0.0023484301447149547,nonpositive_simultaneous_lower_bound;insufficient_release_days;nonpositive_stress_profit
ce5230b03815cb89,longshot_no,12,0,0.1,0.08,1,0.005,stress,192.29,-7.71,1.33,56,49,0.038982457893947726,-0.00015851902171589035,-0.0003070960449226181,
ce5230b03815cb89,longshot_no,12,0,0.1,0.08,1,0.01,stress,172.46,-27.54,4.28,184,128,0.13867519232690578,-0.0005973872621929759,-0.0009363640137160972,
ce5230b03815cb89,longshot_no,12,0,0.1,0.08,1,0.025,stress,159.04,-40.96,4.58,79,53,0.2066247630449965,-0.0009240388049990848,-0.0019582022170232596,
ce5230b03815cb89,longshot_no,12,0,0.1,0.08,1,0.05,stress,157.89,-42.11,3.3,35,27,0.21055,-0.0009533015262670947,-0.002413658943109593,
443823514702ecd1,longshot_no,12,0,0.1,0.08,3,0.005,costed,189.74,-10.26,1.34,76,56,0.05158452464260722,-0.00021234940557784686,-0.00045991306459375705,nonpositive_simultaneous_lower_bound;insufficient_release_days;nonpositive_stress_profit
443823514702ecd1,longshot_no,12,0,0.1,0.08,3,0.01,costed,177.93,-22.07,4.69,306,174,0.11212711737370709,-0.00047148045173101466,-0.0008457160286513496,nonpositive_simultaneous_lower_bound;nonpositive_stress_profit
443823514702ecd1,longshot_no,12,0,0.1,0.08,3,0.025,costed,158.45,-41.55,4.5,138,70,0.2094149361022364,-0.000939025324238335,-0.0021435541438513785,nonpositive_simultaneous_lower_bound;nonpositive_stress_profit
443823514702ecd1,longshot_no,12,0,0.1,0.08,3,0.05,costed,156.97,-43.03,3.59,66,38,0.21515,-0.0009768655736327454,-0.0025476555092165364,nonpositive_simultaneous_lower_bound;insufficient_release_days;nonpositive_stress_profit
443823514702ecd1,longshot_no,12,0,0.1,0.08,3,0.005,stress,192.86,-7.14,1.12,72,56,0.037048132614339924,-0.00014658398978144513,-0.00036944431387799263,
443823514702ecd1,longshot_no,12,0,0.1,0.08,3,0.01,stress,180.94,-19.06,2.91,184,129,0.09896896946754993,-0.0004038382336711359,-0.0008555309038873035,
443823514702ecd1,longshot_no,12,0,0.1,0.08,3,0.025,stress,161.38,-38.62,3.42,91,64,0.20033695059709627,-0.0008651432827728857,-0.0022065706102120377,
443823514702ecd1,longshot_no,12,0,0.1,0.08,3,0.05,stress,156.28,-43.72,3.28,48,39,0.22422437329362124,-0.000994629420811159,-0.0027327137849909276,
18f4be68d643eece,longshot_no,12,0,0.1,0.08,,0.005,costed,189.97,-10.03,0.78,70,60,0.050434869539138255,-0.00020746452254467526,-0.000525266730150751,nonpositive_simultaneous_lower_bound;nonpositive_stress_profit
18f4be68d643eece,longshot_no,12,0,0.1,0.08,,0.01,costed,180.3,-19.7,3.41,306,183,0.10028481487033428,-0.0004181259529788927,-0.0009274737091915362,nonpositive_simultaneous_lower_bound;nonpositive_stress_profit
18f4be68d643eece,longshot_no,12,0,0.1,0.08,,0.025,costed,161.28,-38.72,2.59,133,74,0.20007987220447285,-0.0008676426680041634,-0.0022752885117535153,nonpositive_simultaneous_lower_bound;nonpositive_stress_profit
18f4be68d643eece,longshot_no,12,0,0.1,0.08,,0.05,costed,156.12,-43.88,4.86,167,106,0.2202,-0.0009987597751436417,-0.0033593607548657546,nonpositive_simultaneous_lower_bound;nonpositive_stress_profit
18f4be68d643eece,longshot_no,12,0,0.1,0.08,,0.005,stress,193.24,-6.76,0.86,71,58,0.036737949254772945,-0.00013864688250738304,-0.00038181976759482265,
18f4be68d643eece,longshot_no,12,0,0.1,0.08,,0.01,stress,183.54,-16.46,2.37,184,132,0.08878736716655079,-0.0003463094320853597,-0.0008312021531328923,
18f4be68d643eece,longshot_no,12,0,0.1,0.08,,0.025,stress,161.9,-38.1,2.88,105,76,0.20289498301413028,-0.0008521713946147067,-0.0022358696530241614,
18f4be68d643eece,longshot_no,12,0,0.1,0.08,,0.05,stress,160.03,-39.97,2.38,56,49,0.2139594282626848,-0.0008990164068150702,-0.002620507002681285,
1d5064d0f4fb79e6,longshot_no,6,0,0.1,0.03,1,0.005,costed,198.88,-1.12,0.14,6,6,0.0056,-2.264410800659515e-05,-7.522933594899495e-05,nonpositive_simultaneous_lower_bound;insufficient_release_days;nonpositive_stress_profit
1d5064d0f4fb79e6,longshot_no,6,0,0.1,0.03,1,0.01,costed,197.36,-2.64,0.31,11,10,0.0132,-5.3580219060223105e-05,-0.00016452697699317437,nonpositive_simultaneous_lower_bound;insufficient_release_days;nonpositive_stress_profit
1d5064d0f4fb79e6,longshot_no,6,0,0.1,0.03,1,0.025,costed,193.74,-6.26,0.54,11,10,0.0313,-0.00012822706673305551,-0.0003965806005711143,nonpositive_simultaneous_lower_bound;insufficient_release_days;nonpositive_stress_profit
1d5064d0f4fb79e6,longshot_no,6,0,0.1,0.03,1,0.05,costed,187.79,-12.21,0.98,11,10,0.06105,-0.0002540042311609741,-0.0007775086212213595,nonpositive_simultaneous_lower_bound;insufficient_release_days;nonpositive_stress_profit
1d5064d0f4fb79e6,longshot_no,6,0,0.1,0.03,1,0.005,stress,199.81,-0.19,0.06,2,2,0.00095,-3.832465870949374e-06,-1.5383128243119823e-05,
1d5064d0f4fb79e6,longshot_no,6,0,0.1,0.03,1,0.01,stress,199.25,-0.75,0.21,7,7,0.00375,-1.514939063593582e-05,-4.527008811151833e-05,
1d5064d0f4fb79e6,longshot_no,6,0,0.1,0.03,1,0.025,stress,198.27,-1.73,0.4,7,7,0.00865,-3.5030759667603645e-05,-0.00010616009939285395,
1d5064d0f4fb79e6,longshot_no,6,0,0.1,0.03,1,0.05,stress,196.61,-3.39,0.74,7,7,0.01695,-6.893264285740748e-05,-0.0002094005198708503,
3a3dd758b0813f31,longshot_no,6,0,0.1,0.03,3,0.005,costed,200.18,0.18,0.11,11,10,9.992006394884092e-05,3.6274001727258945e-06,-4.716695692397472e-06,nonpositive_simultaneous_lower_bound;insufficient_release_days
3a3dd758b0813f31,longshot_no,6,0,0.1,0.03,3,0.01,costed,200.46,0.46,0.12,11,10,9.992505620784411e-05,9.263544551143216e-06,-9.198062376690494e-06,nonpositive_simultaneous_lower_bound;insufficient_release_days
3a3dd758b0813f31,longshot_no,6,0,0.1,0.03,3,0.025,costed,201.3,1.3,0.15,11,10,0.00019959083878049998,2.6124863297213934e-05,-2.3590506544949953e-05,nonpositive_simultaneous_lower_bound;insufficient_release_days
3a3dd758b0813f31,longshot_no,6,0,0.1,0.03,3,0.05,costed,202.65,2.65,0.25,11,10,0.0003485708594761478,5.307655857371221e-05,-4.757486612590859e-05,nonpositive_simultaneous_lower_bound;insufficient_release_days
3a3dd758b0813f31,longshot_no,6,0,0.1,0.03,3,0.005,stress,200.4,0.4,0.08,7,7,9.992505620784411e-05,8.056462349488487e-06,-1.2908585973190186e-05,
3a3dd758b0813f31,longshot_no,6,0,0.1,0.03,3,0.01,stress,200.86,0.86,0.1,7,7,0.00014975290770229122,1.7301537972405805e-05,-2.5441970987755687e-05,
3a3dd758b0813f31,longshot_no,6,0,0.1,0.03,3,0.025,stress,202.22,2.22,0.18,7,7,0.0003484840941902723,4.4511480303291606e-05,-6.266315423226337e-05,
3a3dd758b0813f31,longshot_no,6,0,0.1,0.03,3,0.05,stress,204.49,4.49,0.31,7,7,0.0006442979630272092,8.952301606325159e-05,-0.0001249009283920534,
55b539a2f0470f8a,longshot_no,6,0,0.1,0.03,,0.005,costed,200.18,0.18,0.11,11,10,9.992006394884092e-05,3.6274001727258945e-06,-4.716695692397472e-06,nonpositive_simultaneous_lower_bound;insufficient_release_days
55b539a2f0470f8a,longshot_no,6,0,0.1,0.03,,0.01,costed,200.46,0.46,0.12,11,10,9.992505620784411e-05,9.263544551143216e-06,-9.198062376690494e-06,nonpositive_simultaneous_lower_bound;insufficient_release_days
55b539a2f0470f8a,longshot_no,6,0,0.1,0.03,,0.025,costed,201.3,1.3,0.15,11,10,0.00019959083878049998,2.6124863297213934e-05,-2.3590506544949953e-05,nonpositive_simultaneous_lower_bound;insufficient_release_days
55b539a2f0470f8a,longshot_no,6,0,0.1,0.03,,0.05,costed,202.65,2.65,0.25,11,10,0.0003485708594761478,5.307655857371221e-05,-4.757486612590859e-05,nonpositive_simultaneous_lower_bound;insufficient_release_days
55b539a2f0470f8a,longshot_no,6,0,0.1,0.03,,0.005,stress,200.4,0.4,0.08,7,7,9.992505620784411e-05,8.056462349488487e-06,-1.2908585973190186e-05,
55b539a2f0470f8a,longshot_no,6,0,0.1,0.03,,0.01,stress,200.86,0.86,0.1,7,7,0.00014975290770229122,1.7301537972405805e-05,-2.5441970987755687e-05,
55b539a2f0470f8a,longshot_no,6,0,0.1,0.03,,0.025,stress,202.22,2.22,0.18,7,7,0.0003484840941902723,4.4511480303291606e-05,-6.266315423226337e-05,
55b539a2f0470f8a,longshot_no,6,0,0.1,0.03,,0.05,stress,204.49,4.49,0.31,7,7,0.0006442979630272092,8.952301606325159e-05,-0.0001249009283920534,
c449cc441057bcb5,longshot_no,6,0,0.1,0.08,1,0.005,costed,198.77,-1.23,0.16,7,7,0.00615,-2.487495623197147e-05,-7.944468906315528e-05,nonpositive_simultaneous_lower_bound;insufficient_release_days;nonpositive_stress_profit
c449cc441057bcb5,longshot_no,6,0,0.1,0.08,1,0.01,costed,196.96,-3.04,0.41,16,15,0.0152,-6.176090367698858e-05,-0.00017685737242503904,nonpositive_simultaneous_lower_bound;insufficient_release_days;nonpositive_stress_profit
c449cc441057bcb5,longshot_no,6,0,0.1,0.08,1,0.025,costed,192.84,-7.16,0.69,16,15,0.0358,-0.00014700216536538404,-0.000420907258242014,nonpositive_simultaneous_lower_bound;insufficient_release_days;nonpositive_stress_profit
c449cc441057bcb5,longshot_no,6,0,0.1,0.08,1,0.05,costed,185.86,-14.14,1.29,16,15,0.0707,-0.00029565993717275524,-0.0008328455153529416,nonpositive_simultaneous_lower_bound;insufficient_release_days;nonpositive_stress_profit
c449cc441057bcb5,longshot_no,6,0,0.1,0.08,1,0.005,stress,198.92,-1.08,0.07,3,2,0.0054,-2.1833196377011697e-05,-9.531714807458407e-05,
c449cc441057bcb5,longshot_no,6,0,0.1,0.08,1,0.01,stress,197.39,-2.61,0.25,10,9,0.01305,-5.2967336262663516e-05,-0.00020205905508271837,
c449cc441057bcb5,longshot_no,6,0,0.1,0.08,1,0.025,stress,193.09,-6.91,0.5,10,9,0.03455,-0.00014177808505479568,-0.0005165903008911339,
c449cc441057bcb5,longshot_no,6,0,0.1,0.08,1,0.05,stress,186.0,-14.0,0.94,10,9,0.07,-0.00029262376143078707,-0.001052271379547686,
de4e22fbfa7cd4dd,longshot_no,6,0,0.1,0.08,3,0.005,costed,200.26,0.26,0.16,16,15,9.991008092716555e-05,5.238531175887122e-06,-4.153928594163373e-06,nonpositive_simultaneous_lower_bound;insufficient_release_days;nonpositive_stress_profit
de4e22fbfa7cd4dd,longshot_no,6,0,0.1,0.08,3,0.01,costed,200.67,0.67,0.17,16,15,9.992006394884092e-05,1.348548891286158e-05,-7.864827056786971e-06,nonpositive_simultaneous_lower_bound;insufficient_release_days;nonpositive_stress_profit
de4e22fbfa7cd4dd,longshot_no,6,0,0.1,0.08,3,0.025,costed,201.87,1.87,0.23,16,15,0.00019955101022698927,3.7526448872175336e-05,-1.988670226280429e-05,nonpositive_simultaneous_lower_bound;insufficient_release_days;nonpositive_stress_profit
de4e22fbfa7cd4dd,longshot_no,6,0,0.1,0.08,3,0.05,costed,203.82,3.82,0.38,16,15,0.00034841471305559706,7.628985827625363e-05,-4.011823425650551e-05,nonpositive_simultaneous_lower_bound;insufficient_release_days;nonpositive_stress_profit
de4e22fbfa7cd4dd,longshot_no,6,0,0.1,0.08,3,0.005,stress,199.33,-0.67,0.04,3,2,0.0045,-1.3530741182913044e-05,-8.452611738869101e-05,
de4e22fbfa7cd4dd,longshot_no,6,0,0.1,0.08,3,0.01,stress,198.87,-1.13,0.13,10,9,0.00895,-2.284686139768903e-05,-0.0001658565654863793,
de4e22fbfa7cd4dd,longshot_no,6,0,0.1,0.08,3,0.025,stress,197.66,-2.34,0.23,10,9,0.02225,-4.745557903225257e-05,-0.00040545222172786696,
de4e22fbfa7cd4dd,longshot_no,6,0,0.1,0.08,3,0.05,stress,195.63,-4.37,0.41,10,9,0.0445,-8.908163901135456e-05,-0.0008139990042581984,
cbe3145a326942a1,longshot_no,6,0,0.1,0.08,,0.005,costed,200.26,0.26,0.16,16,15,9.991008092716555e-05,5.238531175887122e-06,-4.153928594163373e-06,nonpositive_simultaneous_lower_bound;insufficient_release_days;nonpositive_stress_profit
cbe3145a326942a1,longshot_no,6,0,0.1,0.08,,0.01,costed,200.67,0.67,0.17,16,15,9.992006394884092e-05,1.348548891286158e-05,-7.864827056786971e-06,nonpositive_simultaneous_lower_bound;insufficient_release_days;nonpositive_stress_profit
cbe3145a326942a1,longshot_no,6,0,0.1,0.08,,0.025,costed,201.87,1.87,0.23,16,15,0.00019955101022698927,3.7526448872175336e-05,-1.988670226280429e-05,nonpositive_simultaneous_lower_bound;insufficient_release_days;nonpositive_stress_profit
cbe3145a326942a1,longshot_no,6,0,0.1,0.08,,0.05,costed,203.82,3.82,0.38,16,15,0.00034841471305559706,7.628985827625363e-05,-4.011823425650551e-05,nonpositive_simultaneous_lower_bound;insufficient_release_days;nonpositive_stress_profit
cbe3145a326942a1,longshot_no,6,0,0.1,0.08,,0.005,stress,199.33,-0.67,0.04,3,2,0.0045,-1.3530741182913044e-05,-8.452611738869101e-05,
cbe3145a326942a1,longshot_no,6,0,0.1,0.08,,0.01,stress,198.87,-1.13,0.13,10,9,0.00895,-2.284686139768903e-05,-0.0001658565654863793,
cbe3145a326942a1,longshot_no,6,0,0.1,0.08,,0.025,stress,197.66,-2.34,0.23,10,9,0.02225,-4.745557903225257e-05,-0.00040545222172786696,
cbe3145a326942a1,longshot_no,6,0,0.1,0.08,,0.05,stress,195.63,-4.37,0.41,10,9,0.0445,-8.908163901135456e-05,-0.0008139990042581984,
3186edf400ae8753,longshot_no,24,0,0.2,0.03,1,0.005,costed,177.19,-22.81,7.62,288,168,0.11431570528841348,-0.0004882853362018518,-0.0007614951767888368,nonpositive_simultaneous_lower_bound;nonpositive_stress_profit
3186edf400ae8753,longshot_no,24,0,0.2,0.03,1,0.01,costed,160.08,-39.92,10.45,384,145,0.20011992205066706,-0.0008977567591635436,-0.001505628598697204,nonpositive_simultaneous_lower_bound;nonpositive_stress_profit
3186edf400ae8753,longshot_no,24,0,0.2,0.03,1,0.025,costed,160.2,-39.8,5.07,93,41,0.20051901387364007,-0.0008947352093297493,-0.0023911556480420023,nonpositive_simultaneous_lower_bound;insufficient_release_days;nonpositive_stress_profit
3186edf400ae8753,longshot_no,24,0,0.2,0.03,1,0.05,costed,157.35,-42.65,3.61,36,21,0.21626737062310106,-0.0009671158993452442,-0.0031025978458655823,nonpositive_simultaneous_lower_bound;insufficient_release_days;nonpositive_stress_profit
3186edf400ae8753,longshot_no,24,0,0.2,0.03,1,0.005,stress,180.7,-19.3,4.99,197,140,0.0965,-0.00040919019737844093,-0.0006493066900650239,
3186edf400ae8753,longshot_no,24,0,0.2,0.03,1,0.01,stress,159.92,-40.08,8.43,308,166,0.20085,-0.0009017890175640785,-0.0014041159010062536,
3186edf400ae8753,longshot_no,24,0,0.2,0.03,1,0.025,stress,159.62,-40.38,6.63,96,58,0.2019,-0.0009093603875007035,-0.001876165334561991,
3186edf400ae8753,longshot_no,24,0,0.2,0.03,1,0.05,stress,159.4,-40.6,7.28,56,41,0.203,-0.0009149217749674273,-0.0020272400609415773,
19cbf443d89f883f,longshot_no,24,0,0.2,0.03,3,0.005,costed,194.98,-5.02,7.02,469,209,0.03881506644020381,-0.00010250152156012527,-0.0006032456563885189,nonpositive_simultaneous_lower_bound;nonpositive_stress_profit
19cbf443d89f883f,longshot_no,24,0,0.2,0.03,3,0.01,costed,184.95,-15.05,12.97,650,226,0.10044887780548628,-0.0003154510010869944,-0.001329558469185974,nonpositive_simultaneous_lower_bound;nonpositive_stress_profit
19cbf443d89f883f,longshot_no,24,0,0.2,0.03,3,0.025,costed,161.72,-38.28,4.74,102,47,0.20183303446901774,-0.0008566569426430091,-0.0024531210698557817,nonpositive_simultaneous_lower_bound;insufficient_release_days;nonpositive_stress_profit
19cbf443d89f883f,longshot_no,24,0,0.2,0.03,3,0.05,costed,162.06,-37.94,3.93,56,34,0.20178306092124815,-0.0008481884254655537,-0.002818924248715403,nonpositive_simultaneous_lower_bound;insufficient_release_days;nonpositive_stress_profit
19cbf443d89f883f,longshot_no,24,0,0.2,0.03,3,0.005,stress,192.67,-7.33,4.41,301,175,0.037564313901793295,-0.00015055840990067698,-0.0005135748564973929,
19cbf443d89f883f,longshot_no,24,0,0.2,0.03,3,0.01,stress,181.83,-18.17,8.15,400,198,0.09307197366452193,-0.00038405315289005167,-0.0011626973184839773,
19cbf443d89f883f,longshot_no,24,0,0.2,0.03,3,0.025,stress,161.26,-38.74,12.82,349,194,0.1975517515923567,-0.0008681427310127432,-0.0027736932302799373,
19cbf443d89f883f,longshot_no,24,0,0.2,0.03,3,0.05,stress,160.91,-39.09,2.64,47,37,0.2136154823575408,-0.0008769038874071695,-0.0028240657583055604,
931d2cd051f193fc,longshot_no,24,0,0.2,0.03,,0.005,costed,195.29,-4.71,5.64,487,217,0.036607231795995614,-9.609569860220814e-05,-0.0006002698185680615,nonpositive_simultaneous_lower_bound;nonpositive_stress_profit
931d2cd051f193fc,longshot_no,24,0,0.2,0.03,,0.01,costed,193.26,-6.74,10.57,650,234,0.06497497150220548,-0.00013822957248739844,-0.001130166908317712,nonpositive_simultaneous_lower_bound;nonpositive_stress_profit
931d2cd051f193fc,longshot_no,24,0,0.2,0.03,,0.025,costed,205.48,5.48,12.99,477,222,0.16382202052091555,0.00010899733488318538,-0.0020142343157135006,nonpositive_simultaneous_lower_bound;nonpositive_stress_profit
931d2cd051f193fc,longshot_no,24,0,0.2,0.03,,0.05,costed,271.15,71.15,13.96,278,191,0.1659495123350545,0.0012272371239477127,-0.001799145932370982,nonpositive_simultaneous_lower_bound;nonpositive_stress_profit
931d2cd051f193fc,longshot_no,24,0,0.2,0.03,,0.005,stress,195.24,-4.76,3.82,334,190,0.02966650074664012,-9.712820777859032e-05,-0.0004927918525254383,
931d2cd051f193fc,longshot_no,24,0,0.2,0.03,,0.01,stress,188.8,-11.2,6.7,400,204,0.06273338312173264,-0.0002323754549864405,-0.0010625763886012813,
931d2cd051f193fc,longshot_no,24,0,0.2,0.03,,0.025,stress,182.27,-17.73,9.63,326,198,0.16023089171974522,-0.00037430750931933784,-0.0022503246467733213,
931d2cd051f193fc,longshot_no,24,0,0.2,0.03,,0.05,stress,158.92,-41.08,2.7,54,42,0.2240234375,-0.0009270824016195127,-0.0031888457488046234,
294837a986af3c7f,longshot_no,24,0,0.2,0.08,1,0.005,costed,169.61,-30.39,9.07,319,165,0.15195,-0.0006645793655818112,-0.001050746673114434,nonpositive_simultaneous_lower_bound;nonpositive_stress_profit
294837a986af3c7f,longshot_no,24,0,0.2,0.08,1,0.01,costed,160.12,-39.88,9.82,331,93,0.2,-0.0008967493242889651,-0.001807328857425804,nonpositive_simultaneous_lower_bound;nonpositive_stress_profit
294837a986af3c7f,longshot_no,24,0,0.2,0.08,1,0.025,costed,160.66,-39.34,7.4,104,33,0.2005,-0.0008831735314611698,-0.0024365826925787193,nonpositive_simultaneous_lower_bound;insufficient_release_days;nonpositive_stress_profit
294837a986af3c7f,longshot_no,24,0,0.2,0.08,1,0.05,costed,156.22,-43.78,5.97,46,23,0.2189,-0.0009961778079269573,-0.0030378842247912353,nonpositive_simultaneous_lower_bound;insufficient_release_days;nonpositive_stress_profit
294837a986af3c7f,longshot_no,24,0,0.2,0.08,1,0.005,stress,174.08,-25.92,6.74,244,146,0.1296,-0.0005596871083889459,-0.0009478998229774658,
294837a986af3c7f,longshot_no,24,0,0.2,0.08,1,0.01,stress,160.25,-39.75,7.52,250,100,0.20015,-0.0008934768981744257,-0.0017451671766066266,
294837a986af3c7f,longshot_no,24,0,0.2,0.08,1,0.025,stress,159.78,-40.22,6.68,90,40,0.2011,-0.0009053205544118585,-0.002253175899665512,
294837a986af3c7f,longshot_no,24,0,0.2,0.08,1,0.05,stress,159.01,-40.99,6.73,46,32,0.20495,-0.0009247994888053682,-0.0022915885028423084,
656899d1110733c3,longshot_no,24,0,0.2,0.08,3,0.005,costed,177.55,-22.45,7.57,465,212,0.11225,-0.0004801012385441176,-0.0010787626653307387,nonpositive_simultaneous_lower_bound;nonpositive_stress_profit
656899d1110733c3,longshot_no,24,0,0.2,0.08,3,0.01,costed,160.62,-39.38,14.59,855,241,0.1969,-0.0008841775797891975,-0.0019404205015408648,nonpositive_simultaneous_lower_bound;nonpositive_stress_profit
656899d1110733c3,longshot_no,24,0,0.2,0.08,3,0.025,costed,159.28,-40.72,6.08,117,46,0.20707752286699654,-0.0009179584951294175,-0.002384986580010901,nonpositive_simultaneous_lower_bound;insufficient_release_days;nonpositive_stress_profit
656899d1110733c3,longshot_no,24,0,0.2,0.08,3,0.05,costed,160.54,-39.46,3.64,39,21,0.2020000995074382,-0.0008861864267927654,-0.002655438681712163,nonpositive_simultaneous_lower_bound;insufficient_release_days;nonpositive_stress_profit
656899d1110733c3,longshot_no,24,0,0.2,0.08,3,0.005,stress,181.63,-18.37,5.52,380,195,0.0921677412905483,-0.00038849078946243446,-0.000875592425500117,
656899d1110733c3,longshot_no,24,0,0.2,0.08,3,0.01,stress,160.09,-39.91,10.63,582,230,0.2001898481215028,-0.0008975048768469102,-0.001844843255361966,
656899d1110733c3,longshot_no,24,0,0.2,0.08,3,0.025,stress,162.53,-37.47,9.5,285,151,0.20256359497179055,-0.0008365111549715767,-0.0028260780038802634,
656899d1110733c3,longshot_no,24,0,0.2,0.08,3,0.05,stress,161.92,-38.08,14.89,230,156,0.20677999314162543,-0.0008516733082618405,-0.00394623685915504,
4b448d7b69af6e43,longshot_no,24,0,0.2,0.08,,0.005,costed,184.22,-15.78,7.27,607,232,0.08147148498025691,-0.0003313978668868808,-0.0009582681896350134,nonpositive_simultaneous_lower_bound;nonpositive_stress_profit
4b448d7b69af6e43,longshot_no,24,0,0.2,0.08,,0.01,costed,165.25,-34.75,13.25,855,242,0.17754021380757318,-0.000769588257323554,-0.0019379625173074854,nonpositive_simultaneous_lower_bound;nonpositive_stress_profit
4b448d7b69af6e43,longshot_no,24,0,0.2,0.08,,0.025,costed,160.55,-39.45,15.96,533,238,0.2001196530062818,-0.0008859352661794849,-0.0032104688887785258,nonpositive_simultaneous_lower_bound;nonpositive_stress_profit
4b448d7b69af6e43,longshot_no,24,0,0.2,0.08,,0.05,costed,160.14,-39.86,3.19,65,42,0.21055773919100454,-0.0008962457012239896,-0.002748249082112648,nonpositive_simultaneous_lower_bound;insufficient_release_days;nonpositive_stress_profit
4b448d7b69af6e43,longshot_no,24,0,0.2,0.08,,0.005,stress,182.19,-17.81,4.8,400,204,0.09246763632728545,-0.0003760776934292042,-0.0009315349123807916,
4b448d7b69af6e43,longshot_no,24,0,0.2,0.08,,0.01,stress,167.78,-32.22,9.42,582,234,0.16591726618705036,-0.0007083216497172947,-0.0017875026038251412,
4b448d7b69af6e43,longshot_no,24,0,0.2,0.08,,0.025,stress,162.72,-37.28,10.99,345,185,0.2035098068131544,-0.0008318001380959167,-0.002952082496857007,
4b448d7b69af6e43,longshot_no,24,0,0.2,0.08,,0.05,stress,154.09,-45.91,11.82,222,159,0.26272727272727275,-0.0010515343518317547,-0.004830892210723749,
5f2a02c0310f3c47,longshot_no,18,0,0.2,0.03,1,0.005,costed,187.88,-12.12,3.88,151,114,0.0606,-0.0002520721991501678,-0.0003486039882722195,nonpositive_simultaneous_lower_bound;nonpositive_stress_profit
5f2a02c0310f3c47,longshot_no,18,0,0.2,0.03,1,0.01,costed,174.51,-25.49,7.53,242,155,0.12745,-0.0005497391933760347,-0.0007672711470107826,nonpositive_simultaneous_lower_bound;nonpositive_stress_profit
5f2a02c0310f3c47,longshot_no,18,0,0.2,0.03,1,0.025,costed,160.0,-40.0,8.74,129,96,0.2,-0.0008997723843314912,-0.0015520264480774,nonpositive_simultaneous_lower_bound;nonpositive_stress_profit
5f2a02c0310f3c47,longshot_no,18,0,0.2,0.03,1,0.05,costed,159.28,-40.72,7.79,61,48,0.2036,-0.0009179584951294182,-0.001934342650776057,nonpositive_simultaneous_lower_bound;insufficient_release_days;nonpositive_stress_profit
5f2a02c0310f3c47,longshot_no,18,0,0.2,0.03,1,0.005,stress,187.43,-12.57,3.02,106,87,0.06285,-0.0002617416297465448,-0.00039751666134826293,
5f2a02c0310f3c47,longshot_no,18,0,0.2,0.03,1,0.01,stress,172.19,-27.81,6.11,184,127,0.13905,-0.0006037050332658955,-0.000913445721870048,
5f2a02c0310f3c47,longshot_no,18,0,0.2,0.03,1,0.025,stress,159.71,-40.29,6.66,87,70,0.20145,-0.0009070874833863649,-0.0015966205864868426,
5f2a02c0310f3c47,longshot_no,18,0,0.2,0.03,1,0.05,stress,159.16,-40.84,5.58,38,32,0.2042,-0.000920997503989149,-0.001972982293335684,
2646d774a088b3bd,longshot_no,18,0,0.2,0.03,3,0.005,costed,187.44,-12.56,3.79,156,118,0.0628,-0.0002615265014052257,-0.0004178595313363285,nonpositive_simultaneous_lower_bound;nonpositive_stress_profit
2646d774a088b3bd,longshot_no,18,0,0.2,0.03,3,0.01,costed,173.09,-26.91,7.36,242,148,0.13455,-0.0005826841778618124,-0.000914238292698872,nonpositive_simultaneous_lower_bound;nonpositive_stress_profit
2646d774a088b3bd,longshot_no,18,0,0.2,0.03,3,0.025,costed,159.22,-40.78,9.46,148,100,0.2039,-0.0009194777132564707,-0.0016199421423713878,nonpositive_simultaneous_lower_bound;nonpositive_stress_profit
2646d774a088b3bd,longshot_no,18,0,0.2,0.03,3,0.05,costed,158.8,-41.2,7.11,59,45,0.206,-0.0009301282973185543,-0.0021255927345610313,nonpositive_simultaneous_lower_bound;insufficient_release_days;nonpositive_stress_profit
2646d774a088b3bd,longshot_no,18,0,0.2,0.03,3,0.005,stress,186.05,-13.95,2.71,107,83,0.06975,-0.00029153996675566625,-0.0005407395959422488,
2646d774a088b3bd,longshot_no,18,0,0.2,0.03,3,0.01,stress,171.63,-28.37,5.47,184,124,0.14185,-0.0006168401999979456,-0.0010346132960199694,
2646d774a088b3bd,longshot_no,18,0,0.2,0.03,3,0.025,stress,159.89,-40.11,5.64,83,64,0.20055,-0.0009025455151238202,-0.0018503521642584094,
2646d774a088b3bd,longshot_no,18,0,0.2,0.03,3,0.05,stress,155.25,-44.75,4.8,38,31,0.22375,-0.0010212929263485827,-0.0026935528814886365,
90a6a56adc71e90e,longshot_no,18,0,0.2,0.03,,0.005,costed,198.1,-1.9,2.29,208,142,0.018999303690440665,-3.848956791747034e-05,-0.00034698209940939523,nonpositive_simultaneous_lower_bound;nonpositive_stress_profit
90a6a56adc71e90e,longshot_no,18,0,0.2,0.03,,0.01,costed,197.93,-2.07,3.79,242,155,0.034801870539010585,-4.195134562658188e-05,-0.0006542389805695089,nonpositive_simultaneous_lower_bound;nonpositive_stress_profit
90a6a56adc71e90e,longshot_no,18,0,0.2,0.03,,0.025,costed,197.73,-2.27,7.01,232,155,0.07976766698935141,-4.6027833932653454e-05,-0.0014331537230297363,nonpositive_simultaneous_lower_bound;nonpositive_stress_profit
90a6a56adc71e90e,longshot_no,18,0,0.2,0.03,,0.05,costed,190.18,-9.82,10.42,200,148,0.15744895156121233,-0.0002030095743416921,-0.0027550778828193995,nonpositive_simultaneous_lower_bound;nonpositive_stress_profit
90a6a56adc71e90e,longshot_no,18,0,0.2,0.03,,0.005,stress,196.21,-3.79,1.64,142,107,0.025487853444842692,-7.714456579042972e-05,-0.0003736530275842414,
90a6a56adc71e90e,longshot_no,18,0,0.2,0.03,,0.01,stress,192.9,-7.1,3.0,184,128,0.0510052490838863,-0.00014574776869497359,-0.0007602956610988818,
90a6a56adc71e90e,longshot_no,18,0,0.2,0.03,,0.025,stress,183.27,-16.73,5.5,175,127,0.1189176011701609,-0.00035224552910585,-0.001983051772461354,
90a6a56adc71e90e,longshot_no,18,0,0.2,0.03,,0.05,stress,172.78,-27.22,3.43,58,48,0.20590127769096425,-0.000589912329102014,-0.002989560995397095,
045712943fd7f48f,longshot_no,18,0,0.2,0.08,1,0.005,costed,182.6,-17.4,5.57,206,147,0.087,-0.0003670137031740655,-0.0004952161235064595,nonpositive_simultaneous_lower_bound;nonpositive_stress_profit
045712943fd7f48f,longshot_no,18,0,0.2,0.08,1,0.01,costed,163.55,-36.45,10.78,350,192,0.18225,-0.0008112847280792081,-0.0010633974596125457,nonpositive_simultaneous_lower_bound;nonpositive_stress_profit
045712943fd7f48f,longshot_no,18,0,0.2,0.08,1,0.025,costed,159.97,-40.03,8.51,113,78,0.20015,-0.0009005285036069841,-0.0016841138707824666,nonpositive_simultaneous_lower_bound;nonpositive_stress_profit
045712943fd7f48f,longshot_no,18,0,0.2,0.08,1,0.05,costed,158.75,-41.25,6.84,49,40,0.20625,-0.0009313980999001444,-0.002177639110519997,nonpositive_simultaneous_lower_bound;insufficient_release_days;nonpositive_stress_profit
045712943fd7f48f,longshot_no,18,0,0.2,0.08,1,0.005,stress,181.92,-18.08,4.62,157,123,0.0904,-0.00038205780865246085,-0.0005648310372647053,
045712943fd7f48f,longshot_no,18,0,0.2,0.08,1,0.01,stress,159.89,-40.11,9.1,282,173,0.20055,-0.0009025455151238195,-0.0012914699667067931,
045712943fd7f48f,longshot_no,18,0,0.2,0.08,1,0.025,stress,159.62,-40.38,7.61,95,68,0.2019,-0.0009093603875006999,-0.0016864382149314671,
045712943fd7f48f,longshot_no,18,0,0.2,0.08,1,0.05,stress,159.4,-40.6,6.07,39,35,0.203,-0.0009149217749674273,-0.002097382841296183,
e72293c545c1ccb8,longshot_no,18,0,0.2,0.08,3,0.005,costed,180.93,-19.07,5.38,209,148,0.09535,-0.00040406109039125676,-0.0006056924674243358,nonpositive_simultaneous_lower_bound;nonpositive_stress_profit
e72293c545c1ccb8,longshot_no,18,0,0.2,0.08,3,0.01,costed,160.49,-39.51,10.54,350,188,0.1975901204939753,-0.0008874424645764995,-0.0012958204335099923,nonpositive_simultaneous_lower_bound;nonpositive_stress_profit
e72293c545c1ccb8,longshot_no,18,0,0.2,0.08,3,0.025,costed,158.8,-41.2,8.97,128,81,0.20615876824635074,-0.0009301282973185542,-0.001737098625984756,nonpositive_simultaneous_lower_bound;nonpositive_stress_profit
e72293c545c1ccb8,longshot_no,18,0,0.2,0.08,3,0.05,costed,159.47,-40.53,6.15,47,37,0.20300864610925085,-0.000913151410436112,-0.002198373595203305,nonpositive_simultaneous_lower_bound;insufficient_release_days;nonpositive_stress_profit
e72293c545c1ccb8,longshot_no,18,0,0.2,0.08,3,0.005,stress,180.5,-19.5,4.09,153,118,0.09772556860784803,-0.0004136555998996003,-0.0006572820209361614,
e72293c545c1ccb8,longshot_no,18,0,0.2,0.08,3,0.01,stress,160.22,-39.78,7.86,269,165,0.20003997801209336,-0.0008942318377462295,-0.0013736813485376856,
e72293c545c1ccb8,longshot_no,18,0,0.2,0.08,3,0.025,stress,159.98,-40.02,7.15,100,69,0.201218294387857,-0.0009002764480941962,-0.0019211295758187986,
e72293c545c1ccb8,longshot_no,18,0,0.2,0.08,3,0.05,stress,152.58,-47.42,7.16,56,45,0.23923015556441962,-0.00109124321728207,-0.002895734829626956,
73c96f4ce8eea470,longshot_no,18,0,0.2,0.08,,0.005,costed,195.81,-4.19,3.61,324,186,0.0436726272352132,-8.537324690645406e-05,-0.0005985784113677304,nonpositive_simultaneous_lower_bound;nonpositive_stress_profit
73c96f4ce8eea470,longshot_no,18,0,0.2,0.08,,0.01,costed,193.89,-6.11,5.94,350,195,0.07694532831935204,-0.00012510636534323753,-0.0011478260257487744,nonpositive_simultaneous_lower_bound;nonpositive_stress_profit
73c96f4ce8eea470,longshot_no,18,0,0.2,0.08,,0.025,costed,184.12,-15.88,11.29,320,192,0.1753892242748854,-0.00033358728870562716,-0.0028601075491951175,nonpositive_simultaneous_lower_bound;nonpositive_stress_profit
73c96f4ce8eea470,longshot_no,18,0,0.2,0.08,,0.05,costed,185.79,-14.21,14.89,237,166,0.23297713717693838,-0.00029717888278208554,-0.0038253633795162973,nonpositive_simultaneous_lower_bound;nonpositive_stress_profit
73c96f4ce8eea470,longshot_no,18,0,0.2,0.08,,0.005,stress,191.82,-8.18,2.73,227,152,0.052222552222552225,-0.00016838683164608985,-0.000644431878241552,
73c96f4ce8eea470,longshot_no,18,0,0.2,0.08,,0.01,stress,185.32,-14.68,4.99,295,178,0.09708975299584251,-0.00030739236290156945,-0.0011807887425687898,
73c96f4ce8eea470,longshot_no,18,0,0.2,0.08,,0.025,stress,169.01,-30.99,8.63,251,165,0.20515964721973307,-0.0006788688781366901,-0.0029046268910070147,
73c96f4ce8eea470,longshot_no,18,0,0.2,0.08,,0.05,stress,173.51,-26.49,6.21,99,74,0.20666636184902382,-0.0005729118223163554,-0.003121548434854431,
8a059250e757775c,longshot_no,12,0,0.2,0.03,1,0.005,costed,188.03,-11.97,1.94,68,56,0.0612,-0.00024885420153489247,-0.0004923692261796616,nonpositive_simultaneous_lower_bound;insufficient_release_days;nonpositive_stress_profit
8a059250e757775c,longshot_no,12,0,0.2,0.03,1,0.01,costed,168.42,-31.58,5.44,195,131,0.1582,-0.0006929697860733458,-0.0011547941782192104,nonpositive_simultaneous_lower_bound;nonpositive_stress_profit
8a059250e757775c,longshot_no,12,0,0.2,0.03,1,0.025,costed,158.14,-41.86,4.52,67,42,0.2093,-0.0009469219754244171,-0.0021956413974997236,nonpositive_simultaneous_lower_bound;insufficient_release_days;nonpositive_stress_profit
8a059250e757775c,longshot_no,12,0,0.2,0.03,1,0.05,costed,154.07,-45.93,4.53,35,26,0.22965,-0.0010520577498159393,-0.002889626907445033,nonpositive_simultaneous_lower_bound;insufficient_release_days;nonpositive_stress_profit
8a059250e757775c,longshot_no,12,0,0.2,0.03,1,0.005,stress,191.18,-8.82,1.77,63,48,0.04452996151731721,-0.00018186279803395153,-0.000340483077710513,
8a059250e757775c,longshot_no,12,0,0.2,0.03,1,0.01,stress,175.38,-24.62,4.08,123,91,0.12423818563293036,-0.0005296867669226888,-0.0008901801087880538,
8a059250e757775c,longshot_no,12,0,0.2,0.03,1,0.025,stress,160.12,-39.88,5.69,73,54,0.20123715454454755,-0.0008967493242889696,-0.001834905824220657,
8a059250e757775c,longshot_no,12,0,0.2,0.03,1,0.05,stress,159.74,-40.26,3.99,26,21,0.2013,-0.000906330133301588,-0.0024308684027081707,
c58da9626eb6f341,longshot_no,12,0,0.2,0.03,3,0.005,costed,191.65,-8.35,1.56,76,62,0.044184535412605586,-0.00017196199484464578,-0.00047058422559383253,nonpositive_simultaneous_lower_bound;nonpositive_stress_profit
c58da9626eb6f341,longshot_no,12,0,0.2,0.03,3,0.01,costed,178.0,-22.0,3.85,195,136,0.11352053562506245,-0.000469894420386902,-0.0010471880559200471,nonpositive_simultaneous_lower_bound;nonpositive_stress_profit
c58da9626eb6f341,longshot_no,12,0,0.2,0.03,3,0.025,costed,160.25,-39.75,4.26,103,66,0.2002295752857214,-0.0008934768981744272,-0.002255137271758719,nonpositive_simultaneous_lower_bound;nonpositive_stress_profit
c58da9626eb6f341,longshot_no,12,0,0.2,0.03,3,0.05,costed,158.67,-41.33,3.22,35,25,0.21764471455614226,-0.0009334306161372498,-0.0025837698159111573,nonpositive_simultaneous_lower_bound;insufficient_release_days;nonpositive_stress_profit
c58da9626eb6f341,longshot_no,12,0,0.2,0.03,3,0.005,stress,194.33,-5.67,1.24,68,54,0.03148583137588085,-0.00011596621641703578,-0.00036323602784556463,
c58da9626eb6f341,longshot_no,12,0,0.2,0.03,3,0.01,stress,183.76,-16.24,2.72,123,92,0.08357478269557399,-0.0003414790651902994,-0.000877423608647785,
c58da9626eb6f341,longshot_no,12,0,0.2,0.03,3,0.025,stress,157.4,-42.6,3.85,81,59,0.2156041105457448,-0.0009658348006642474,-0.002359935115260784,
c58da9626eb6f341,longshot_no,12,0,0.2,0.03,3,0.05,stress,157.56,-42.44,4.48,52,40,0.2194590310115922,-0.0009617380179247243,-0.002902986913267287,
bb8e7913df8972d4,longshot_no,12,0,0.2,0.03,,0.005,costed,194.61,-5.39,1.15,84,69,0.038786424751337034,-0.00011016052683453027,-0.0004494848992999074,nonpositive_simultaneous_lower_bound;nonpositive_stress_profit
bb8e7913df8972d4,longshot_no,12,0,0.2,0.03,,0.01,costed,185.64,-14.36,2.94,195,133,0.0845408214250025,-0.0003004356942542792,-0.0009872859191541066,nonpositive_simultaneous_lower_bound;nonpositive_stress_profit
bb8e7913df8972d4,longshot_no,12,0,0.2,0.03,,0.025,costed,159.61,-40.39,3.42,118,79,0.2042221889504417,-0.0009096130115063318,-0.0024938362331311317,nonpositive_simultaneous_lower_bound;nonpositive_stress_profit
bb8e7913df8972d4,longshot_no,12,0,0.2,0.03,,0.05,costed,157.5,-42.5,2.21,43,31,0.22058383979276677,-0.0009632738237191484,-0.0029694579346606345,nonpositive_simultaneous_lower_bound;insufficient_release_days;nonpositive_stress_profit
bb8e7913df8972d4,longshot_no,12,0,0.2,0.03,,0.005,stress,195.92,-4.08,1.06,72,58,0.026338147833474938,-8.310868509727667e-05,-0.0003522850952967459,
bb8e7913df8972d4,longshot_no,12,0,0.2,0.03,,0.01,stress,186.56,-13.44,2.34,123,94,0.07133579778199621,-0.0002805018684915657,-0.0008507449060426021,
bb8e7913df8972d4,longshot_no,12,0,0.2,0.03,,0.025,stress,160.15,-39.85,4.29,114,89,0.2010874987528684,-0.0008959939132776965,-0.0025048183608606805,
bb8e7913df8972d4,longshot_no,12,0,0.2,0.03,,0.05,stress,167.59,-32.41,3.48,49,41,0.21134117647058823,-0.0007128905086744158,-0.0028466914687034313,
67f7928a661e1ddc,longshot_no,12,0,0.2,0.08,1,0.005,costed,178.81,-21.19,4.09,140,103,0.10595,-0.0004515870038746965,-0.0007710508995715386,nonpositive_simultaneous_lower_bound;nonpositive_stress_profit
67f7928a661e1ddc,longshot_no,12,0,0.2,0.08,1,0.01,costed,159.76,-40.24,7.35,259,121,0.2012,-0.0009058253122599901,-0.0015424955192166459,nonpositive_simultaneous_lower_bound;nonpositive_stress_profit
67f7928a661e1ddc,longshot_no,12,0,0.2,0.08,1,0.025,costed,159.83,-40.17,5.5,79,43,0.20085,-0.0009040589361591731,-0.002188450726888661,nonpositive_simultaneous_lower_bound;insufficient_release_days;nonpositive_stress_profit
67f7928a661e1ddc,longshot_no,12,0,0.2,0.08,1,0.05,costed,158.46,-41.54,5.42,43,29,0.2077,-0.0009387708508505662,-0.002730190922717688,nonpositive_simultaneous_lower_bound;insufficient_release_days;nonpositive_stress_profit
67f7928a661e1ddc,longshot_no,12,0,0.2,0.08,1,0.005,stress,180.96,-19.04,3.52,125,97,0.09560697686041282,-0.0004033925571783315,-0.0006973754919518203,
67f7928a661e1ddc,longshot_no,12,0,0.2,0.08,1,0.01,stress,159.76,-40.24,6.49,215,130,0.20191827355380157,-0.0009058253122599888,-0.0014523946894207315,
67f7928a661e1ddc,longshot_no,12,0,0.2,0.08,1,0.025,stress,160.34,-39.66,5.65,77,46,0.20013967873890054,-0.0008912129271501245,-0.0019923956240093946,
67f7928a661e1ddc,longshot_no,12,0,0.2,0.08,1,0.05,stress,159.3,-40.7,4.52,35,28,0.2035,-0.0009174522162582009,-0.0022667272790576685,
6bf4e09d937bbdbd,longshot_no,12,0,0.2,0.08,3,0.005,costed,179.82,-20.18,2.8,131,93,0.10356892932120364,-0.0004288750644814951,-0.0008548611067042526,nonpositive_simultaneous_lower_bound;nonpositive_stress_profit
6bf4e09d937bbdbd,longshot_no,12,0,0.2,0.08,3,0.01,costed,159.84,-40.16,6.03,299,133,0.20131914255733774,-0.0009038066598701341,-0.0016479544693767416,nonpositive_simultaneous_lower_bound;nonpositive_stress_profit
6bf4e09d937bbdbd,longshot_no,12,0,0.2,0.08,3,0.025,costed,159.85,-40.15,3.78,76,39,0.20582068690095848,-0.0009035543993636561,-0.002452460752253037,nonpositive_simultaneous_lower_bound;insufficient_release_days;nonpositive_stress_profit
6bf4e09d937bbdbd,longshot_no,12,0,0.2,0.08,3,0.05,costed,161.17,-38.83,3.78,51,34,0.20225,-0.0008703937823121362,-0.0025173362416018143,nonpositive_simultaneous_lower_bound;insufficient_release_days;nonpositive_stress_profit
6bf4e09d937bbdbd,longshot_no,12,0,0.2,0.08,3,0.005,stress,186.16,-13.84,2.44,132,100,0.07196761457344195,-0.0002891566433629058,-0.000680545853034872,
6bf4e09d937bbdbd,longshot_no,12,0,0.2,0.08,3,0.01,stress,167.33,-32.67,4.97,260,165,0.1678988909981017,-0.0007191510324256221,-0.0014131885085609005,
6bf4e09d937bbdbd,longshot_no,12,0,0.2,0.08,3,0.025,stress,160.18,-39.82,3.74,79,54,0.2024842861418737,-0.0008952386437600829,-0.002225459436283918,
6bf4e09d937bbdbd,longshot_no,12,0,0.2,0.08,3,0.05,stress,160.23,-39.77,4.82,58,44,0.2108451536643026,-0.0008939801755171301,-0.0025532295218608997,
9276b9d6e02976d7,longshot_no,12,0,0.2,0.08,,0.005,costed,183.8,-16.2,2.28,161,112,0.08632410276916926,-0.00034060143800988075,-0.0008741810622071196,nonpositive_simultaneous_lower_bound;nonpositive_stress_profit
9276b9d6e02976d7,longshot_no,12,0,0.2,0.08,,0.01,costed,165.32,-34.68,5.36,388,196,0.1772347973817019,-0.0007678805520342994,-0.0016618154015963175,nonpositive_simultaneous_lower_bound;nonpositive_stress_profit
9276b9d6e02976d7,longshot_no,12,0,0.2,0.08,,0.025,costed,159.19,-40.81,4.57,159,78,0.2057208466453674,-0.0009202375370201292,-0.0024542348972784577,nonpositive_simultaneous_lower_bound;nonpositive_stress_profit
9276b9d6e02976d7,longshot_no,12,0,0.2,0.08,,0.05,costed,155.74,-44.26,5.28,107,69,0.2222333200159808,-0.0010085863564483699,-0.003106968458032288,nonpositive_simultaneous_lower_bound;nonpositive_stress_profit
9276b9d6e02976d7,longshot_no,12,0,0.2,0.08,,0.005,stress,188.24,-11.76,2.13,138,103,0.061572292468389224,-0.00024435331503600525,-0.0006385416926094189,
9276b9d6e02976d7,longshot_no,12,0,0.2,0.08,,0.01,stress,174.52,-25.48,4.38,260,165,0.13298031771405736,-0.0005495081382767277,-0.001270716714541062,
9276b9d6e02976d7,longshot_no,12,0,0.2,0.08,,0.025,stress,158.52,-41.48,3.52,100,64,0.2092187967674349,-0.0009372443476846872,-0.002292706529404694,
9276b9d6e02976d7,longshot_no,12,0,0.2,0.08,,0.05,stress,158.18,-41.82,4.15,66,50,0.22434168587260334,-0.0009459021832934068,-0.003184994165548867,
1fccb7599947b1e4,longshot_no,6,0,0.2,0.03,1,0.005,costed,198.52,-1.48,0.19,8,8,0.0074,-2.994966059998601e-05,-9.376153180651439e-05,nonpositive_simultaneous_lower_bound;insufficient_release_days;nonpositive_stress_profit
1fccb7599947b1e4,longshot_no,6,0,0.2,0.03,1,0.01,costed,196.64,-3.36,0.41,13,12,0.0168,-6.831742229964462e-05,-0.0002006260153454495,nonpositive_simultaneous_lower_bound;insufficient_release_days;nonpositive_stress_profit
1fccb7599947b1e4,longshot_no,6,0,0.2,0.03,1,0.025,costed,191.95,-8.05,0.75,13,12,0.04025,-0.00016565502056947577,-0.0004854851966435246,nonpositive_simultaneous_lower_bound;insufficient_release_days;nonpositive_stress_profit
1fccb7599947b1e4,longshot_no,6,0,0.2,0.03,1,0.05,costed,183.94,-16.06,1.41,13,12,0.0803,-0.0003375312462640529,-0.000989540967312871,nonpositive_simultaneous_lower_bound;insufficient_release_days;nonpositive_stress_profit
1fccb7599947b1e4,longshot_no,6,0,0.2,0.03,1,0.005,stress,199.6,-0.4,0.13,4,4,0.002,-8.072591414004168e-06,-2.431127551479508e-05,
1fccb7599947b1e4,longshot_no,6,0,0.2,0.03,1,0.01,stress,198.84,-1.16,0.34,9,9,0.0058,-2.3455182748244348e-05,-6.166656089803444e-05,
1fccb7599947b1e4,longshot_no,6,0,0.2,0.03,1,0.025,stress,197.31,-2.69,0.66,9,9,0.01345,-5.460189744624016e-05,-0.00014445523297471405,
1fccb7599947b1e4,longshot_no,6,0,0.2,0.03,1,0.05,stress,194.64,-5.36,1.27,9,9,0.0268,-0.00010953898416439268,-0.0002903855072097487,
9abc964eedc467bd,longshot_no,6,0,0.2,0.03,3,0.005,costed,200.38,0.38,0.14,13,12,0.00024947610018960184,7.654021302741733e-06,-1.3640687777046429e-05,nonpositive_simultaneous_lower_bound;insufficient_release_days
9abc964eedc467bd,longshot_no,6,0,0.2,0.03,3,0.01,costed,200.87,0.87,0.17,13,12,0.0003981486089682974,1.7502282654920424e-05,-2.7335798497641406e-05,nonpositive_simultaneous_lower_bound;insufficient_release_days
9abc964eedc467bd,longshot_no,6,0,0.2,0.03,3,0.025,costed,202.35,2.35,0.25,13,12,0.0008889766890557092,4.7102841829991794e-05,-6.967584647405076e-05,nonpositive_simultaneous_lower_bound;insufficient_release_days
9abc964eedc467bd,longshot_no,6,0,0.2,0.03,3,0.05,costed,205.0,5.0,0.45,13,12,0.0018025040190967994,9.956698625149704e-05,-0.00015179418254156925,nonpositive_simultaneous_lower_bound;insufficient_release_days
9abc964eedc467bd,longshot_no,6,0,0.2,0.03,3,0.005,stress,200.78,0.78,0.11,9,9,9.992505620784411e-05,1.5695220626386824e-05,-1.7650367195972195e-05,
9abc964eedc467bd,longshot_no,6,0,0.2,0.03,3,0.01,stress,201.62,1.62,0.16,9,9,0.00019914368216668326,3.2529722087738385e-05,-3.4944550661772294e-05,
9abc964eedc467bd,longshot_no,6,0,0.2,0.03,3,0.025,stress,204.16,4.16,0.29,9,9,0.0003956087429532193,8.301061938866299e-05,-8.65254629855145e-05,
9abc964eedc467bd,longshot_no,6,0,0.2,0.03,3,0.05,stress,208.76,8.76,0.55,9,9,0.0008802386424764047,0.0001728544363999026,-0.00018203908491434758,
ef20cc89f1737ea1,longshot_no,6,0,0.2,0.03,,0.005,costed,200.38,0.38,0.14,13,12,0.00024947610018960184,7.654021302741733e-06,-1.3640687777046429e-05,nonpositive_simultaneous_lower_bound;insufficient_release_days
ef20cc89f1737ea1,longshot_no,6,0,0.2,0.03,,0.01,costed,200.87,0.87,0.17,13,12,0.0003981486089682974,1.7502282654920424e-05,-2.7335798497641406e-05,nonpositive_simultaneous_lower_bound;insufficient_release_days
ef20cc89f1737ea1,longshot_no,6,0,0.2,0.03,,0.025,costed,202.35,2.35,0.25,13,12,0.0008889766890557092,4.7102841829991794e-05,-6.967584647405076e-05,nonpositive_simultaneous_lower_bound;insufficient_release_days
ef20cc89f1737ea1,longshot_no,6,0,0.2,0.03,,0.05,costed,205.0,5.0,0.45,13,12,0.0018025040190967994,9.956698625149704e-05,-0.00015179418254156925,nonpositive_simultaneous_lower_bound;insufficient_release_days
ef20cc89f1737ea1,longshot_no,6,0,0.2,0.03,,0.005,stress,200.78,0.78,0.11,9,9,9.992505620784411e-05,1.5695220626386824e-05,-1.7650367195972195e-05,
ef20cc89f1737ea1,longshot_no,6,0,0.2,0.03,,0.01,stress,201.62,1.62,0.16,9,9,0.00019914368216668326,3.2529722087738385e-05,-3.4944550661772294e-05,
ef20cc89f1737ea1,longshot_no,6,0,0.2,0.03,,0.025,stress,204.16,4.16,0.29,9,9,0.0003956087429532193,8.301061938866299e-05,-8.65254629855145e-05,
ef20cc89f1737ea1,longshot_no,6,0,0.2,0.03,,0.05,stress,208.76,8.76,0.55,9,9,0.0008802386424764047,0.0001728544363999026,-0.00018203908491434758,
252cdfb5820a7b8c,longshot_no,6,0,0.2,0.08,1,0.005,costed,198.38,-1.62,0.23,10,9,0.0081,-3.279428721850374e-05,-0.0001017921308905373,nonpositive_simultaneous_lower_bound;insufficient_release_days;nonpositive_stress_profit
252cdfb5820a7b8c,longshot_no,6,0,0.2,0.08,1,0.01,costed,196.26,-3.74,0.53,18,15,0.0187,-7.611716036165018e-05,-0.00021609262642145025,nonpositive_simultaneous_lower_bound;insufficient_release_days;nonpositive_stress_profit
252cdfb5820a7b8c,longshot_no,6,0,0.2,0.08,1,0.025,costed,191.2,-8.8,0.97,18,15,0.044,-0.0001814409916561931,-0.0005075320981520347,nonpositive_simultaneous_lower_bound;insufficient_release_days;nonpositive_stress_profit
252cdfb5820a7b8c,longshot_no,6,0,0.2,0.08,1,0.05,costed,181.43,-18.57,1.92,18,15,0.09285,-0.0003929333151853409,-0.0011077491073058722,nonpositive_simultaneous_lower_bound;insufficient_release_days;nonpositive_stress_profit
252cdfb5820a7b8c,longshot_no,6,0,0.2,0.08,1,0.005,stress,198.54,-1.46,0.17,6,5,0.0073,-2.95434491389554e-05,-0.00010431795104367185,
252cdfb5820a7b8c,longshot_no,6,0,0.2,0.08,1,0.01,stress,196.65,-3.35,0.43,13,12,0.01675,-6.811236963797674e-05,-0.0002202569069141513,
252cdfb5820a7b8c,longshot_no,6,0,0.2,0.08,1,0.025,stress,191.3,-8.7,0.89,13,12,0.0435,-0.00017933262137834516,-0.0005623541775948634,
252cdfb5820a7b8c,longshot_no,6,0,0.2,0.08,1,0.05,stress,182.58,-17.42,1.66,13,12,0.0871,-0.0003674553766576683,-0.0011442879479565998,
8934343864f5de0c,longshot_no,6,0,0.2,0.08,3,0.005,costed,200.59,0.59,0.19,18,15,0.00019941173538062714,1.1877650357135841e-05,-1.535543347610224e-05,nonpositive_simultaneous_lower_bound;insufficient_release_days;nonpositive_stress_profit
8934343864f5de0c,longshot_no,6,0,0.2,0.08,3,0.01,costed,201.33,1.33,0.23,18,15,0.0003477396920019871,2.672575117024767e-05,-3.0206854191165376e-05,nonpositive_simultaneous_lower_bound;insufficient_release_days;nonpositive_stress_profit
8934343864f5de0c,longshot_no,6,0,0.2,0.08,3,0.025,costed,203.54,3.54,0.36,18,15,0.0007865113306788576,7.074669038608611e-05,-7.618260370030868e-05,nonpositive_simultaneous_lower_bound;insufficient_release_days
8934343864f5de0c,longshot_no,6,0,0.2,0.08,3,0.05,costed,207.73,7.73,0.67,18,15,0.0016865844255975328,0.00015291045563933992,-0.0001715612499653654,nonpositive_simultaneous_lower_bound;insufficient_release_days
8934343864f5de0c,longshot_no,6,0,0.2,0.08,3,0.005,stress,199.85,-0.15,0.08,6,5,0.0045,-3.0253281883232577e-06,-7.94061551743115e-05,
8934343864f5de0c,longshot_no,6,0,0.2,0.08,3,0.01,stress,199.94,-0.06,0.21,13,12,0.00895,-1.2098589072656253e-06,-0.00015565561935114528,
8934343864f5de0c,longshot_no,6,0,0.2,0.08,3,0.025,stress,200.33,0.33,0.39,13,12,0.02225,6.647742925502654e-06,-0.00038202111816290505,
8934343864f5de0c,longshot_no,6,0,0.2,0.08,3,0.05,stress,201.4,1.4,0.75,13,12,0.0445,2.8127474743650367e-05,-0.0007697152434603449,
c859ffab055eb4d5,longshot_no,6,0,0.2,0.08,,0.005,costed,200.59,0.59,0.19,18,15,0.00019941173538062714,1.1877650357135841e-05,-1.535543347610224e-05,nonpositive_simultaneous_lower_bound;insufficient_release_days;nonpositive_stress_profit
c859ffab055eb4d5,longshot_no,6,0,0.2,0.08,,0.01,costed,201.33,1.33,0.23,18,15,0.0003477396920019871,2.672575117024767e-05,-3.0206854191165376e-05,nonpositive_simultaneous_lower_bound;insufficient_release_days;nonpositive_stress_profit
c859ffab055eb4d5,longshot_no,6,0,0.2,0.08,,0.025,costed,203.54,3.54,0.36,18,15,0.0007865113306788576,7.074669038608611e-05,-7.618260370030868e-05,nonpositive_simultaneous_lower_bound;insufficient_release_days
c859ffab055eb4d5,longshot_no,6,0,0.2,0.08,,0.05,costed,207.73,7.73,0.67,18,15,0.0016865844255975328,0.00015291045563933992,-0.0001715612499653654,nonpositive_simultaneous_lower_bound;insufficient_release_days
c859ffab055eb4d5,longshot_no,6,0,0.2,0.08,,0.005,stress,199.85,-0.15,0.08,6,5,0.0045,-3.0253281883232577e-06,-7.94061551743115e-05,
c859ffab055eb4d5,longshot_no,6,0,0.2,0.08,,0.01,stress,199.94,-0.06,0.21,13,12,0.00895,-1.2098589072656253e-06,-0.00015565561935114528,
c859ffab055eb4d5,longshot_no,6,0,0.2,0.08,,0.025,stress,200.33,0.33,0.39,13,12,0.02225,6.647742925502654e-06,-0.00038202111816290505,
c859ffab055eb4d5,longshot_no,6,0,0.2,0.08,,0.05,stress,201.4,1.4,0.75,13,12,0.0445,2.8127474743650367e-05,-0.0007697152434603449,
e143b447285ac64c,longshot_no,24,0,0.3,0.03,1,0.005,costed,164.66,-35.34,11.67,355,190,0.17694691592522244,-0.0007840105833780558,-0.0010957321046400088,nonpositive_simultaneous_lower_bound;nonpositive_stress_profit
e143b447285ac64c,longshot_no,24,0,0.3,0.03,1,0.01,costed,160.08,-39.92,11.36,307,117,0.20016988957177834,-0.0008977567591635416,-0.0016426140904490425,nonpositive_simultaneous_lower_bound;nonpositive_stress_profit
e143b447285ac64c,longshot_no,24,0,0.3,0.03,1,0.025,costed,159.83,-40.17,5.58,67,30,0.202365505539475,-0.0009040589361591718,-0.0025738038410835556,nonpositive_simultaneous_lower_bound;insufficient_release_days;nonpositive_stress_profit
e143b447285ac64c,longshot_no,24,0,0.3,0.03,1,0.05,costed,156.79,-43.21,4.74,35,20,0.21905663196692732,-0.0009814920813535392,-0.003180460246523637,nonpositive_simultaneous_lower_bound;insufficient_release_days;nonpositive_stress_profit
e143b447285ac64c,longshot_no,24,0,0.3,0.03,1,0.005,stress,173.58,-26.42,8.02,267,173,0.1321,-0.0005712853964997501,-0.0009217577683914536,
e143b447285ac64c,longshot_no,24,0,0.3,0.03,1,0.01,stress,159.77,-40.23,9.4,254,136,0.20115,-0.0009055729254377283,-0.0015432146791966314,
e143b447285ac64c,longshot_no,24,0,0.3,0.03,1,0.025,stress,159.85,-40.15,8.12,92,53,0.20075,-0.0009035543993636545,-0.0019882364027889047,
e143b447285ac64c,longshot_no,24,0,0.3,0.03,1,0.05,stress,159.77,-40.23,7.43,48,37,0.20115,-0.0009055729254377279,-0.002164839829973278,
1d7a5e2d27573464,longshot_no,24,0,0.3,0.03,3,0.005,costed,191.95,-8.05,10.03,539,219,0.049815313966257366,-0.00016565502056947433,-0.0008129990390908057,nonpositive_simultaneous_lower_bound;nonpositive_stress_profit
1d7a5e2d27573464,longshot_no,24,0,0.3,0.03,3,0.01,costed,182.3,-17.7,17.39,669,227,0.1097548824232762,-0.0003736438905783044,-0.0016687518613268972,nonpositive_simultaneous_lower_bound;nonpositive_stress_profit
1d7a5e2d27573464,longshot_no,24,0,0.3,0.03,3,0.025,costed,160.99,-39.01,8.87,162,72,0.20488070488070487,-0.0008748996584428766,-0.002522393371428556,nonpositive_simultaneous_lower_bound;nonpositive_stress_profit
1d7a5e2d27573464,longshot_no,24,0,0.3,0.03,3,0.05,costed,165.54,-34.46,5.73,55,32,0.2138481265137484,-0.0007625181818176891,-0.002828030881163075,nonpositive_simultaneous_lower_bound;insufficient_release_days;nonpositive_stress_profit
1d7a5e2d27573464,longshot_no,24,0,0.3,0.03,3,0.005,stress,192.11,-7.89,7.01,403,196,0.05177690029615005,-0.0001622953302729222,-0.0006483353016421896,
1d7a5e2d27573464,longshot_no,24,0,0.3,0.03,3,0.01,stress,185.7,-14.3,11.59,438,202,0.09889363354037267,-0.00029913265398942053,-0.0012822004044307856,
1d7a5e2d27573464,longshot_no,24,0,0.3,0.03,3,0.025,stress,167.87,-32.13,19.44,371,192,0.1901683631627189,-0.000706159258926266,-0.0030717257467709033,
1d7a5e2d27573464,longshot_no,24,0,0.3,0.03,3,0.05,stress,191.46,-8.54,20.92,221,152,0.1828184095486026,-0.00017596152028157035,-0.003771047618246023,
34d65d580ffde83e,longshot_no,24,0,0.3,0.03,,0.005,costed,200.67,0.67,8.95,633,231,0.03916744575111942,1.3485488912870859e-05,-0.0005830090289028339,nonpositive_simultaneous_lower_bound;nonpositive_stress_profit
34d65d580ffde83e,longshot_no,24,0,0.3,0.03,,0.01,costed,204.9,4.9,13.98,669,235,0.0731016607468561,9.75995511968413e-05,-0.0011129714144006075,nonpositive_simultaneous_lower_bound;nonpositive_stress_profit
34d65d580ffde83e,longshot_no,24,0,0.3,0.03,,0.025,costed,221.4,21.4,20.41,485,220,0.12988020339567352,0.00040989376502620985,-0.002521189067651505,nonpositive_simultaneous_lower_bound;nonpositive_stress_profit
34d65d580ffde83e,longshot_no,24,0,0.3,0.03,,0.05,costed,170.87,-29.13,2.26,35,23,0.20499697575954962,-0.0006347352140639317,-0.0028742513120934357,nonpositive_simultaneous_lower_bound;insufficient_release_days
34d65d580ffde83e,longshot_no,24,0,0.3,0.03,,0.005,stress,196.28,-3.72,5.9,414,199,0.045606283750613645,-7.57062714771541e-05,-0.0006225950538554558,
34d65d580ffde83e,longshot_no,24,0,0.3,0.03,,0.01,stress,195.25,-4.75,9.36,437,204,0.08511350059737156,-9.692168479130014e-05,-0.0011880919159547552,
34d65d580ffde83e,longshot_no,24,0,0.3,0.03,,0.025,stress,190.14,-9.86,14.83,344,193,0.12772167145372001,-0.00020385775652076953,-0.0025070644535092933,
34d65d580ffde83e,longshot_no,24,0,0.3,0.03,,0.05,stress,228.16,28.16,16.01,202,152,0.15879220208139933,0.0005311684301528022,-0.0031949219652864158,
325d96fb7ec1fbe7,longshot_no,24,0,0.3,0.08,1,0.005,costed,159.51,-40.49,13.27,383,151,0.20245,-0.000912140122434195,-0.001436715743436073,nonpositive_simultaneous_lower_bound;nonpositive_stress_profit
325d96fb7ec1fbe7,longshot_no,24,0,0.3,0.08,1,0.01,costed,159.99,-40.01,10.78,232,66,0.2005,-0.0009000244083363562,-0.0019473751971236062,nonpositive_simultaneous_lower_bound;nonpositive_stress_profit
325d96fb7ec1fbe7,longshot_no,24,0,0.3,0.08,1,0.025,costed,159.15,-40.85,10.61,98,32,0.20425,-0.0009212508581448975,-0.0025547630576137643,nonpositive_simultaneous_lower_bound;insufficient_release_days;nonpositive_stress_profit
325d96fb7ec1fbe7,longshot_no,24,0,0.3,0.08,1,0.05,costed,159.97,-40.03,9.5,48,25,0.20015,-0.0009005285036069858,-0.002803791428140303,nonpositive_simultaneous_lower_bound;insufficient_release_days;nonpositive_stress_profit
325d96fb7ec1fbe7,longshot_no,24,0,0.3,0.08,1,0.005,stress,159.79,-40.21,10.01,308,160,0.20105,-0.0009050681991804006,-0.0013390935248562793,
325d96fb7ec1fbe7,longshot_no,24,0,0.3,0.08,1,0.01,stress,159.56,-40.44,9.09,205,80,0.2022,-0.0009108763689952832,-0.0018026327671141333,
325d96fb7ec1fbe7,longshot_no,24,0,0.3,0.08,1,0.025,stress,159.37,-40.63,8.92,86,41,0.20405,-0.0009156807406310272,-0.0022317779247776086,
325d96fb7ec1fbe7,longshot_no,24,0,0.3,0.08,1,0.05,stress,158.96,-41.04,8.59,51,36,0.2052,-0.0009260676141309488,-0.0022258013949491636,
77643c1015d10d39,longshot_no,24,0,0.3,0.08,3,0.005,costed,184.68,-15.32,15.06,732,235,0.08245570252058897,-0.0003213418101179371,-0.0011719748825553006,nonpositive_simultaneous_lower_bound;nonpositive_stress_profit
77643c1015d10d39,longshot_no,24,0,0.3,0.08,3,0.01,costed,167.8,-32.2,24.53,855,240,0.180709699895486,-0.0007078410182053629,-0.002505038490960077,nonpositive_simultaneous_lower_bound;nonpositive_stress_profit
77643c1015d10d39,longshot_no,24,0,0.3,0.08,3,0.025,costed,161.76,-38.24,12.45,160,56,0.20130160465000746,-0.0008556597228865954,-0.0024502086996385977,nonpositive_simultaneous_lower_bound;insufficient_release_days
77643c1015d10d39,longshot_no,24,0,0.3,0.08,3,0.05,costed,164.77,-35.23,9.67,70,40,0.24069124423963134,-0.0007813177599947462,-0.003360831748488583,nonpositive_simultaneous_lower_bound;insufficient_release_days
77643c1015d10d39,longshot_no,24,0,0.3,0.08,3,0.005,stress,190.95,-9.05,10.77,584,227,0.07157096319346526,-0.00018671674546980765,-0.0008284756705173183,
77643c1015d10d39,longshot_no,24,0,0.3,0.08,3,0.01,stress,185.19,-14.81,17.57,595,227,0.13235569715142428,-0.0003102219414279121,-0.0015871336337227732,
77643c1015d10d39,longshot_no,24,0,0.3,0.08,3,0.025,stress,205.01,5.01,26.47,410,201,0.20254395518904622,9.976367696954256e-05,-0.0028582756790514726,
77643c1015d10d39,longshot_no,24,0,0.3,0.08,3,0.05,stress,280.13,80.13,31.92,237,169,0.2069248626918068,0.0013586145749525684,-0.0025500478135183895,
13ed692131c09392,longshot_no,24,0,0.3,0.08,,0.005,costed,198.16,-1.84,13.21,852,240,0.04304924059204798,-3.7268473253765166e-05,-0.000872080675685036,nonpositive_simultaneous_lower_bound;nonpositive_stress_profit
13ed692131c09392,longshot_no,24,0,0.3,0.08,,0.01,costed,201.68,1.68,20.91,854,240,0.0755984880302394,3.3729501337209216e-05,-0.0015937846919894326,nonpositive_simultaneous_lower_bound;nonpositive_stress_profit
13ed692131c09392,longshot_no,24,0,0.3,0.08,,0.025,costed,232.15,32.15,31.32,524,227,0.22274675237712602,0.0006010739835398937,-0.0031876640268259445,nonpositive_simultaneous_lower_bound
13ed692131c09392,longshot_no,24,0,0.3,0.08,,0.05,costed,341.87,141.87,33.24,318,205,0.1678186921369025,0.0021617466987610486,-0.0022695741255307753,nonpositive_simultaneous_lower_bound
13ed692131c09392,longshot_no,24,0,0.3,0.08,,0.005,stress,196.25,-3.75,9.06,590,230,0.06145144281468699,-7.63226205061275e-05,-0.0007529686608577361,
13ed692131c09392,longshot_no,24,0,0.3,0.08,,0.01,stress,196.03,-3.97,14.38,594,230,0.11086797957695113,-8.084539437783774e-05,-0.001405819157311634,
13ed692131c09392,longshot_no,24,0,0.3,0.08,,0.025,stress,215.57,15.57,23.98,406,210,0.22710688870425894,0.00030229159773106625,-0.0030157623539129345,
13ed692131c09392,longshot_no,24,0,0.3,0.08,,0.05,stress,278.56,78.56,28.01,250,178,0.22134723245141918,0.0013359520543219472,-0.0031796883459740207,
948039845fc09093,longshot_no,18,0,0.3,0.03,1,0.005,costed,184.04,-15.96,5.78,180,140,0.07993800929860521,-0.00033533968250310333,-0.0004780924922901873,nonpositive_simultaneous_lower_bound;nonpositive_stress_profit
948039845fc09093,longshot_no,18,0,0.3,0.03,1,0.01,costed,167.76,-32.24,10.46,252,161,0.16157729021940126,-0.0007088023385256944,-0.0010244689803897199,nonpositive_simultaneous_lower_bound;nonpositive_stress_profit
948039845fc09093,longshot_no,18,0,0.3,0.03,1,0.025,costed,159.02,-40.98,11.5,113,86,0.20652662042812234,-0.0009245459115915268,-0.0016802544867019868,nonpositive_simultaneous_lower_bound;nonpositive_stress_profit
948039845fc09093,longshot_no,18,0,0.3,0.03,1,0.05,costed,159.58,-40.42,10.46,57,45,0.2051601334860786,-0.0009103709784996039,-0.002088475157614863,nonpositive_simultaneous_lower_bound;insufficient_release_days;nonpositive_stress_profit
948039845fc09093,longshot_no,18,0,0.3,0.03,1,0.005,stress,184.43,-15.57,4.46,130,104,0.07785,-0.000326803946989199,-0.0004826674028267408,
948039845fc09093,longshot_no,18,0,0.3,0.03,1,0.01,stress,166.56,-33.44,8.51,193,131,0.1672,-0.0007377490390378131,-0.0011186222537989694,
948039845fc09093,longshot_no,18,0,0.3,0.03,1,0.025,stress,159.39,-40.61,8.76,83,66,0.20305,-0.0009151747476494982,-0.0016089529488592653,
948039845fc09093,longshot_no,18,0,0.3,0.03,1,0.05,stress,159.63,-40.37,7.22,37,33,0.20185,-0.0009091077793211654,-0.001951960278782606,
1dd193dcef0b9ad0,longshot_no,18,0,0.3,0.03,3,0.005,costed,184.81,-15.19,5.65,180,140,0.07595,-0.00031850442036440057,-0.0004720815265854537,nonpositive_simultaneous_lower_bound;nonpositive_stress_profit
1dd193dcef0b9ad0,longshot_no,18,0,0.3,0.03,3,0.01,costed,170.02,-29.98,10.26,252,155,0.1499,-0.0006548439087049336,-0.0010015927875779388,nonpositive_simultaneous_lower_bound;nonpositive_stress_profit
1dd193dcef0b9ad0,longshot_no,18,0,0.3,0.03,3,0.025,costed,159.59,-40.41,11.78,120,88,0.20205,-0.0009101183070037995,-0.0016499620565974796,nonpositive_simultaneous_lower_bound;nonpositive_stress_profit
1dd193dcef0b9ad0,longshot_no,18,0,0.3,0.03,3,0.05,costed,158.67,-41.33,8.6,50,39,0.20665,-0.0009334306161372526,-0.0022368067483556826,nonpositive_simultaneous_lower_bound;insufficient_release_days;nonpositive_stress_profit
1dd193dcef0b9ad0,longshot_no,18,0,0.3,0.03,3,0.005,stress,186.04,-13.96,4.16,135,110,0.0698,-0.000291756702387661,-0.0005462874984183322,
1dd193dcef0b9ad0,longshot_no,18,0,0.3,0.03,3,0.01,stress,171.2,-28.8,7.81,193,134,0.144,-0.0006269552533886875,-0.0010826134478378311,
1dd193dcef0b9ad0,longshot_no,18,0,0.3,0.03,3,0.025,stress,159.02,-40.98,9.29,94,72,0.2049,-0.000924545911591531,-0.001959845232135347,
1dd193dcef0b9ad0,longshot_no,18,0,0.3,0.03,3,0.05,stress,159.0,-41.0,12.26,72,57,0.205,-0.0009250530819669559,-0.0021759840543050146,
e51a9ccbd9179ce0,longshot_no,18,0,0.3,0.03,,0.005,costed,197.39,-2.61,3.25,229,157,0.033844631370608606,-5.2967336262666884e-05,-0.0004666029031178572,nonpositive_simultaneous_lower_bound;nonpositive_stress_profit
e51a9ccbd9179ce0,longshot_no,18,0,0.3,0.03,,0.01,costed,196.46,-3.54,5.23,252,161,0.06131222824759392,-7.201015444077908e-05,-0.0009008811233232267,nonpositive_simultaneous_lower_bound;nonpositive_stress_profit
e51a9ccbd9179ce0,longshot_no,18,0,0.3,0.03,,0.025,costed,181.68,-18.32,11.65,239,161,0.18199278587155104,-0.0003873809223819918,-0.002487828681132305,nonpositive_simultaneous_lower_bound;nonpositive_stress_profit
e51a9ccbd9179ce0,longshot_no,18,0,0.3,0.03,,0.05,costed,176.08,-23.92,14.94,166,126,0.2300749244183499,-0.0005136247150396419,-0.0038883340099605686,nonpositive_simultaneous_lower_bound;nonpositive_stress_profit
e51a9ccbd9179ce0,longshot_no,18,0,0.3,0.03,,0.005,stress,194.09,-5.91,2.43,162,120,0.05191351031867212,-0.00012094918361048983,-0.000608176026915744,
e51a9ccbd9179ce0,longshot_no,18,0,0.3,0.03,,0.01,stress,190.14,-9.86,4.13,193,133,0.09588642860603712,-0.00020385775652078132,-0.0011922794645537196,
e51a9ccbd9179ce0,longshot_no,18,0,0.3,0.03,,0.025,stress,174.8,-25.2,6.63,132,103,0.20032938377784895,-0.0005430439650266192,-0.00257940770743974,
e51a9ccbd9179ce0,longshot_no,18,0,0.3,0.03,,0.05,stress,196.24,-3.76,9.47,92,75,0.2053130315056289,-7.652809112017076e-05,-0.0034889735711698777,
3303213d71d27d65,longshot_no,18,0,0.3,0.08,1,0.005,costed,177.33,-22.67,8.35,247,171,0.11335,-0.0004851006574340683,-0.0006781372585356614,nonpositive_simultaneous_lower_bound;nonpositive_stress_profit
3303213d71d27d65,longshot_no,18,0,0.3,0.08,1,0.01,costed,159.95,-40.05,13.53,313,179,0.20025,-0.0009010326619052773,-0.001262387005525038,nonpositive_simultaneous_lower_bound;nonpositive_stress_profit
3303213d71d27d65,longshot_no,18,0,0.3,0.08,1,0.025,costed,160.02,-39.98,11.57,100,73,0.20033981310279347,-0.0008992683835728194,-0.001862957589383359,nonpositive_simultaneous_lower_bound;nonpositive_stress_profit
3303213d71d27d65,longshot_no,18,0,0.3,0.08,1,0.05,costed,159.8,-40.2,10.42,45,38,0.2035089468175248,-0.0009048158597413815,-0.0022862254309249713,nonpositive_simultaneous_lower_bound;insufficient_release_days;nonpositive_stress_profit
3303213d71d27d65,longshot_no,18,0,0.3,0.08,1,0.005,stress,177.7,-22.3,6.87,192,139,0.1115,-0.00047669609430415837,-0.0006329149452133372,
3303213d71d27d65,longshot_no,18,0,0.3,0.08,1,0.01,stress,159.97,-40.03,10.93,246,161,0.20015,-0.0009005285036069827,-0.0012267325466240183,
3303213d71d27d65,longshot_no,18,0,0.3,0.08,1,0.025,stress,159.8,-40.2,9.11,76,57,0.201,-0.00090481585974138,-0.0017903750570480506,
3303213d71d27d65,longshot_no,18,0,0.3,0.08,1,0.05,stress,159.14,-40.86,7.28,31,29,0.2043,-0.0009215042282203553,-0.0022004755158112877,
91a8f90e75dc0d14,longshot_no,18,0,0.3,0.08,3,0.005,costed,177.04,-22.96,8.26,251,169,0.1148,-0.0004917002855050064,-0.0007081687320645038,nonpositive_simultaneous_lower_bound;nonpositive_stress_profit
91a8f90e75dc0d14,longshot_no,18,0,0.3,0.08,3,0.01,costed,160.0,-40.0,13.36,315,175,0.2000399980001,-0.0008997723843314888,-0.0013137017553847964,nonpositive_simultaneous_lower_bound;nonpositive_stress_profit
91a8f90e75dc0d14,longshot_no,18,0,0.3,0.08,3,0.025,costed,159.76,-40.24,10.31,91,63,0.20135972805438912,-0.0009058253122599867,-0.0018567276183725648,nonpositive_simultaneous_lower_bound;nonpositive_stress_profit
91a8f90e75dc0d14,longshot_no,18,0,0.3,0.08,3,0.05,costed,159.9,-40.1,7.48,33,29,0.20085961317407167,-0.0009022933335005179,-0.002246294547694839,nonpositive_simultaneous_lower_bound;insufficient_release_days;nonpositive_stress_profit
91a8f90e75dc0d14,longshot_no,18,0,0.3,0.08,3,0.005,stress,178.49,-21.51,6.52,196,143,0.10830793825248539,-0.0004588096343008856,-0.0006973707107467385,
91a8f90e75dc0d14,longshot_no,18,0,0.3,0.08,3,0.01,stress,160.07,-39.93,10.38,250,157,0.20124750499001995,-0.0008980086572154466,-0.0014361265467881744,
91a8f90e75dc0d14,longshot_no,18,0,0.3,0.08,3,0.025,stress,159.73,-40.27,10.94,106,75,0.20611332007952285,-0.0009065825675248858,-0.0019429657917202285,
91a8f90e75dc0d14,longshot_no,18,0,0.3,0.08,3,0.05,stress,159.79,-40.21,5.73,26,23,0.2099772569959458,-0.000905068199180401,-0.0025545331822023425,
86dc6f242e448dbd,longshot_no,18,0,0.3,0.08,,0.005,costed,191.1,-8.9,4.79,327,187,0.06841195356878242,-0.0001835504649266509,-0.0007881645744436938,nonpositive_simultaneous_lower_bound;nonpositive_stress_profit
86dc6f242e448dbd,longshot_no,18,0,0.3,0.08,,0.01,costed,186.97,-13.03,7.96,356,193,0.11389876747698154,-0.00027164996117280086,-0.0014193704564314622,nonpositive_simultaneous_lower_bound;nonpositive_stress_profit
86dc6f242e448dbd,longshot_no,18,0,0.3,0.08,,0.025,costed,166.43,-33.57,13.71,258,160,0.2225077081192189,-0.0007408974433443589,-0.003314637014972049,nonpositive_simultaneous_lower_bound;nonpositive_stress_profit
86dc6f242e448dbd,longshot_no,18,0,0.3,0.08,,0.05,costed,173.05,-26.95,13.9,147,109,0.20612966962275422,-0.0005836161147850118,-0.004086963151949802,nonpositive_simultaneous_lower_bound;nonpositive_stress_profit
86dc6f242e448dbd,longshot_no,18,0,0.3,0.08,,0.005,stress,191.24,-8.76,3.88,242,162,0.0754122569529904,-0.00018059751125053535,-0.0007607553901270467,
86dc6f242e448dbd,longshot_no,18,0,0.3,0.08,,0.01,stress,182.91,-17.09,6.75,305,179,0.1428087986463621,-0.0003601739433879169,-0.001501839055108894,
86dc6f242e448dbd,longshot_no,18,0,0.3,0.08,,0.025,stress,169.92,-30.08,10.06,189,130,0.22534761796216093,-0.0006572162439292815,-0.0029937723808660032,
86dc6f242e448dbd,longshot_no,18,0,0.3,0.08,,0.05,stress,194.45,-5.55,11.34,112,88,0.21709546241494546,-0.00011347704010596961,-0.003904169940284603,
bec5485d929b0641,longshot_no,12,0,0.3,0.03,1,0.005,costed,185.31,-14.69,2.44,81,69,0.0748,-0.000307609952306933,-0.0005545346859706348,nonpositive_simultaneous_lower_bound;nonpositive_stress_profit
bec5485d929b0641,longshot_no,12,0,0.3,0.03,1,0.01,costed,163.06,-36.94,6.11,201,136,0.185,-0.0008233836101341628,-0.0013564456945197117,nonpositive_simultaneous_lower_bound;nonpositive_stress_profit
bec5485d929b0641,longshot_no,12,0,0.3,0.03,1,0.025,costed,158.55,-41.45,4.42,56,35,0.20725,-0.000936481312756775,-0.0022741108298436775,nonpositive_simultaneous_lower_bound;insufficient_release_days;nonpositive_stress_profit
bec5485d929b0641,longshot_no,12,0,0.3,0.03,1,0.05,costed,156.46,-43.54,4.6,30,22,0.2177,-0.0009899878237544426,-0.0027826633289567476,nonpositive_simultaneous_lower_bound;insufficient_release_days;nonpositive_stress_profit
bec5485d929b0641,longshot_no,12,0,0.3,0.03,1,0.005,stress,189.05,-10.95,2.36,80,64,0.05517517117297216,-0.00022703966214150962,-0.000438592188924844,
bec5485d929b0641,longshot_no,12,0,0.3,0.03,1,0.01,stress,172.33,-27.67,5.17,137,101,0.1394744729743231,-0.0006004279163489954,-0.0010430251147160792,
bec5485d929b0641,longshot_no,12,0,0.3,0.03,1,0.025,stress,159.71,-40.29,6.89,76,55,0.20336193136472466,-0.0009070874833863665,-0.0020131788659329746,
bec5485d929b0641,longshot_no,12,0,0.3,0.03,1,0.05,stress,157.12,-42.88,8.47,51,43,0.22152746761947298,-0.0009730142013785526,-0.002840994532302534,
fc8c7fb4d201f896,longshot_no,12,0,0.3,0.03,3,0.005,costed,190.46,-9.54,1.94,91,71,0.05128205128205128,-0.00019707728944410026,-0.0005161890868478503,nonpositive_simultaneous_lower_bound;nonpositive_stress_profit
fc8c7fb4d201f896,longshot_no,12,0,0.3,0.03,3,0.01,costed,178.16,-21.84,4.52,201,140,0.11297092035575097,-0.0004662715467698557,-0.0011094552938584043,nonpositive_simultaneous_lower_bound;nonpositive_stress_profit
fc8c7fb4d201f896,longshot_no,12,0,0.3,0.03,3,0.025,costed,159.57,-40.43,5.09,107,69,0.20362329690073364,-0.0009106236658294375,-0.0023656962968496165,nonpositive_simultaneous_lower_bound;nonpositive_stress_profit
fc8c7fb4d201f896,longshot_no,12,0,0.3,0.03,3,0.05,costed,157.54,-42.46,11.98,146,107,0.21684231457546232,-0.0009622498881970134,-0.0034988705690658295,nonpositive_simultaneous_lower_bound
fc8c7fb4d201f896,longshot_no,12,0,0.3,0.03,3,0.005,stress,194.84,-5.16,1.78,90,68,0.026937877954920284,-0.00010539781294231483,-0.000370969797048875,
fc8c7fb4d201f896,longshot_no,12,0,0.3,0.03,3,0.01,stress,186.08,-13.92,3.55,137,102,0.07198521330802278,-0.0002908898297487213,-0.0008385695162792942,
fc8c7fb4d201f896,longshot_no,12,0,0.3,0.03,3,0.025,stress,169.66,-30.34,6.96,134,101,0.1664025356576862,-0.0006633908555179397,-0.002042757585784002,
fc8c7fb4d201f896,longshot_no,12,0,0.3,0.03,3,0.05,stress,209.16,9.16,9.49,94,77,0.12653892437285938,0.00018057315633828586,-0.0024335021551076777,
81376f699ffc63d4,longshot_no,12,0,0.3,0.03,,0.005,costed,194.42,-5.58,1.47,98,77,0.03663717698805418,-0.00011409919014159212,-0.0004841861156028907,nonpositive_simultaneous_lower_bound;nonpositive_stress_profit
81376f699ffc63d4,longshot_no,12,0,0.3,0.03,,0.01,costed,187.44,-12.56,3.4,201,140,0.07444788647946438,-0.00026152650140522446,-0.0009911002164975581,nonpositive_simultaneous_lower_bound;nonpositive_stress_profit
81376f699ffc63d4,longshot_no,12,0,0.3,0.03,,0.025,costed,172.61,-27.39,6.51,199,140,0.16793931227229625,-0.0005938816618929002,-0.0024508661163368047,nonpositive_simultaneous_lower_bound;nonpositive_stress_profit
81376f699ffc63d4,longshot_no,12,0,0.3,0.03,,0.05,costed,178.67,-21.33,9.82,166,128,0.1901081916537867,-0.00045474531291516513,-0.0036796309193114895,nonpositive_simultaneous_lower_bound
81376f699ffc63d4,longshot_no,12,0,0.3,0.03,,0.005,stress,196.04,-3.96,1.43,90,69,0.024783890471193726,-8.063970365600702e-05,-0.0003649779445358303,
81376f699ffc63d4,longshot_no,12,0,0.3,0.03,,0.01,stress,189.3,-10.7,3.01,137,106,0.056418193619252086,-0.0002217109206966115,-0.0007971173196133746,
81376f699ffc63d4,longshot_no,12,0,0.3,0.03,,0.025,stress,176.95,-23.05,5.97,134,105,0.14042783911671924,-0.0004937506441796987,-0.0019914461047089937,
81376f699ffc63d4,longshot_no,12,0,0.3,0.03,,0.05,stress,212.23,12.23,7.58,92,82,0.173859105006646,0.00023932752298190776,-0.002627182612298618,
9eeede4b2bcd751f,longshot_no,12,0,0.3,0.08,1,0.005,costed,171.06,-28.94,5.62,174,122,0.1447,-0.0006302540096588743,-0.0009443848828875848,nonpositive_simultaneous_lower_bound;nonpositive_stress_profit
9eeede4b2bcd751f,longshot_no,12,0,0.3,0.08,1,0.01,costed,160.0,-40.0,7.69,216,107,0.2,-0.0008997723843314934,-0.0016458441311385493,nonpositive_simultaneous_lower_bound;nonpositive_stress_profit
9eeede4b2bcd751f,longshot_no,12,0,0.3,0.08,1,0.025,costed,157.17,-42.83,7.12,81,45,0.21415,-0.0009717312276604779,-0.0023828278002975658,nonpositive_simultaneous_lower_bound;insufficient_release_days;nonpositive_stress_profit
9eeede4b2bcd751f,longshot_no,12,0,0.3,0.08,1,0.05,costed,158.1,-41.9,7.09,47,32,0.2095,-0.0009479420255347208,-0.002655442881702517,nonpositive_simultaneous_lower_bound;insufficient_release_days;nonpositive_stress_profit
9eeede4b2bcd751f,longshot_no,12,0,0.3,0.08,1,0.005,stress,173.46,-26.54,4.41,145,101,0.13613873756809436,-0.0005740739568214803,-0.0009167121589416577,
9eeede4b2bcd751f,longshot_no,12,0,0.3,0.08,1,0.01,stress,160.1,-39.9,5.76,149,86,0.20021980217803975,-0.0008972530102635809,-0.0016482501766327596,
9eeede4b2bcd751f,longshot_no,12,0,0.3,0.08,1,0.025,stress,158.52,-41.48,5.62,64,38,0.2092187967674349,-0.0009372443476846873,-0.0022311442704832157,
9eeede4b2bcd751f,longshot_no,12,0,0.3,0.08,1,0.05,stress,160.64,-39.36,5.85,36,29,0.20047780211029265,-0.0008836755243736792,-0.002540024290341033,
ca4e2c24970f2bdb,longshot_no,12,0,0.3,0.08,3,0.005,costed,173.14,-26.86,4.25,179,125,0.13710886733979807,-0.0005815195595177721,-0.0010538679066607786,nonpositive_simultaneous_lower_bound;nonpositive_stress_profit
ca4e2c24970f2bdb,longshot_no,12,0,0.3,0.08,3,0.01,costed,159.11,-40.89,6.68,265,126,0.204966771598461,-0.0009222644339849667,-0.001813477005675797,nonpositive_simultaneous_lower_bound;nonpositive_stress_profit
ca4e2c24970f2bdb,longshot_no,12,0,0.3,0.08,3,0.025,costed,162.5,-37.5,6.04,97,47,0.20157747603833867,-0.0008372555031380818,-0.0024375336316884303,nonpositive_simultaneous_lower_bound;insufficient_release_days;nonpositive_stress_profit
ca4e2c24970f2bdb,longshot_no,12,0,0.3,0.08,3,0.05,costed,159.56,-40.44,5.38,49,30,0.2022,-0.0009108763689952835,-0.0029290624478039403,nonpositive_simultaneous_lower_bound;insufficient_release_days;nonpositive_stress_profit
ca4e2c24970f2bdb,longshot_no,12,0,0.3,0.08,3,0.005,stress,182.94,-17.06,3.46,169,120,0.09010945074716378,-0.00035951264645088293,-0.0007968133712678714,
ca4e2c24970f2bdb,longshot_no,12,0,0.3,0.08,3,0.01,stress,159.64,-40.36,5.74,236,134,0.20251773403936457,-0.0009088551869657397,-0.0017671316774892413,
ca4e2c24970f2bdb,longshot_no,12,0,0.3,0.08,3,0.025,stress,159.57,-40.43,3.87,65,37,0.20418038511423725,-0.0009106236658294401,-0.0023782269962359832,
ca4e2c24970f2bdb,longshot_no,12,0,0.3,0.08,3,0.05,stress,163.92,-36.08,6.31,61,43,0.2052748957626297,-0.0008021728331346443,-0.0027122493359587104,
5b8c2d1883b88fd8,longshot_no,12,0,0.3,0.08,,0.005,costed,179.46,-20.54,3.12,187,129,0.10861741477556733,-0.0004369557446698579,-0.0009484507769050134,nonpositive_simultaneous_lower_bound;nonpositive_stress_profit
5b8c2d1883b88fd8,longshot_no,12,0,0.3,0.08,,0.01,costed,159.78,-40.22,5.48,307,145,0.20221855793734073,-0.0009053205544118578,-0.0019531340445844043,nonpositive_simultaneous_lower_bound;nonpositive_stress_profit
5b8c2d1883b88fd8,longshot_no,12,0,0.3,0.08,,0.025,costed,158.12,-41.88,4.85,118,57,0.21126198083067094,-0.0009474319682240005,-0.0027984979541118625,nonpositive_simultaneous_lower_bound;insufficient_release_days;nonpositive_stress_profit
5b8c2d1883b88fd8,longshot_no,12,0,0.3,0.08,,0.05,costed,161.17,-38.83,4.01,55,37,0.2033,-0.0008703937823121373,-0.002796627924408088,nonpositive_simultaneous_lower_bound;insufficient_release_days;nonpositive_stress_profit
5b8c2d1883b88fd8,longshot_no,12,0,0.3,0.08,,0.005,stress,184.59,-15.41,2.95,173,121,0.0827127792493378,-0.0003233073271271307,-0.0007821708625264012,
5b8c2d1883b88fd8,longshot_no,12,0,0.3,0.08,,0.01,stress,163.04,-36.96,5.75,292,181,0.19252672594664802,-0.0008238782140065385,-0.0017498049115394995,
5b8c2d1883b88fd8,longshot_no,12,0,0.3,0.08,,0.025,stress,158.14,-41.86,2.84,62,39,0.21111443679537065,-0.0009469219754244177,-0.002612268776703257,
5b8c2d1883b88fd8,longshot_no,12,0,0.3,0.08,,0.05,stress,170.25,-29.75,5.03,62,47,0.20533047050037342,-0.0006493928287032862,-0.00258253195063019,
d6a8cb7834d47226,longshot_no,6,0,0.3,0.03,1,0.005,costed,198.34,-1.66,0.22,8,8,0.0083,-3.3607406411522496e-05,-0.00010263432691345226,nonpositive_simultaneous_lower_bound;insufficient_release_days;nonpositive_stress_profit
d6a8cb7834d47226,longshot_no,6,0,0.3,0.03,1,0.01,costed,196.29,-3.71,0.46,13,12,0.01855,-7.550084273499807e-05,-0.0002170894553612763,nonpositive_simultaneous_lower_bound;insufficient_release_days;nonpositive_stress_profit
d6a8cb7834d47226,longshot_no,6,0,0.3,0.03,1,0.025,costed,191.14,-8.86,0.93,13,12,0.0443,-0.0001827065431854963,-0.000516310194749369,nonpositive_simultaneous_lower_bound;insufficient_release_days;nonpositive_stress_profit
d6a8cb7834d47226,longshot_no,6,0,0.3,0.03,1,0.05,costed,181.97,-18.03,1.76,13,12,0.09015,-0.0003809497105761507,-0.0010908840319022997,nonpositive_simultaneous_lower_bound;insufficient_release_days;nonpositive_stress_profit
d6a8cb7834d47226,longshot_no,6,0,0.3,0.03,1,0.005,stress,199.5,-0.5,0.17,5,5,0.0025,-1.009326700854189e-05,-3.0909588198088325e-05,
d6a8cb7834d47226,longshot_no,6,0,0.3,0.03,1,0.01,stress,198.7,-1.3,0.4,9,9,0.0065,-2.6295229799457486e-05,-7.16099064221927e-05,
d6a8cb7834d47226,longshot_no,6,0,0.3,0.03,1,0.025,stress,196.82,-3.18,0.84,9,9,0.0159,-6.462806885966613e-05,-0.00017884229791725908,
d6a8cb7834d47226,longshot_no,6,0,0.3,0.03,1,0.05,stress,193.69,-6.31,1.62,9,9,0.03155,-0.00012926783747535786,-0.00035990786795758837,
3fe74551aff7e46b,longshot_no,6,0,0.3,0.03,3,0.005,costed,200.37,0.37,0.16,13,12,0.0013970661610617702,7.452785716199717e-06,-2.0515994852367888e-05,nonpositive_simultaneous_lower_bound;insufficient_release_days
3fe74551aff7e46b,longshot_no,6,0,0.3,0.03,3,0.01,costed,200.85,0.85,0.21,13,12,0.0026381284221005477,1.7100783295380268e-05,-3.920214038744788e-05,nonpositive_simultaneous_lower_bound;insufficient_release_days
3fe74551aff7e46b,longshot_no,6,0,0.3,0.03,3,0.025,costed,202.3,2.3,0.4,13,12,0.007601184600197433,4.610636139380287e-05,-0.00011661711713812186,nonpositive_simultaneous_lower_bound;insufficient_release_days
3fe74551aff7e46b,longshot_no,6,0,0.3,0.03,3,0.05,costed,204.9,4.9,0.75,13,12,0.01495882668225893,9.759955119684419e-05,-0.00022880775785420697,nonpositive_simultaneous_lower_bound;insufficient_release_days
3fe74551aff7e46b,longshot_no,6,0,0.3,0.03,3,0.005,stress,200.89,0.89,0.12,9,9,0.000797408422626464,1.7903742040409076e-05,-1.748628687850201e-05,
3fe74551aff7e46b,longshot_no,6,0,0.3,0.03,3,0.01,stress,201.82,1.82,0.2,9,9,0.0015893513459819212,3.6527598743330995e-05,-3.518745210114283e-05,
3fe74551aff7e46b,longshot_no,6,0,0.3,0.03,3,0.025,stress,204.83,4.83,0.41,9,9,0.004466915374042804,9.622177526019294e-05,-9.945740674689973e-05,
3fe74551aff7e46b,longshot_no,6,0,0.3,0.03,3,0.05,stress,210.11,10.11,0.78,9,9,0.008867469879518072,0.00019884611513274635,-0.00019985018621718057,
0e7507f0c7777d7c,longshot_no,6,0,0.3,0.03,,0.005,costed,200.37,0.37,0.16,13,12,0.0013970661610617702,7.452785716199717e-06,-2.0515994852367888e-05,nonpositive_simultaneous_lower_bound;insufficient_release_days
0e7507f0c7777d7c,longshot_no,6,0,0.3,0.03,,0.01,costed,200.85,0.85,0.21,13,12,0.0026381284221005477,1.7100783295380268e-05,-3.920214038744788e-05,nonpositive_simultaneous_lower_bound;insufficient_release_days
0e7507f0c7777d7c,longshot_no,6,0,0.3,0.03,,0.025,costed,202.3,2.3,0.4,13,12,0.007601184600197433,4.610636139380287e-05,-0.00011661711713812186,nonpositive_simultaneous_lower_bound;insufficient_release_days
0e7507f0c7777d7c,longshot_no,6,0,0.3,0.03,,0.05,costed,204.9,4.9,0.75,13,12,0.01495882668225893,9.759955119684419e-05,-0.00022880775785420697,nonpositive_simultaneous_lower_bound;insufficient_release_days
0e7507f0c7777d7c,longshot_no,6,0,0.3,0.03,,0.005,stress,200.89,0.89,0.12,9,9,0.000797408422626464,1.7903742040409076e-05,-1.748628687850201e-05,
0e7507f0c7777d7c,longshot_no,6,0,0.3,0.03,,0.01,stress,201.82,1.82,0.2,9,9,0.0015893513459819212,3.6527598743330995e-05,-3.518745210114283e-05,
0e7507f0c7777d7c,longshot_no,6,0,0.3,0.03,,0.025,stress,204.83,4.83,0.41,9,9,0.004466915374042804,9.622177526019294e-05,-9.945740674689973e-05,
0e7507f0c7777d7c,longshot_no,6,0,0.3,0.03,,0.05,stress,210.11,10.11,0.78,9,9,0.008867469879518072,0.00019884611513274635,-0.00019985018621718057,
cf28011bbbbf6cad,longshot_no,6,0,0.3,0.08,1,0.005,costed,198.24,-1.76,0.26,10,9,0.0089,-3.5640922045178806e-05,-0.00010925340039056919,nonpositive_simultaneous_lower_bound;insufficient_release_days;nonpositive_stress_profit
cf28011bbbbf6cad,longshot_no,6,0,0.3,0.08,1,0.01,costed,196.0,-4.0,0.57,18,15,0.02,-8.1462529506126e-05,-0.00022882810100387766,nonpositive_simultaneous_lower_bound;insufficient_release_days;nonpositive_stress_profit
cf28011bbbbf6cad,longshot_no,6,0,0.3,0.08,1,0.025,costed,190.27,-9.73,1.14,18,15,0.04865,-0.00020110181651502936,-0.0005562879273920193,nonpositive_simultaneous_lower_bound;insufficient_release_days;nonpositive_stress_profit
cf28011bbbbf6cad,longshot_no,6,0,0.3,0.08,1,0.05,costed,180.0,-20.0,2.17,18,15,0.1,-0.00042484078894284834,-0.0011854056079766248,nonpositive_simultaneous_lower_bound;insufficient_release_days;nonpositive_stress_profit
cf28011bbbbf6cad,longshot_no,6,0,0.3,0.08,1,0.005,stress,198.29,-1.71,0.24,8,7,0.00855,-3.4624036037591327e-05,-0.00010839289745687654,
cf28011bbbbf6cad,longshot_no,6,0,0.3,0.08,1,0.01,stress,196.2,-3.8,0.54,14,13,0.019,-7.735007829344326e-05,-0.0002285390587097108,
cf28011bbbbf6cad,longshot_no,6,0,0.3,0.08,1,0.025,stress,190.06,-9.94,1.21,14,13,0.0497,-0.00020555465630994922,-0.0005887516391256989,
cf28011bbbbf6cad,longshot_no,6,0,0.3,0.08,1,0.05,stress,180.16,-19.84,2.27,14,13,0.0992,-0.00042125815159964146,-0.001199898088460666,
037d06062135ae84,longshot_no,6,0,0.3,0.08,3,0.005,costed,201.36,1.36,0.21,18,15,0.0013970661610617702,2.732654951219204e-05,-4.902444189238857e-05,nonpositive_simultaneous_lower_bound;insufficient_release_days
037d06062135ae84,longshot_no,6,0,0.3,0.08,3,0.01,costed,202.88,2.88,0.26,18,15,0.0026381284221005477,5.76504221807433e-05,-9.554992673101206e-05,nonpositive_simultaneous_lower_bound;insufficient_release_days
037d06062135ae84,longshot_no,6,0,0.3,0.08,3,0.025,costed,208.35,8.35,0.49,18,15,0.007601184600197433,0.00016492738435655655,-0.00028671318121013323,nonpositive_simultaneous_lower_bound;insufficient_release_days
037d06062135ae84,longshot_no,6,0,0.3,0.08,3,0.05,costed,217.96,17.96,0.91,18,15,0.01495882668225893,0.0003467507788986318,-0.0005989240101179007,nonpositive_simultaneous_lower_bound;insufficient_release_days
037d06062135ae84,longshot_no,6,0,0.3,0.08,3,0.005,stress,200.7,0.7,0.12,8,7,0.00455,1.408826312199916e-05,-6.321146058469471e-05,
037d06062135ae84,longshot_no,6,0,0.3,0.08,3,0.01,stress,201.61,1.61,0.28,14,13,0.0091,3.232972416767441e-05,-0.00012356183783843747,
037d06062135ae84,longshot_no,6,0,0.3,0.08,3,0.025,stress,205.29,5.29,0.6,14,13,0.0227,0.00010526712534064327,-0.0003086883403840869,
037d06062135ae84,longshot_no,6,0,0.3,0.08,3,0.05,stress,211.35,11.35,1.16,14,13,0.04535,0.0002225732276804929,-0.0006065830689867926,
32a96215417f1488,longshot_no,6,0,0.3,0.08,,0.005,costed,201.36,1.36,0.21,18,15,0.0013970661610617702,2.732654951219204e-05,-4.902444189238857e-05,nonpositive_simultaneous_lower_bound;insufficient_release_days
32a96215417f1488,longshot_no,6,0,0.3,0.08,,0.01,costed,202.88,2.88,0.26,18,15,0.0026381284221005477,5.76504221807433e-05,-9.554992673101206e-05,nonpositive_simultaneous_lower_bound;insufficient_release_days
32a96215417f1488,longshot_no,6,0,0.3,0.08,,0.025,costed,208.35,8.35,0.49,18,15,0.007601184600197433,0.00016492738435655655,-0.00028671318121013323,nonpositive_simultaneous_lower_bound;insufficient_release_days
32a96215417f1488,longshot_no,6,0,0.3,0.08,,0.05,costed,217.96,17.96,0.91,18,15,0.01495882668225893,0.0003467507788986318,-0.0005989240101179007,nonpositive_simultaneous_lower_bound;insufficient_release_days
32a96215417f1488,longshot_no,6,0,0.3,0.08,,0.005,stress,200.7,0.7,0.12,8,7,0.00455,1.408826312199916e-05,-6.321146058469471e-05,
32a96215417f1488,longshot_no,6,0,0.3,0.08,,0.01,stress,201.61,1.61,0.28,14,13,0.0091,3.232972416767441e-05,-0.00012356183783843747,
32a96215417f1488,longshot_no,6,0,0.3,0.08,,0.025,stress,205.29,5.29,0.6,14,13,0.0227,0.00010526712534064327,-0.0003086883403840869,
32a96215417f1488,longshot_no,6,0,0.3,0.08,,0.05,stress,211.35,11.35,1.16,14,13,0.04535,0.0002225732276804929,-0.0006065830689867926,
