candidate,scenario,date,cash,cost_basis_equity,zero_mark_equity,daily_fees,daily_realized_pnl
cash,costed,2025-09-06,200.0,200.0,200.0,0.0,0.0
cash,costed,2025-09-07,200.0,200.0,200.0,0.0,0.0
cash,costed,2025-09-08,200.0,200.0,200.0,0.0,0.0
cash,costed,2025-09-09,200.0,200.0,200.0,0.0,0.0
cash,costed,2025-09-10,200.0,200.0,200.0,0.0,0.0
cash,costed,2025-09-11,200.0,200.0,200.0,0.0,0.0
cash,costed,2025-09-12,200.0,200.0,200.0,0.0,0.0
cash,costed,2025-09-13,200.0,200.0,200.0,0.0,0.0
cash,costed,2025-09-14,200.0,200.0,200.0,0.0,0.0
cash,costed,2025-09-15,200.0,200.0,200.0,0.0,0.0
cash,costed,2025-09-16,200.0,200.0,200.0,0.0,0.0
cash,costed,2025-09-17,200.0,200.0,200.0,0.0,0.0
cash,costed,2025-09-18,200.0,200.0,200.0,0.0,0.0
cash,costed,2025-09-19,200.0,200.0,200.0,0.0,0.0
cash,costed,2025-09-20,200.0,200.0,200.0,0.0,0.0
cash,costed,2025-09-21,200.0,200.0,200.0,0.0,0.0
cash,costed,2025-09-22,200.0,200.0,200.0,0.0,0.0
cash,costed,2025-09-23,200.0,200.0,200.0,0.0,0.0
cash,costed,2025-09-24,200.0,200.0,200.0,0.0,0.0
cash,costed,2025-09-25,200.0,200.0,200.0,0.0,0.0
cash,costed,2025-09-26,200.0,200.0,200.0,0.0,0.0
cash,costed,2025-09-27,200.0,200.0,200.0,0.0,0.0
cash,costed,2025-09-28,200.0,200.0,200.0,0.0,0.0
cash,costed,2025-09-29,200.0,200.0,200.0,0.0,0.0
cash,costed,2025-09-30,200.0,200.0,200.0,0.0,0.0
cash,costed,2025-10-01,200.0,200.0,200.0,0.0,0.0
cash,costed,2025-10-02,200.0,200.0,200.0,0.0,0.0
cash,costed,2025-10-03,200.0,200.0,200.0,0.0,0.0
cash,costed,2025-10-04,200.0,200.0,200.0,0.0,0.0
cash,costed,2025-10-05,200.0,200.0,200.0,0.0,0.0
cash,costed,2025-10-06,200.0,200.0,200.0,0.0,0.0
cash,costed,2025-10-07,200.0,200.0,200.0,0.0,0.0
cash,costed,2025-10-08,200.0,200.0,200.0,0.0,0.0
cash,costed,2025-10-09,200.0,200.0,200.0,0.0,0.0
cash,costed,2025-10-10,200.0,200.0,200.0,0.0,0.0
cash,costed,2025-10-11,200.0,200.0,200.0,0.0,0.0
cash,costed,2025-10-12,200.0,200.0,200.0,0.0,0.0
cash,costed,2025-10-13,200.0,200.0,200.0,0.0,0.0
cash,costed,2025-10-14,200.0,200.0,200.0,0.0,0.0
cash,costed,2025-10-15,200.0,200.0,200.0,0.0,0.0
cash,costed,2025-10-16,200.0,200.0,200.0,0.0,0.0
cash,costed,2025-10-17,200.0,200.0,200.0,0.0,0.0
cash,costed,2025-10-18,200.0,200.0,200.0,0.0,0.0
cash,costed,2025-10-19,200.0,200.0,200.0,0.0,0.0
cash,costed,2025-10-20,200.0,200.0,200.0,0.0,0.0
cash,costed,2025-10-21,200.0,200.0,200.0,0.0,0.0
cash,costed,2025-10-22,200.0,200.0,200.0,0.0,0.0
cash,costed,2025-10-23,200.0,200.0,200.0,0.0,0.0
cash,costed,2025-10-24,200.0,200.0,200.0,0.0,0.0
cash,costed,2025-10-25,200.0,200.0,200.0,0.0,0.0
cash,costed,2025-10-26,200.0,200.0,200.0,0.0,0.0
cash,costed,2025-10-27,200.0,200.0,200.0,0.0,0.0
cash,costed,2025-10-28,200.0,200.0,200.0,0.0,0.0
cash,costed,2025-10-29,200.0,200.0,200.0,0.0,0.0
cash,costed,2025-10-30,200.0,200.0,200.0,0.0,0.0
cash,costed,2025-10-31,200.0,200.0,200.0,0.0,0.0
cash,costed,2025-11-01,200.0,200.0,200.0,0.0,0.0
cash,costed,2025-11-02,200.0,200.0,200.0,0.0,0.0
cash,costed,2025-11-03,200.0,200.0,200.0,0.0,0.0
cash,costed,2025-11-04,200.0,200.0,200.0,0.0,0.0
cash,costed,2025-11-05,200.0,200.0,200.0,0.0,0.0
cash,costed,2025-11-06,200.0,200.0,200.0,0.0,0.0
cash,costed,2025-11-07,200.0,200.0,200.0,0.0,0.0
cash,costed,2025-11-08,200.0,200.0,200.0,0.0,0.0
cash,costed,2025-11-09,200.0,200.0,200.0,0.0,0.0
cash,costed,2025-11-10,200.0,200.0,200.0,0.0,0.0
cash,costed,2025-11-11,200.0,200.0,200.0,0.0,0.0
cash,costed,2025-11-12,200.0,200.0,200.0,0.0,0.0
cash,costed,2025-11-13,200.0,200.0,200.0,0.0,0.0
cash,costed,2025-11-14,200.0,200.0,200.0,0.0,0.0
cash,costed,2025-11-15,200.0,200.0,200.0,0.0,0.0
cash,costed,2025-11-16,200.0,200.0,200.0,0.0,0.0
cash,costed,2025-11-17,200.0,200.0,200.0,0.0,0.0
cash,costed,2025-11-18,200.0,200.0,200.0,0.0,0.0
cash,costed,2025-11-19,200.0,200.0,200.0,0.0,0.0
cash,costed,2025-11-20,200.0,200.0,200.0,0.0,0.0
cash,costed,2025-11-21,200.0,200.0,200.0,0.0,0.0
cash,costed,2025-11-22,200.0,200.0,200.0,0.0,0.0
cash,costed,2025-11-23,200.0,200.0,200.0,0.0,0.0
cash,costed,2025-11-24,200.0,200.0,200.0,0.0,0.0
cash,costed,2025-11-25,200.0,200.0,200.0,0.0,0.0
cash,costed,2025-11-26,200.0,200.0,200.0,0.0,0.0
cash,costed,2025-11-27,200.0,200.0,200.0,0.0,0.0
cash,costed,2025-11-28,200.0,200.0,200.0,0.0,0.0
cash,costed,2025-11-29,200.0,200.0,200.0,0.0,0.0
cash,costed,2025-11-30,200.0,200.0,200.0,0.0,0.0
cash,costed,2025-12-01,200.0,200.0,200.0,0.0,0.0
cash,costed,2025-12-02,200.0,200.0,200.0,0.0,0.0
cash,costed,2025-12-03,200.0,200.0,200.0,0.0,0.0
cash,costed,2025-12-04,200.0,200.0,200.0,0.0,0.0
cash,costed,2025-12-05,200.0,200.0,200.0,0.0,0.0
cash,costed,2025-12-06,200.0,200.0,200.0,0.0,0.0
cash,costed,2025-12-07,200.0,200.0,200.0,0.0,0.0
cash,costed,2025-12-08,200.0,200.0,200.0,0.0,0.0
cash,costed,2025-12-09,200.0,200.0,200.0,0.0,0.0
cash,costed,2025-12-10,200.0,200.0,200.0,0.0,0.0
cash,costed,2025-12-11,200.0,200.0,200.0,0.0,0.0
cash,costed,2025-12-12,200.0,200.0,200.0,0.0,0.0
cash,costed,2025-12-13,200.0,200.0,200.0,0.0,0.0
cash,costed,2025-12-14,200.0,200.0,200.0,0.0,0.0
cash,costed,2025-12-15,200.0,200.0,200.0,0.0,0.0
cash,costed,2025-12-16,200.0,200.0,200.0,0.0,0.0
cash,costed,2025-12-17,200.0,200.0,200.0,0.0,0.0
cash,costed,2025-12-18,200.0,200.0,200.0,0.0,0.0
cash,costed,2025-12-19,200.0,200.0,200.0,0.0,0.0
cash,costed,2025-12-20,200.0,200.0,200.0,0.0,0.0
cash,costed,2025-12-21,200.0,200.0,200.0,0.0,0.0
cash,costed,2025-12-22,200.0,200.0,200.0,0.0,0.0
cash,costed,2025-12-23,200.0,200.0,200.0,0.0,0.0
cash,costed,2025-12-24,200.0,200.0,200.0,0.0,0.0
cash,costed,2025-12-25,200.0,200.0,200.0,0.0,0.0
cash,costed,2025-12-26,200.0,200.0,200.0,0.0,0.0
cash,costed,2025-12-27,200.0,200.0,200.0,0.0,0.0
cash,costed,2025-12-28,200.0,200.0,200.0,0.0,0.0
cash,costed,2025-12-29,200.0,200.0,200.0,0.0,0.0
cash,costed,2025-12-30,200.0,200.0,200.0,0.0,0.0
cash,costed,2025-12-31,200.0,200.0,200.0,0.0,0.0
cash,costed,2026-01-01,200.0,200.0,200.0,0.0,0.0
cash,costed,2026-01-02,200.0,200.0,200.0,0.0,0.0
cash,costed,2026-01-03,200.0,200.0,200.0,0.0,0.0
cash,costed,2026-01-04,200.0,200.0,200.0,0.0,0.0
cash,costed,2026-01-05,200.0,200.0,200.0,0.0,0.0
cash,costed,2026-01-06,200.0,200.0,200.0,0.0,0.0
cash,costed,2026-01-07,200.0,200.0,200.0,0.0,0.0
cash,costed,2026-01-08,200.0,200.0,200.0,0.0,0.0
cash,costed,2026-01-09,200.0,200.0,200.0,0.0,0.0
cash,costed,2026-01-10,200.0,200.0,200.0,0.0,0.0
cash,costed,2026-01-11,200.0,200.0,200.0,0.0,0.0
cash,costed,2026-01-12,200.0,200.0,200.0,0.0,0.0
cash,costed,2026-01-13,200.0,200.0,200.0,0.0,0.0
cash,costed,2026-01-14,200.0,200.0,200.0,0.0,0.0
cash,costed,2026-01-15,200.0,200.0,200.0,0.0,0.0
cash,costed,2026-01-16,200.0,200.0,200.0,0.0,0.0
cash,costed,2026-01-17,200.0,200.0,200.0,0.0,0.0
cash,costed,2026-01-18,200.0,200.0,200.0,0.0,0.0
cash,costed,2026-01-19,200.0,200.0,200.0,0.0,0.0
cash,costed,2026-01-20,200.0,200.0,200.0,0.0,0.0
cash,costed,2026-01-21,200.0,200.0,200.0,0.0,0.0
cash,costed,2026-01-22,200.0,200.0,200.0,0.0,0.0
cash,costed,2026-01-23,200.0,200.0,200.0,0.0,0.0
cash,costed,2026-01-24,200.0,200.0,200.0,0.0,0.0
cash,costed,2026-01-25,200.0,200.0,200.0,0.0,0.0
cash,costed,2026-01-26,200.0,200.0,200.0,0.0,0.0
cash,costed,2026-01-27,200.0,200.0,200.0,0.0,0.0
cash,costed,2026-01-28,200.0,200.0,200.0,0.0,0.0
cash,costed,2026-01-29,200.0,200.0,200.0,0.0,0.0
cash,costed,2026-01-30,200.0,200.0,200.0,0.0,0.0
cash,costed,2026-01-31,200.0,200.0,200.0,0.0,0.0
cash,costed,2026-02-01,200.0,200.0,200.0,0.0,0.0
cash,costed,2026-02-02,200.0,200.0,200.0,0.0,0.0
cash,costed,2026-02-03,200.0,200.0,200.0,0.0,0.0
cash,costed,2026-02-04,200.0,200.0,200.0,0.0,0.0
cash,costed,2026-02-05,200.0,200.0,200.0,0.0,0.0
cash,costed,2026-02-06,200.0,200.0,200.0,0.0,0.0
cash,costed,2026-02-07,200.0,200.0,200.0,0.0,0.0
cash,costed,2026-02-08,200.0,200.0,200.0,0.0,0.0
cash,costed,2026-02-09,200.0,200.0,200.0,0.0,0.0
cash,costed,2026-02-10,200.0,200.0,200.0,0.0,0.0
cash,costed,2026-02-11,200.0,200.0,200.0,0.0,0.0
cash,costed,2026-02-12,200.0,200.0,200.0,0.0,0.0
cash,costed,2026-02-13,200.0,200.0,200.0,0.0,0.0
cash,costed,2026-02-14,200.0,200.0,200.0,0.0,0.0
cash,costed,2026-02-15,200.0,200.0,200.0,0.0,0.0
cash,costed,2026-02-16,200.0,200.0,200.0,0.0,0.0
cash,costed,2026-02-17,200.0,200.0,200.0,0.0,0.0
cash,costed,2026-02-18,200.0,200.0,200.0,0.0,0.0
cash,costed,2026-02-19,200.0,200.0,200.0,0.0,0.0
cash,costed,2026-02-20,200.0,200.0,200.0,0.0,0.0
cash,costed,2026-02-21,200.0,200.0,200.0,0.0,0.0
cash,costed,2026-02-22,200.0,200.0,200.0,0.0,0.0
cash,costed,2026-02-23,200.0,200.0,200.0,0.0,0.0
cash,costed,2026-02-24,200.0,200.0,200.0,0.0,0.0
cash,costed,2026-02-25,200.0,200.0,200.0,0.0,0.0
cash,costed,2026-02-26,200.0,200.0,200.0,0.0,0.0
cash,costed,2026-02-27,200.0,200.0,200.0,0.0,0.0
cash,costed,2026-02-28,200.0,200.0,200.0,0.0,0.0
cash,costed,2026-03-01,200.0,200.0,200.0,0.0,0.0
cash,costed,2026-03-02,200.0,200.0,200.0,0.0,0.0
cash,costed,2026-03-03,200.0,200.0,200.0,0.0,0.0
cash,costed,2026-03-04,200.0,200.0,200.0,0.0,0.0
cash,costed,2026-03-05,200.0,200.0,200.0,0.0,0.0
cash,costed,2026-03-06,200.0,200.0,200.0,0.0,0.0
cash,costed,2026-03-07,200.0,200.0,200.0,0.0,0.0
cash,costed,2026-03-08,200.0,200.0,200.0,0.0,0.0
cash,costed,2026-03-09,200.0,200.0,200.0,0.0,0.0
cash,costed,2026-03-10,200.0,200.0,200.0,0.0,0.0
cash,costed,2026-03-11,200.0,200.0,200.0,0.0,0.0
cash,costed,2026-03-12,200.0,200.0,200.0,0.0,0.0
cash,costed,2026-03-13,200.0,200.0,200.0,0.0,0.0
cash,costed,2026-03-14,200.0,200.0,200.0,0.0,0.0
cash,costed,2026-03-15,200.0,200.0,200.0,0.0,0.0
cash,costed,2026-03-16,200.0,200.0,200.0,0.0,0.0
cash,costed,2026-03-17,200.0,200.0,200.0,0.0,0.0
cash,costed,2026-03-18,200.0,200.0,200.0,0.0,0.0
cash,costed,2026-03-19,200.0,200.0,200.0,0.0,0.0
cash,costed,2026-03-20,200.0,200.0,200.0,0.0,0.0
cash,costed,2026-03-21,200.0,200.0,200.0,0.0,0.0
cash,costed,2026-03-22,200.0,200.0,200.0,0.0,0.0
cash,costed,2026-03-23,200.0,200.0,200.0,0.0,0.0
cash,costed,2026-03-24,200.0,200.0,200.0,0.0,0.0
cash,costed,2026-03-25,200.0,200.0,200.0,0.0,0.0
cash,costed,2026-03-26,200.0,200.0,200.0,0.0,0.0
cash,costed,2026-03-27,200.0,200.0,200.0,0.0,0.0
cash,costed,2026-03-28,200.0,200.0,200.0,0.0,0.0
cash,costed,2026-03-29,200.0,200.0,200.0,0.0,0.0
cash,costed,2026-03-30,200.0,200.0,200.0,0.0,0.0
cash,costed,2026-03-31,200.0,200.0,200.0,0.0,0.0
cash,costed,2026-04-01,200.0,200.0,200.0,0.0,0.0
cash,costed,2026-04-02,200.0,200.0,200.0,0.0,0.0
cash,costed,2026-04-03,200.0,200.0,200.0,0.0,0.0
cash,costed,2026-04-04,200.0,200.0,200.0,0.0,0.0
cash,costed,2026-04-05,200.0,200.0,200.0,0.0,0.0
cash,costed,2026-04-06,200.0,200.0,200.0,0.0,0.0
cash,costed,2026-04-07,200.0,200.0,200.0,0.0,0.0
cash,costed,2026-04-08,200.0,200.0,200.0,0.0,0.0
cash,costed,2026-04-09,200.0,200.0,200.0,0.0,0.0
cash,costed,2026-04-10,200.0,200.0,200.0,0.0,0.0
cash,costed,2026-04-11,200.0,200.0,200.0,0.0,0.0
cash,costed,2026-04-12,200.0,200.0,200.0,0.0,0.0
cash,costed,2026-04-13,200.0,200.0,200.0,0.0,0.0
cash,costed,2026-04-14,200.0,200.0,200.0,0.0,0.0
cash,costed,2026-04-15,200.0,200.0,200.0,0.0,0.0
cash,costed,2026-04-16,200.0,200.0,200.0,0.0,0.0
cash,costed,2026-04-17,200.0,200.0,200.0,0.0,0.0
cash,costed,2026-04-18,200.0,200.0,200.0,0.0,0.0
cash,costed,2026-04-19,200.0,200.0,200.0,0.0,0.0
cash,costed,2026-04-20,200.0,200.0,200.0,0.0,0.0
cash,costed,2026-04-21,200.0,200.0,200.0,0.0,0.0
cash,costed,2026-04-22,200.0,200.0,200.0,0.0,0.0
cash,costed,2026-04-23,200.0,200.0,200.0,0.0,0.0
cash,costed,2026-04-24,200.0,200.0,200.0,0.0,0.0
cash,costed,2026-04-25,200.0,200.0,200.0,0.0,0.0
cash,costed,2026-04-26,200.0,200.0,200.0,0.0,0.0
cash,costed,2026-04-27,200.0,200.0,200.0,0.0,0.0
cash,costed,2026-04-28,200.0,200.0,200.0,0.0,0.0
cash,costed,2026-04-29,200.0,200.0,200.0,0.0,0.0
cash,costed,2026-04-30,200.0,200.0,200.0,0.0,0.0
cash,costed,2026-05-01,200.0,200.0,200.0,0.0,0.0
cash,costed,2026-05-02,200.0,200.0,200.0,0.0,0.0
cash,costed,2026-05-03,200.0,200.0,200.0,0.0,0.0
cash,costed,2026-05-04,200.0,200.0,200.0,0.0,0.0
cash,costed,2026-05-05,200.0,200.0,200.0,0.0,0.0
cash,costed,2026-05-06,200.0,200.0,200.0,0.0,0.0
cash,costed,2026-05-07,200.0,200.0,200.0,0.0,0.0
cash,costed,2026-05-08,200.0,200.0,200.0,0.0,0.0
cash,costed,2026-05-09,200.0,200.0,200.0,0.0,0.0
cash,costed,2026-05-10,200.0,200.0,200.0,0.0,0.0
cash,costed,2026-05-11,200.0,200.0,200.0,0.0,0.0
cash,costed,2026-05-12,200.0,200.0,200.0,0.0,0.0
cash,costed,2026-05-13,200.0,200.0,200.0,0.0,0.0
cash,costed,2026-05-14,200.0,200.0,200.0,0.0,0.0
cash,costed,2026-05-15,200.0,200.0,200.0,0.0,0.0
cash,costed,2026-05-16,200.0,200.0,200.0,0.0,0.0
cash,costed,2026-05-17,200.0,200.0,200.0,0.0,0.0
cash,costed,2026-05-18,200.0,200.0,200.0,0.0,0.0
cash,costed,2026-05-19,200.0,200.0,200.0,0.0,0.0
cash,costed,2026-05-20,200.0,200.0,200.0,0.0,0.0
cash,costed,2026-05-21,200.0,200.0,200.0,0.0,0.0
cash,costed,2026-05-22,200.0,200.0,200.0,0.0,0.0
cash,costed,2026-05-23,200.0,200.0,200.0,0.0,0.0
cash,costed,2026-05-24,200.0,200.0,200.0,0.0,0.0
cash,costed,2026-05-25,200.0,200.0,200.0,0.0,0.0
cash,costed,2026-05-26,200.0,200.0,200.0,0.0,0.0
cash,costed,2026-05-27,200.0,200.0,200.0,0.0,0.0
cash,costed,2026-05-28,200.0,200.0,200.0,0.0,0.0
cash,costed,2026-05-29,200.0,200.0,200.0,0.0,0.0
cash,costed,2026-05-30,200.0,200.0,200.0,0.0,0.0
cash,costed,2026-05-31,200.0,200.0,200.0,0.0,0.0
cash,costed,2026-06-01,200.0,200.0,200.0,0.0,0.0
cash,costed,2026-06-02,200.0,200.0,200.0,0.0,0.0
cash,costed,2026-06-03,200.0,200.0,200.0,0.0,0.0
cash,costed,2026-06-04,200.0,200.0,200.0,0.0,0.0
cash,costed,2026-06-05,200.0,200.0,200.0,0.0,0.0
cash,costed,2026-06-06,200.0,200.0,200.0,0.0,0.0
cash,costed,2026-06-07,200.0,200.0,200.0,0.0,0.0
cash,costed,2026-06-08,200.0,200.0,200.0,0.0,0.0
cash,costed,2026-06-09,200.0,200.0,200.0,0.0,0.0
cash,costed,2026-06-10,200.0,200.0,200.0,0.0,0.0
cash,costed,2026-06-11,200.0,200.0,200.0,0.0,0.0
cash,costed,2026-06-12,200.0,200.0,200.0,0.0,0.0
cash,costed,2026-06-13,200.0,200.0,200.0,0.0,0.0
cash,costed,2026-06-14,200.0,200.0,200.0,0.0,0.0
cash,costed,2026-06-15,200.0,200.0,200.0,0.0,0.0
cash,costed,2026-06-16,200.0,200.0,200.0,0.0,0.0
cash,costed,2026-06-17,200.0,200.0,200.0,0.0,0.0
cash,costed,2026-06-18,200.0,200.0,200.0,0.0,0.0
cash,costed,2026-06-19,200.0,200.0,200.0,0.0,0.0
cash,costed,2026-06-20,200.0,200.0,200.0,0.0,0.0
cash,costed,2026-06-21,200.0,200.0,200.0,0.0,0.0
cash,costed,2026-06-22,200.0,200.0,200.0,0.0,0.0
cash,costed,2026-06-23,200.0,200.0,200.0,0.0,0.0
cash,costed,2026-06-24,200.0,200.0,200.0,0.0,0.0
cash,costed,2026-06-25,200.0,200.0,200.0,0.0,0.0
cash,costed,2026-06-26,200.0,200.0,200.0,0.0,0.0
cash,costed,2026-06-27,200.0,200.0,200.0,0.0,0.0
cash,costed,2026-06-28,200.0,200.0,200.0,0.0,0.0
cash,costed,2026-06-29,200.0,200.0,200.0,0.0,0.0
cash,costed,2026-06-30,200.0,200.0,200.0,0.0,0.0
cash,costed,2026-07-01,200.0,200.0,200.0,0.0,0.0
cash,costed,2026-07-02,200.0,200.0,200.0,0.0,0.0
cash,costed,2026-07-03,200.0,200.0,200.0,0.0,0.0
cash,costed,2026-07-04,200.0,200.0,200.0,0.0,0.0
cash,costed,2026-07-05,200.0,200.0,200.0,0.0,0.0
cash,costed,2026-07-06,200.0,200.0,200.0,0.0,0.0
cash,costed,2026-07-07,200.0,200.0,200.0,0.0,0.0
cash,costed,2026-07-08,200.0,200.0,200.0,0.0,0.0
cash,costed,2026-07-09,200.0,200.0,200.0,0.0,0.0
cash,costed,2026-07-10,200.0,200.0,200.0,0.0,0.0
cash,costed,2026-07-11,200.0,200.0,200.0,0.0,0.0
cash,costed,2026-07-12,200.0,200.0,200.0,0.0,0.0
cash,costed,2026-07-13,200.0,200.0,200.0,0.0,0.0
cash,costed,2026-07-14,200.0,200.0,200.0,0.0,0.0
cash,costed,2026-07-15,200.0,200.0,200.0,0.0,0.0
cash,costed,2026-07-16,200.0,200.0,200.0,0.0,0.0
cash,costed,2026-07-17,200.0,200.0,200.0,0.0,0.0
cash,costed,2026-07-18,200.0,200.0,200.0,0.0,0.0
cash,costed,2026-07-19,200.0,200.0,200.0,0.0,0.0
cash,costed,2026-07-20,200.0,200.0,200.0,0.0,0.0
cash,costed,2026-07-21,200.0,200.0,200.0,0.0,0.0
cash,costed,2026-07-22,200.0,200.0,200.0,0.0,0.0
cash,costed,2026-07-23,200.0,200.0,200.0,0.0,0.0
cash,costed,2026-07-24,200.0,200.0,200.0,0.0,0.0
cash,costed,2026-07-25,200.0,200.0,200.0,0.0,0.0
cash,costed,2026-07-26,200.0,200.0,200.0,0.0,0.0
cash,costed,2026-07-27,200.0,200.0,200.0,0.0,0.0
cash,costed,2026-07-28,200.0,200.0,200.0,0.0,0.0
cash,costed,2026-07-29,200.0,200.0,200.0,0.0,0.0
cash,costed,2026-07-30,200.0,200.0,200.0,0.0,0.0
cash,costed,2026-07-31,200.0,200.0,200.0,0.0,0.0
cash,costed,2026-08-01,200.0,200.0,200.0,0.0,0.0
cash,costed,2026-08-02,200.0,200.0,200.0,0.0,0.0
cash,costed,2026-08-03,200.0,200.0,200.0,0.0,0.0
cash,costed,2026-08-04,200.0,200.0,200.0,0.0,0.0
cash,costed,2026-08-05,200.0,200.0,200.0,0.0,0.0
cash,costed,2026-08-06,200.0,200.0,200.0,0.0,0.0
cash,costed,2026-08-07,200.0,200.0,200.0,0.0,0.0
cash,costed,2026-08-08,200.0,200.0,200.0,0.0,0.0
cash,costed,2026-08-09,200.0,200.0,200.0,0.0,0.0
cash,costed,2026-08-10,200.0,200.0,200.0,0.0,0.0
cash,costed,2026-08-11,200.0,200.0,200.0,0.0,0.0
cash,costed,2026-08-12,200.0,200.0,200.0,0.0,0.0
cash,costed,2026-08-13,200.0,200.0,200.0,0.0,0.0
cash,costed,2026-08-14,200.0,200.0,200.0,0.0,0.0
cash,costed,2026-08-15,200.0,200.0,200.0,0.0,0.0
cash,costed,2026-08-16,200.0,200.0,200.0,0.0,0.0
cash,costed,2026-08-17,200.0,200.0,200.0,0.0,0.0
cash,costed,2026-08-18,200.0,200.0,200.0,0.0,0.0
cash,costed,2026-08-19,200.0,200.0,200.0,0.0,0.0
cash,costed,2026-08-20,200.0,200.0,200.0,0.0,0.0
cash,costed,2026-08-21,200.0,200.0,200.0,0.0,0.0
cash,costed,2026-08-22,200.0,200.0,200.0,0.0,0.0
cash,costed,2026-08-23,200.0,200.0,200.0,0.0,0.0
cash,costed,2026-08-24,200.0,200.0,200.0,0.0,0.0
cash,costed,2026-08-25,200.0,200.0,200.0,0.0,0.0
cash,costed,2026-08-26,200.0,200.0,200.0,0.0,0.0
cash,costed,2026-08-27,200.0,200.0,200.0,0.0,0.0
cash,costed,2026-08-28,200.0,200.0,200.0,0.0,0.0
cash,costed,2026-08-29,200.0,200.0,200.0,0.0,0.0
cash,costed,2026-08-30,200.0,200.0,200.0,0.0,0.0
cash,costed,2026-08-31,200.0,200.0,200.0,0.0,0.0
cash,costed,2026-09-01,200.0,200.0,200.0,0.0,0.0
cash,costed,2026-09-02,200.0,200.0,200.0,0.0,0.0
cash,costed,2026-09-03,200.0,200.0,200.0,0.0,0.0
cash,costed,2026-09-04,200.0,200.0,200.0,0.0,0.0
cash,costed,2026-09-05,200.0,200.0,200.0,0.0,0.0
cash,stress,2025-09-06,200.0,200.0,200.0,0.0,0.0
cash,stress,2025-09-07,200.0,200.0,200.0,0.0,0.0
cash,stress,2025-09-08,200.0,200.0,200.0,0.0,0.0
cash,stress,2025-09-09,200.0,200.0,200.0,0.0,0.0
cash,stress,2025-09-10,200.0,200.0,200.0,0.0,0.0
cash,stress,2025-09-11,200.0,200.0,200.0,0.0,0.0
cash,stress,2025-09-12,200.0,200.0,200.0,0.0,0.0
cash,stress,2025-09-13,200.0,200.0,200.0,0.0,0.0
cash,stress,2025-09-14,200.0,200.0,200.0,0.0,0.0
cash,stress,2025-09-15,200.0,200.0,200.0,0.0,0.0
cash,stress,2025-09-16,200.0,200.0,200.0,0.0,0.0
cash,stress,2025-09-17,200.0,200.0,200.0,0.0,0.0
cash,stress,2025-09-18,200.0,200.0,200.0,0.0,0.0
cash,stress,2025-09-19,200.0,200.0,200.0,0.0,0.0
cash,stress,2025-09-20,200.0,200.0,200.0,0.0,0.0
cash,stress,2025-09-21,200.0,200.0,200.0,0.0,0.0
cash,stress,2025-09-22,200.0,200.0,200.0,0.0,0.0
cash,stress,2025-09-23,200.0,200.0,200.0,0.0,0.0
cash,stress,2025-09-24,200.0,200.0,200.0,0.0,0.0
cash,stress,2025-09-25,200.0,200.0,200.0,0.0,0.0
cash,stress,2025-09-26,200.0,200.0,200.0,0.0,0.0
cash,stress,2025-09-27,200.0,200.0,200.0,0.0,0.0
cash,stress,2025-09-28,200.0,200.0,200.0,0.0,0.0
cash,stress,2025-09-29,200.0,200.0,200.0,0.0,0.0
cash,stress,2025-09-30,200.0,200.0,200.0,0.0,0.0
cash,stress,2025-10-01,200.0,200.0,200.0,0.0,0.0
cash,stress,2025-10-02,200.0,200.0,200.0,0.0,0.0
cash,stress,2025-10-03,200.0,200.0,200.0,0.0,0.0
cash,stress,2025-10-04,200.0,200.0,200.0,0.0,0.0
cash,stress,2025-10-05,200.0,200.0,200.0,0.0,0.0
cash,stress,2025-10-06,200.0,200.0,200.0,0.0,0.0
cash,stress,2025-10-07,200.0,200.0,200.0,0.0,0.0
cash,stress,2025-10-08,200.0,200.0,200.0,0.0,0.0
cash,stress,2025-10-09,200.0,200.0,200.0,0.0,0.0
cash,stress,2025-10-10,200.0,200.0,200.0,0.0,0.0
cash,stress,2025-10-11,200.0,200.0,200.0,0.0,0.0
cash,stress,2025-10-12,200.0,200.0,200.0,0.0,0.0
cash,stress,2025-10-13,200.0,200.0,200.0,0.0,0.0
cash,stress,2025-10-14,200.0,200.0,200.0,0.0,0.0
cash,stress,2025-10-15,200.0,200.0,200.0,0.0,0.0
cash,stress,2025-10-16,200.0,200.0,200.0,0.0,0.0
cash,stress,2025-10-17,200.0,200.0,200.0,0.0,0.0
cash,stress,2025-10-18,200.0,200.0,200.0,0.0,0.0
cash,stress,2025-10-19,200.0,200.0,200.0,0.0,0.0
cash,stress,2025-10-20,200.0,200.0,200.0,0.0,0.0
cash,stress,2025-10-21,200.0,200.0,200.0,0.0,0.0
cash,stress,2025-10-22,200.0,200.0,200.0,0.0,0.0
cash,stress,2025-10-23,200.0,200.0,200.0,0.0,0.0
cash,stress,2025-10-24,200.0,200.0,200.0,0.0,0.0
cash,stress,2025-10-25,200.0,200.0,200.0,0.0,0.0
cash,stress,2025-10-26,200.0,200.0,200.0,0.0,0.0
cash,stress,2025-10-27,200.0,200.0,200.0,0.0,0.0
cash,stress,2025-10-28,200.0,200.0,200.0,0.0,0.0
cash,stress,2025-10-29,200.0,200.0,200.0,0.0,0.0
cash,stress,2025-10-30,200.0,200.0,200.0,0.0,0.0
cash,stress,2025-10-31,200.0,200.0,200.0,0.0,0.0
cash,stress,2025-11-01,200.0,200.0,200.0,0.0,0.0
cash,stress,2025-11-02,200.0,200.0,200.0,0.0,0.0
cash,stress,2025-11-03,200.0,200.0,200.0,0.0,0.0
cash,stress,2025-11-04,200.0,200.0,200.0,0.0,0.0
cash,stress,2025-11-05,200.0,200.0,200.0,0.0,0.0
cash,stress,2025-11-06,200.0,200.0,200.0,0.0,0.0
cash,stress,2025-11-07,200.0,200.0,200.0,0.0,0.0
cash,stress,2025-11-08,200.0,200.0,200.0,0.0,0.0
cash,stress,2025-11-09,200.0,200.0,200.0,0.0,0.0
cash,stress,2025-11-10,200.0,200.0,200.0,0.0,0.0
cash,stress,2025-11-11,200.0,200.0,200.0,0.0,0.0
cash,stress,2025-11-12,200.0,200.0,200.0,0.0,0.0
cash,stress,2025-11-13,200.0,200.0,200.0,0.0,0.0
cash,stress,2025-11-14,200.0,200.0,200.0,0.0,0.0
cash,stress,2025-11-15,200.0,200.0,200.0,0.0,0.0
cash,stress,2025-11-16,200.0,200.0,200.0,0.0,0.0
cash,stress,2025-11-17,200.0,200.0,200.0,0.0,0.0
cash,stress,2025-11-18,200.0,200.0,200.0,0.0,0.0
cash,stress,2025-11-19,200.0,200.0,200.0,0.0,0.0
cash,stress,2025-11-20,200.0,200.0,200.0,0.0,0.0
cash,stress,2025-11-21,200.0,200.0,200.0,0.0,0.0
cash,stress,2025-11-22,200.0,200.0,200.0,0.0,0.0
cash,stress,2025-11-23,200.0,200.0,200.0,0.0,0.0
cash,stress,2025-11-24,200.0,200.0,200.0,0.0,0.0
cash,stress,2025-11-25,200.0,200.0,200.0,0.0,0.0
cash,stress,2025-11-26,200.0,200.0,200.0,0.0,0.0
cash,stress,2025-11-27,200.0,200.0,200.0,0.0,0.0
cash,stress,2025-11-28,200.0,200.0,200.0,0.0,0.0
cash,stress,2025-11-29,200.0,200.0,200.0,0.0,0.0
cash,stress,2025-11-30,200.0,200.0,200.0,0.0,0.0
cash,stress,2025-12-01,200.0,200.0,200.0,0.0,0.0
cash,stress,2025-12-02,200.0,200.0,200.0,0.0,0.0
cash,stress,2025-12-03,200.0,200.0,200.0,0.0,0.0
cash,stress,2025-12-04,200.0,200.0,200.0,0.0,0.0
cash,stress,2025-12-05,200.0,200.0,200.0,0.0,0.0
cash,stress,2025-12-06,200.0,200.0,200.0,0.0,0.0
cash,stress,2025-12-07,200.0,200.0,200.0,0.0,0.0
cash,stress,2025-12-08,200.0,200.0,200.0,0.0,0.0
cash,stress,2025-12-09,200.0,200.0,200.0,0.0,0.0
cash,stress,2025-12-10,200.0,200.0,200.0,0.0,0.0
cash,stress,2025-12-11,200.0,200.0,200.0,0.0,0.0
cash,stress,2025-12-12,200.0,200.0,200.0,0.0,0.0
cash,stress,2025-12-13,200.0,200.0,200.0,0.0,0.0
cash,stress,2025-12-14,200.0,200.0,200.0,0.0,0.0
cash,stress,2025-12-15,200.0,200.0,200.0,0.0,0.0
cash,stress,2025-12-16,200.0,200.0,200.0,0.0,0.0
cash,stress,2025-12-17,200.0,200.0,200.0,0.0,0.0
cash,stress,2025-12-18,200.0,200.0,200.0,0.0,0.0
cash,stress,2025-12-19,200.0,200.0,200.0,0.0,0.0
cash,stress,2025-12-20,200.0,200.0,200.0,0.0,0.0
cash,stress,2025-12-21,200.0,200.0,200.0,0.0,0.0
cash,stress,2025-12-22,200.0,200.0,200.0,0.0,0.0
cash,stress,2025-12-23,200.0,200.0,200.0,0.0,0.0
cash,stress,2025-12-24,200.0,200.0,200.0,0.0,0.0
cash,stress,2025-12-25,200.0,200.0,200.0,0.0,0.0
cash,stress,2025-12-26,200.0,200.0,200.0,0.0,0.0
cash,stress,2025-12-27,200.0,200.0,200.0,0.0,0.0
cash,stress,2025-12-28,200.0,200.0,200.0,0.0,0.0
cash,stress,2025-12-29,200.0,200.0,200.0,0.0,0.0
cash,stress,2025-12-30,200.0,200.0,200.0,0.0,0.0
cash,stress,2025-12-31,200.0,200.0,200.0,0.0,0.0
cash,stress,2026-01-01,200.0,200.0,200.0,0.0,0.0
cash,stress,2026-01-02,200.0,200.0,200.0,0.0,0.0
cash,stress,2026-01-03,200.0,200.0,200.0,0.0,0.0
cash,stress,2026-01-04,200.0,200.0,200.0,0.0,0.0
cash,stress,2026-01-05,200.0,200.0,200.0,0.0,0.0
cash,stress,2026-01-06,200.0,200.0,200.0,0.0,0.0
cash,stress,2026-01-07,200.0,200.0,200.0,0.0,0.0
cash,stress,2026-01-08,200.0,200.0,200.0,0.0,0.0
cash,stress,2026-01-09,200.0,200.0,200.0,0.0,0.0
cash,stress,2026-01-10,200.0,200.0,200.0,0.0,0.0
cash,stress,2026-01-11,200.0,200.0,200.0,0.0,0.0
cash,stress,2026-01-12,200.0,200.0,200.0,0.0,0.0
cash,stress,2026-01-13,200.0,200.0,200.0,0.0,0.0
cash,stress,2026-01-14,200.0,200.0,200.0,0.0,0.0
cash,stress,2026-01-15,200.0,200.0,200.0,0.0,0.0
cash,stress,2026-01-16,200.0,200.0,200.0,0.0,0.0
cash,stress,2026-01-17,200.0,200.0,200.0,0.0,0.0
cash,stress,2026-01-18,200.0,200.0,200.0,0.0,0.0
cash,stress,2026-01-19,200.0,200.0,200.0,0.0,0.0
cash,stress,2026-01-20,200.0,200.0,200.0,0.0,0.0
cash,stress,2026-01-21,200.0,200.0,200.0,0.0,0.0
cash,stress,2026-01-22,200.0,200.0,200.0,0.0,0.0
cash,stress,2026-01-23,200.0,200.0,200.0,0.0,0.0
cash,stress,2026-01-24,200.0,200.0,200.0,0.0,0.0
cash,stress,2026-01-25,200.0,200.0,200.0,0.0,0.0
cash,stress,2026-01-26,200.0,200.0,200.0,0.0,0.0
cash,stress,2026-01-27,200.0,200.0,200.0,0.0,0.0
cash,stress,2026-01-28,200.0,200.0,200.0,0.0,0.0
cash,stress,2026-01-29,200.0,200.0,200.0,0.0,0.0
cash,stress,2026-01-30,200.0,200.0,200.0,0.0,0.0
cash,stress,2026-01-31,200.0,200.0,200.0,0.0,0.0
cash,stress,2026-02-01,200.0,200.0,200.0,0.0,0.0
cash,stress,2026-02-02,200.0,200.0,200.0,0.0,0.0
cash,stress,2026-02-03,200.0,200.0,200.0,0.0,0.0
cash,stress,2026-02-04,200.0,200.0,200.0,0.0,0.0
cash,stress,2026-02-05,200.0,200.0,200.0,0.0,0.0
cash,stress,2026-02-06,200.0,200.0,200.0,0.0,0.0
cash,stress,2026-02-07,200.0,200.0,200.0,0.0,0.0
cash,stress,2026-02-08,200.0,200.0,200.0,0.0,0.0
cash,stress,2026-02-09,200.0,200.0,200.0,0.0,0.0
cash,stress,2026-02-10,200.0,200.0,200.0,0.0,0.0
cash,stress,2026-02-11,200.0,200.0,200.0,0.0,0.0
cash,stress,2026-02-12,200.0,200.0,200.0,0.0,0.0
cash,stress,2026-02-13,200.0,200.0,200.0,0.0,0.0
cash,stress,2026-02-14,200.0,200.0,200.0,0.0,0.0
cash,stress,2026-02-15,200.0,200.0,200.0,0.0,0.0
cash,stress,2026-02-16,200.0,200.0,200.0,0.0,0.0
cash,stress,2026-02-17,200.0,200.0,200.0,0.0,0.0
cash,stress,2026-02-18,200.0,200.0,200.0,0.0,0.0
cash,stress,2026-02-19,200.0,200.0,200.0,0.0,0.0
cash,stress,2026-02-20,200.0,200.0,200.0,0.0,0.0
cash,stress,2026-02-21,200.0,200.0,200.0,0.0,0.0
cash,stress,2026-02-22,200.0,200.0,200.0,0.0,0.0
cash,stress,2026-02-23,200.0,200.0,200.0,0.0,0.0
cash,stress,2026-02-24,200.0,200.0,200.0,0.0,0.0
cash,stress,2026-02-25,200.0,200.0,200.0,0.0,0.0
cash,stress,2026-02-26,200.0,200.0,200.0,0.0,0.0
cash,stress,2026-02-27,200.0,200.0,200.0,0.0,0.0
cash,stress,2026-02-28,200.0,200.0,200.0,0.0,0.0
cash,stress,2026-03-01,200.0,200.0,200.0,0.0,0.0
cash,stress,2026-03-02,200.0,200.0,200.0,0.0,0.0
cash,stress,2026-03-03,200.0,200.0,200.0,0.0,0.0
cash,stress,2026-03-04,200.0,200.0,200.0,0.0,0.0
cash,stress,2026-03-05,200.0,200.0,200.0,0.0,0.0
cash,stress,2026-03-06,200.0,200.0,200.0,0.0,0.0
cash,stress,2026-03-07,200.0,200.0,200.0,0.0,0.0
cash,stress,2026-03-08,200.0,200.0,200.0,0.0,0.0
cash,stress,2026-03-09,200.0,200.0,200.0,0.0,0.0
cash,stress,2026-03-10,200.0,200.0,200.0,0.0,0.0
cash,stress,2026-03-11,200.0,200.0,200.0,0.0,0.0
cash,stress,2026-03-12,200.0,200.0,200.0,0.0,0.0
cash,stress,2026-03-13,200.0,200.0,200.0,0.0,0.0
cash,stress,2026-03-14,200.0,200.0,200.0,0.0,0.0
cash,stress,2026-03-15,200.0,200.0,200.0,0.0,0.0
cash,stress,2026-03-16,200.0,200.0,200.0,0.0,0.0
cash,stress,2026-03-17,200.0,200.0,200.0,0.0,0.0
cash,stress,2026-03-18,200.0,200.0,200.0,0.0,0.0
cash,stress,2026-03-19,200.0,200.0,200.0,0.0,0.0
cash,stress,2026-03-20,200.0,200.0,200.0,0.0,0.0
cash,stress,2026-03-21,200.0,200.0,200.0,0.0,0.0
cash,stress,2026-03-22,200.0,200.0,200.0,0.0,0.0
cash,stress,2026-03-23,200.0,200.0,200.0,0.0,0.0
cash,stress,2026-03-24,200.0,200.0,200.0,0.0,0.0
cash,stress,2026-03-25,200.0,200.0,200.0,0.0,0.0
cash,stress,2026-03-26,200.0,200.0,200.0,0.0,0.0
cash,stress,2026-03-27,200.0,200.0,200.0,0.0,0.0
cash,stress,2026-03-28,200.0,200.0,200.0,0.0,0.0
cash,stress,2026-03-29,200.0,200.0,200.0,0.0,0.0
cash,stress,2026-03-30,200.0,200.0,200.0,0.0,0.0
cash,stress,2026-03-31,200.0,200.0,200.0,0.0,0.0
cash,stress,2026-04-01,200.0,200.0,200.0,0.0,0.0
cash,stress,2026-04-02,200.0,200.0,200.0,0.0,0.0
cash,stress,2026-04-03,200.0,200.0,200.0,0.0,0.0
cash,stress,2026-04-04,200.0,200.0,200.0,0.0,0.0
cash,stress,2026-04-05,200.0,200.0,200.0,0.0,0.0
cash,stress,2026-04-06,200.0,200.0,200.0,0.0,0.0
cash,stress,2026-04-07,200.0,200.0,200.0,0.0,0.0
cash,stress,2026-04-08,200.0,200.0,200.0,0.0,0.0
cash,stress,2026-04-09,200.0,200.0,200.0,0.0,0.0
cash,stress,2026-04-10,200.0,200.0,200.0,0.0,0.0
cash,stress,2026-04-11,200.0,200.0,200.0,0.0,0.0
cash,stress,2026-04-12,200.0,200.0,200.0,0.0,0.0
cash,stress,2026-04-13,200.0,200.0,200.0,0.0,0.0
cash,stress,2026-04-14,200.0,200.0,200.0,0.0,0.0
cash,stress,2026-04-15,200.0,200.0,200.0,0.0,0.0
cash,stress,2026-04-16,200.0,200.0,200.0,0.0,0.0
cash,stress,2026-04-17,200.0,200.0,200.0,0.0,0.0
cash,stress,2026-04-18,200.0,200.0,200.0,0.0,0.0
cash,stress,2026-04-19,200.0,200.0,200.0,0.0,0.0
cash,stress,2026-04-20,200.0,200.0,200.0,0.0,0.0
cash,stress,2026-04-21,200.0,200.0,200.0,0.0,0.0
cash,stress,2026-04-22,200.0,200.0,200.0,0.0,0.0
cash,stress,2026-04-23,200.0,200.0,200.0,0.0,0.0
cash,stress,2026-04-24,200.0,200.0,200.0,0.0,0.0
cash,stress,2026-04-25,200.0,200.0,200.0,0.0,0.0
cash,stress,2026-04-26,200.0,200.0,200.0,0.0,0.0
cash,stress,2026-04-27,200.0,200.0,200.0,0.0,0.0
cash,stress,2026-04-28,200.0,200.0,200.0,0.0,0.0
cash,stress,2026-04-29,200.0,200.0,200.0,0.0,0.0
cash,stress,2026-04-30,200.0,200.0,200.0,0.0,0.0
cash,stress,2026-05-01,200.0,200.0,200.0,0.0,0.0
cash,stress,2026-05-02,200.0,200.0,200.0,0.0,0.0
cash,stress,2026-05-03,200.0,200.0,200.0,0.0,0.0
cash,stress,2026-05-04,200.0,200.0,200.0,0.0,0.0
cash,stress,2026-05-05,200.0,200.0,200.0,0.0,0.0
cash,stress,2026-05-06,200.0,200.0,200.0,0.0,0.0
cash,stress,2026-05-07,200.0,200.0,200.0,0.0,0.0
cash,stress,2026-05-08,200.0,200.0,200.0,0.0,0.0
cash,stress,2026-05-09,200.0,200.0,200.0,0.0,0.0
cash,stress,2026-05-10,200.0,200.0,200.0,0.0,0.0
cash,stress,2026-05-11,200.0,200.0,200.0,0.0,0.0
cash,stress,2026-05-12,200.0,200.0,200.0,0.0,0.0
cash,stress,2026-05-13,200.0,200.0,200.0,0.0,0.0
cash,stress,2026-05-14,200.0,200.0,200.0,0.0,0.0
cash,stress,2026-05-15,200.0,200.0,200.0,0.0,0.0
cash,stress,2026-05-16,200.0,200.0,200.0,0.0,0.0
cash,stress,2026-05-17,200.0,200.0,200.0,0.0,0.0
cash,stress,2026-05-18,200.0,200.0,200.0,0.0,0.0
cash,stress,2026-05-19,200.0,200.0,200.0,0.0,0.0
cash,stress,2026-05-20,200.0,200.0,200.0,0.0,0.0
cash,stress,2026-05-21,200.0,200.0,200.0,0.0,0.0
cash,stress,2026-05-22,200.0,200.0,200.0,0.0,0.0
cash,stress,2026-05-23,200.0,200.0,200.0,0.0,0.0
cash,stress,2026-05-24,200.0,200.0,200.0,0.0,0.0
cash,stress,2026-05-25,200.0,200.0,200.0,0.0,0.0
cash,stress,2026-05-26,200.0,200.0,200.0,0.0,0.0
cash,stress,2026-05-27,200.0,200.0,200.0,0.0,0.0
cash,stress,2026-05-28,200.0,200.0,200.0,0.0,0.0
cash,stress,2026-05-29,200.0,200.0,200.0,0.0,0.0
cash,stress,2026-05-30,200.0,200.0,200.0,0.0,0.0
cash,stress,2026-05-31,200.0,200.0,200.0,0.0,0.0
cash,stress,2026-06-01,200.0,200.0,200.0,0.0,0.0
cash,stress,2026-06-02,200.0,200.0,200.0,0.0,0.0
cash,stress,2026-06-03,200.0,200.0,200.0,0.0,0.0
cash,stress,2026-06-04,200.0,200.0,200.0,0.0,0.0
cash,stress,2026-06-05,200.0,200.0,200.0,0.0,0.0
cash,stress,2026-06-06,200.0,200.0,200.0,0.0,0.0
cash,stress,2026-06-07,200.0,200.0,200.0,0.0,0.0
cash,stress,2026-06-08,200.0,200.0,200.0,0.0,0.0
cash,stress,2026-06-09,200.0,200.0,200.0,0.0,0.0
cash,stress,2026-06-10,200.0,200.0,200.0,0.0,0.0
cash,stress,2026-06-11,200.0,200.0,200.0,0.0,0.0
cash,stress,2026-06-12,200.0,200.0,200.0,0.0,0.0
cash,stress,2026-06-13,200.0,200.0,200.0,0.0,0.0
cash,stress,2026-06-14,200.0,200.0,200.0,0.0,0.0
cash,stress,2026-06-15,200.0,200.0,200.0,0.0,0.0
cash,stress,2026-06-16,200.0,200.0,200.0,0.0,0.0
cash,stress,2026-06-17,200.0,200.0,200.0,0.0,0.0
cash,stress,2026-06-18,200.0,200.0,200.0,0.0,0.0
cash,stress,2026-06-19,200.0,200.0,200.0,0.0,0.0
cash,stress,2026-06-20,200.0,200.0,200.0,0.0,0.0
cash,stress,2026-06-21,200.0,200.0,200.0,0.0,0.0
cash,stress,2026-06-22,200.0,200.0,200.0,0.0,0.0
cash,stress,2026-06-23,200.0,200.0,200.0,0.0,0.0
cash,stress,2026-06-24,200.0,200.0,200.0,0.0,0.0
cash,stress,2026-06-25,200.0,200.0,200.0,0.0,0.0
cash,stress,2026-06-26,200.0,200.0,200.0,0.0,0.0
cash,stress,2026-06-27,200.0,200.0,200.0,0.0,0.0
cash,stress,2026-06-28,200.0,200.0,200.0,0.0,0.0
cash,stress,2026-06-29,200.0,200.0,200.0,0.0,0.0
cash,stress,2026-06-30,200.0,200.0,200.0,0.0,0.0
cash,stress,2026-07-01,200.0,200.0,200.0,0.0,0.0
cash,stress,2026-07-02,200.0,200.0,200.0,0.0,0.0
cash,stress,2026-07-03,200.0,200.0,200.0,0.0,0.0
cash,stress,2026-07-04,200.0,200.0,200.0,0.0,0.0
cash,stress,2026-07-05,200.0,200.0,200.0,0.0,0.0
cash,stress,2026-07-06,200.0,200.0,200.0,0.0,0.0
cash,stress,2026-07-07,200.0,200.0,200.0,0.0,0.0
cash,stress,2026-07-08,200.0,200.0,200.0,0.0,0.0
cash,stress,2026-07-09,200.0,200.0,200.0,0.0,0.0
cash,stress,2026-07-10,200.0,200.0,200.0,0.0,0.0
cash,stress,2026-07-11,200.0,200.0,200.0,0.0,0.0
cash,stress,2026-07-12,200.0,200.0,200.0,0.0,0.0
cash,stress,2026-07-13,200.0,200.0,200.0,0.0,0.0
cash,stress,2026-07-14,200.0,200.0,200.0,0.0,0.0
cash,stress,2026-07-15,200.0,200.0,200.0,0.0,0.0
cash,stress,2026-07-16,200.0,200.0,200.0,0.0,0.0
cash,stress,2026-07-17,200.0,200.0,200.0,0.0,0.0
cash,stress,2026-07-18,200.0,200.0,200.0,0.0,0.0
cash,stress,2026-07-19,200.0,200.0,200.0,0.0,0.0
cash,stress,2026-07-20,200.0,200.0,200.0,0.0,0.0
cash,stress,2026-07-21,200.0,200.0,200.0,0.0,0.0
cash,stress,2026-07-22,200.0,200.0,200.0,0.0,0.0
cash,stress,2026-07-23,200.0,200.0,200.0,0.0,0.0
cash,stress,2026-07-24,200.0,200.0,200.0,0.0,0.0
cash,stress,2026-07-25,200.0,200.0,200.0,0.0,0.0
cash,stress,2026-07-26,200.0,200.0,200.0,0.0,0.0
cash,stress,2026-07-27,200.0,200.0,200.0,0.0,0.0
cash,stress,2026-07-28,200.0,200.0,200.0,0.0,0.0
cash,stress,2026-07-29,200.0,200.0,200.0,0.0,0.0
cash,stress,2026-07-30,200.0,200.0,200.0,0.0,0.0
cash,stress,2026-07-31,200.0,200.0,200.0,0.0,0.0
cash,stress,2026-08-01,200.0,200.0,200.0,0.0,0.0
cash,stress,2026-08-02,200.0,200.0,200.0,0.0,0.0
cash,stress,2026-08-03,200.0,200.0,200.0,0.0,0.0
cash,stress,2026-08-04,200.0,200.0,200.0,0.0,0.0
cash,stress,2026-08-05,200.0,200.0,200.0,0.0,0.0
cash,stress,2026-08-06,200.0,200.0,200.0,0.0,0.0
cash,stress,2026-08-07,200.0,200.0,200.0,0.0,0.0
cash,stress,2026-08-08,200.0,200.0,200.0,0.0,0.0
cash,stress,2026-08-09,200.0,200.0,200.0,0.0,0.0
cash,stress,2026-08-10,200.0,200.0,200.0,0.0,0.0
cash,stress,2026-08-11,200.0,200.0,200.0,0.0,0.0
cash,stress,2026-08-12,200.0,200.0,200.0,0.0,0.0
cash,stress,2026-08-13,200.0,200.0,200.0,0.0,0.0
cash,stress,2026-08-14,200.0,200.0,200.0,0.0,0.0
cash,stress,2026-08-15,200.0,200.0,200.0,0.0,0.0
cash,stress,2026-08-16,200.0,200.0,200.0,0.0,0.0
cash,stress,2026-08-17,200.0,200.0,200.0,0.0,0.0
cash,stress,2026-08-18,200.0,200.0,200.0,0.0,0.0
cash,stress,2026-08-19,200.0,200.0,200.0,0.0,0.0
cash,stress,2026-08-20,200.0,200.0,200.0,0.0,0.0
cash,stress,2026-08-21,200.0,200.0,200.0,0.0,0.0
cash,stress,2026-08-22,200.0,200.0,200.0,0.0,0.0
cash,stress,2026-08-23,200.0,200.0,200.0,0.0,0.0
cash,stress,2026-08-24,200.0,200.0,200.0,0.0,0.0
cash,stress,2026-08-25,200.0,200.0,200.0,0.0,0.0
cash,stress,2026-08-26,200.0,200.0,200.0,0.0,0.0
cash,stress,2026-08-27,200.0,200.0,200.0,0.0,0.0
cash,stress,2026-08-28,200.0,200.0,200.0,0.0,0.0
cash,stress,2026-08-29,200.0,200.0,200.0,0.0,0.0
cash,stress,2026-08-30,200.0,200.0,200.0,0.0,0.0
cash,stress,2026-08-31,200.0,200.0,200.0,0.0,0.0
cash,stress,2026-09-01,200.0,200.0,200.0,0.0,0.0
cash,stress,2026-09-02,200.0,200.0,200.0,0.0,0.0
cash,stress,2026-09-03,200.0,200.0,200.0,0.0,0.0
cash,stress,2026-09-04,200.0,200.0,200.0,0.0,0.0
cash,stress,2026-09-05,200.0,200.0,200.0,0.0,0.0
midpoint,costed,2025-09-06,200.0,200.0,200.0,0.0,0.0
midpoint,costed,2025-09-07,200.0,200.0,200.0,0.0,0.0
midpoint,costed,2025-09-08,200.0,200.0,200.0,0.0,0.0
midpoint,costed,2025-09-09,200.0,200.0,200.0,0.0,0.0
midpoint,costed,2025-09-10,200.0,200.0,200.0,0.0,0.0
midpoint,costed,2025-09-11,200.0,200.0,200.0,0.0,0.0
midpoint,costed,2025-09-12,200.0,200.0,200.0,0.0,0.0
midpoint,costed,2025-09-13,200.0,200.0,200.0,0.0,0.0
midpoint,costed,2025-09-14,200.0,200.0,200.0,0.0,0.0
midpoint,costed,2025-09-15,200.0,200.0,200.0,0.0,0.0
midpoint,costed,2025-09-16,200.0,200.0,200.0,0.0,0.0
midpoint,costed,2025-09-17,200.0,200.0,200.0,0.0,0.0
midpoint,costed,2025-09-18,200.0,200.0,200.0,0.0,0.0
midpoint,costed,2025-09-19,200.0,200.0,200.0,0.0,0.0
midpoint,costed,2025-09-20,200.0,200.0,200.0,0.0,0.0
midpoint,costed,2025-09-21,200.0,200.0,200.0,0.0,0.0
midpoint,costed,2025-09-22,200.0,200.0,200.0,0.0,0.0
midpoint,costed,2025-09-23,200.0,200.0,200.0,0.0,0.0
midpoint,costed,2025-09-24,200.0,200.0,200.0,0.0,0.0
midpoint,costed,2025-09-25,200.0,200.0,200.0,0.0,0.0
midpoint,costed,2025-09-26,200.0,200.0,200.0,0.0,0.0
midpoint,costed,2025-09-27,200.0,200.0,200.0,0.0,0.0
midpoint,costed,2025-09-28,200.0,200.0,200.0,0.0,0.0
midpoint,costed,2025-09-29,200.0,200.0,200.0,0.0,0.0
midpoint,costed,2025-09-30,200.0,200.0,200.0,0.0,0.0
midpoint,costed,2025-10-01,200.0,200.0,200.0,0.0,0.0
midpoint,costed,2025-10-02,200.0,200.0,200.0,0.0,0.0
midpoint,costed,2025-10-03,200.0,200.0,200.0,0.0,0.0
midpoint,costed,2025-10-04,200.0,200.0,200.0,0.0,0.0
midpoint,costed,2025-10-05,200.0,200.0,200.0,0.0,0.0
midpoint,costed,2025-10-06,200.0,200.0,200.0,0.0,0.0
midpoint,costed,2025-10-07,200.0,200.0,200.0,0.0,0.0
midpoint,costed,2025-10-08,200.0,200.0,200.0,0.0,0.0
midpoint,costed,2025-10-09,200.0,200.0,200.0,0.0,0.0
midpoint,costed,2025-10-10,200.0,200.0,200.0,0.0,0.0
midpoint,costed,2025-10-11,200.0,200.0,200.0,0.0,0.0
midpoint,costed,2025-10-12,200.0,200.0,200.0,0.0,0.0
midpoint,costed,2025-10-13,200.0,200.0,200.0,0.0,0.0
midpoint,costed,2025-10-14,200.0,200.0,200.0,0.0,0.0
midpoint,costed,2025-10-15,200.0,200.0,200.0,0.0,0.0
midpoint,costed,2025-10-16,200.0,200.0,200.0,0.0,0.0
midpoint,costed,2025-10-17,200.0,200.0,200.0,0.0,0.0
midpoint,costed,2025-10-18,200.0,200.0,200.0,0.0,0.0
midpoint,costed,2025-10-19,200.0,200.0,200.0,0.0,0.0
midpoint,costed,2025-10-20,200.0,200.0,200.0,0.0,0.0
midpoint,costed,2025-10-21,200.0,200.0,200.0,0.0,0.0
midpoint,costed,2025-10-22,200.0,200.0,200.0,0.0,0.0
midpoint,costed,2025-10-23,200.0,200.0,200.0,0.0,0.0
midpoint,costed,2025-10-24,200.0,200.0,200.0,0.0,0.0
midpoint,costed,2025-10-25,200.0,200.0,200.0,0.0,0.0
midpoint,costed,2025-10-26,200.0,200.0,200.0,0.0,0.0
midpoint,costed,2025-10-27,200.0,200.0,200.0,0.0,0.0
midpoint,costed,2025-10-28,200.0,200.0,200.0,0.0,0.0
midpoint,costed,2025-10-29,200.0,200.0,200.0,0.0,0.0
midpoint,costed,2025-10-30,200.0,200.0,200.0,0.0,0.0
midpoint,costed,2025-10-31,200.0,200.0,200.0,0.0,0.0
midpoint,costed,2025-11-01,200.0,200.0,200.0,0.0,0.0
midpoint,costed,2025-11-02,200.0,200.0,200.0,0.0,0.0
midpoint,costed,2025-11-03,200.0,200.0,200.0,0.0,0.0
midpoint,costed,2025-11-04,200.0,200.0,200.0,0.0,0.0
midpoint,costed,2025-11-05,200.0,200.0,200.0,0.0,0.0
midpoint,costed,2025-11-06,200.0,200.0,200.0,0.0,0.0
midpoint,costed,2025-11-07,200.0,200.0,200.0,0.0,0.0
midpoint,costed,2025-11-08,200.0,200.0,200.0,0.0,0.0
midpoint,costed,2025-11-09,200.0,200.0,200.0,0.0,0.0
midpoint,costed,2025-11-10,200.0,200.0,200.0,0.0,0.0
midpoint,costed,2025-11-11,200.0,200.0,200.0,0.0,0.0
midpoint,costed,2025-11-12,200.0,200.0,200.0,0.0,0.0
midpoint,costed,2025-11-13,200.0,200.0,200.0,0.0,0.0
midpoint,costed,2025-11-14,200.0,200.0,200.0,0.0,0.0
midpoint,costed,2025-11-15,200.0,200.0,200.0,0.0,0.0
midpoint,costed,2025-11-16,200.0,200.0,200.0,0.0,0.0
midpoint,costed,2025-11-17,200.0,200.0,200.0,0.0,0.0
midpoint,costed,2025-11-18,200.0,200.0,200.0,0.0,0.0
midpoint,costed,2025-11-19,200.0,200.0,200.0,0.0,0.0
midpoint,costed,2025-11-20,200.0,200.0,200.0,0.0,0.0
midpoint,costed,2025-11-21,200.0,200.0,200.0,0.0,0.0
midpoint,costed,2025-11-22,200.0,200.0,200.0,0.0,0.0
midpoint,costed,2025-11-23,200.0,200.0,200.0,0.0,0.0
midpoint,costed,2025-11-24,200.0,200.0,200.0,0.0,0.0
midpoint,costed,2025-11-25,200.0,200.0,200.0,0.0,0.0
midpoint,costed,2025-11-26,200.0,200.0,200.0,0.0,0.0
midpoint,costed,2025-11-27,200.0,200.0,200.0,0.0,0.0
midpoint,costed,2025-11-28,200.0,200.0,200.0,0.0,0.0
midpoint,costed,2025-11-29,200.0,200.0,200.0,0.0,0.0
midpoint,costed,2025-11-30,200.0,200.0,200.0,0.0,0.0
midpoint,costed,2025-12-01,200.0,200.0,200.0,0.0,0.0
midpoint,costed,2025-12-02,200.0,200.0,200.0,0.0,0.0
midpoint,costed,2025-12-03,200.0,200.0,200.0,0.0,0.0
midpoint,costed,2025-12-04,200.0,200.0,200.0,0.0,0.0
midpoint,costed,2025-12-05,200.0,200.0,200.0,0.0,0.0
midpoint,costed,2025-12-06,200.0,200.0,200.0,0.0,0.0
midpoint,costed,2025-12-07,200.0,200.0,200.0,0.0,0.0
midpoint,costed,2025-12-08,200.0,200.0,200.0,0.0,0.0
midpoint,costed,2025-12-09,200.0,200.0,200.0,0.0,0.0
midpoint,costed,2025-12-10,200.0,200.0,200.0,0.0,0.0
midpoint,costed,2025-12-11,200.0,200.0,200.0,0.0,0.0
midpoint,costed,2025-12-12,200.0,200.0,200.0,0.0,0.0
midpoint,costed,2025-12-13,200.0,200.0,200.0,0.0,0.0
midpoint,costed,2025-12-14,200.0,200.0,200.0,0.0,0.0
midpoint,costed,2025-12-15,200.0,200.0,200.0,0.0,0.0
midpoint,costed,2025-12-16,200.0,200.0,200.0,0.0,0.0
midpoint,costed,2025-12-17,200.0,200.0,200.0,0.0,0.0
midpoint,costed,2025-12-18,200.0,200.0,200.0,0.0,0.0
midpoint,costed,2025-12-19,200.0,200.0,200.0,0.0,0.0
midpoint,costed,2025-12-20,200.0,200.0,200.0,0.0,0.0
midpoint,costed,2025-12-21,200.0,200.0,200.0,0.0,0.0
midpoint,costed,2025-12-22,200.0,200.0,200.0,0.0,0.0
midpoint,costed,2025-12-23,200.0,200.0,200.0,0.0,0.0
midpoint,costed,2025-12-24,200.0,200.0,200.0,0.0,0.0
midpoint,costed,2025-12-25,200.0,200.0,200.0,0.0,0.0
midpoint,costed,2025-12-26,200.0,200.0,200.0,0.0,0.0
midpoint,costed,2025-12-27,200.0,200.0,200.0,0.0,0.0
midpoint,costed,2025-12-28,200.0,200.0,200.0,0.0,0.0
midpoint,costed,2025-12-29,200.0,200.0,200.0,0.0,0.0
midpoint,costed,2025-12-30,200.0,200.0,200.0,0.0,0.0
midpoint,costed,2025-12-31,200.0,200.0,200.0,0.0,0.0
midpoint,costed,2026-01-01,200.0,200.0,200.0,0.0,0.0
midpoint,costed,2026-01-02,200.0,200.0,200.0,0.0,0.0
midpoint,costed,2026-01-03,200.0,200.0,200.0,0.0,0.0
midpoint,costed,2026-01-04,200.0,200.0,200.0,0.0,0.0
midpoint,costed,2026-01-05,200.0,200.0,200.0,0.0,0.0
midpoint,costed,2026-01-06,200.0,200.0,200.0,0.0,0.0
midpoint,costed,2026-01-07,200.0,200.0,200.0,0.0,0.0
midpoint,costed,2026-01-08,200.0,200.0,200.0,0.0,0.0
midpoint,costed,2026-01-09,200.0,200.0,200.0,0.0,0.0
midpoint,costed,2026-01-10,200.0,200.0,200.0,0.0,0.0
midpoint,costed,2026-01-11,200.0,200.0,200.0,0.0,0.0
midpoint,costed,2026-01-12,200.0,200.0,200.0,0.0,0.0
midpoint,costed,2026-01-13,200.0,200.0,200.0,0.0,0.0
midpoint,costed,2026-01-14,200.0,200.0,200.0,0.0,0.0
midpoint,costed,2026-01-15,200.0,200.0,200.0,0.0,0.0
midpoint,costed,2026-01-16,200.0,200.0,200.0,0.0,0.0
midpoint,costed,2026-01-17,200.0,200.0,200.0,0.0,0.0
midpoint,costed,2026-01-18,200.0,200.0,200.0,0.0,0.0
midpoint,costed,2026-01-19,200.0,200.0,200.0,0.0,0.0
midpoint,costed,2026-01-20,200.0,200.0,200.0,0.0,0.0
midpoint,costed,2026-01-21,200.0,200.0,200.0,0.0,0.0
midpoint,costed,2026-01-22,200.0,200.0,200.0,0.0,0.0
midpoint,costed,2026-01-23,200.0,200.0,200.0,0.0,0.0
midpoint,costed,2026-01-24,200.0,200.0,200.0,0.0,0.0
midpoint,costed,2026-01-25,200.0,200.0,200.0,0.0,0.0
midpoint,costed,2026-01-26,200.0,200.0,200.0,0.0,0.0
midpoint,costed,2026-01-27,200.0,200.0,200.0,0.0,0.0
midpoint,costed,2026-01-28,200.0,200.0,200.0,0.0,0.0
midpoint,costed,2026-01-29,200.0,200.0,200.0,0.0,0.0
midpoint,costed,2026-01-30,200.0,200.0,200.0,0.0,0.0
midpoint,costed,2026-01-31,200.0,200.0,200.0,0.0,0.0
midpoint,costed,2026-02-01,200.0,200.0,200.0,0.0,0.0
midpoint,costed,2026-02-02,200.0,200.0,200.0,0.0,0.0
midpoint,costed,2026-02-03,200.0,200.0,200.0,0.0,0.0
midpoint,costed,2026-02-04,200.0,200.0,200.0,0.0,0.0
midpoint,costed,2026-02-05,200.0,200.0,200.0,0.0,0.0
midpoint,costed,2026-02-06,200.0,200.0,200.0,0.0,0.0
midpoint,costed,2026-02-07,200.0,200.0,200.0,0.0,0.0
midpoint,costed,2026-02-08,200.0,200.0,200.0,0.0,0.0
midpoint,costed,2026-02-09,200.0,200.0,200.0,0.0,0.0
midpoint,costed,2026-02-10,200.0,200.0,200.0,0.0,0.0
midpoint,costed,2026-02-11,200.0,200.0,200.0,0.0,0.0
midpoint,costed,2026-02-12,200.0,200.0,200.0,0.0,0.0
midpoint,costed,2026-02-13,200.0,200.0,200.0,0.0,0.0
midpoint,costed,2026-02-14,200.0,200.0,200.0,0.0,0.0
midpoint,costed,2026-02-15,200.0,200.0,200.0,0.0,0.0
midpoint,costed,2026-02-16,200.0,200.0,200.0,0.0,0.0
midpoint,costed,2026-02-17,200.0,200.0,200.0,0.0,0.0
midpoint,costed,2026-02-18,200.0,200.0,200.0,0.0,0.0
midpoint,costed,2026-02-19,200.0,200.0,200.0,0.0,0.0
midpoint,costed,2026-02-20,200.0,200.0,200.0,0.0,0.0
midpoint,costed,2026-02-21,200.0,200.0,200.0,0.0,0.0
midpoint,costed,2026-02-22,200.0,200.0,200.0,0.0,0.0
midpoint,costed,2026-02-23,200.0,200.0,200.0,0.0,0.0
midpoint,costed,2026-02-24,200.0,200.0,200.0,0.0,0.0
midpoint,costed,2026-02-25,200.0,200.0,200.0,0.0,0.0
midpoint,costed,2026-02-26,200.0,200.0,200.0,0.0,0.0
midpoint,costed,2026-02-27,200.0,200.0,200.0,0.0,0.0
midpoint,costed,2026-02-28,200.0,200.0,200.0,0.0,0.0
midpoint,costed,2026-03-01,200.0,200.0,200.0,0.0,0.0
midpoint,costed,2026-03-02,200.0,200.0,200.0,0.0,0.0
midpoint,costed,2026-03-03,200.0,200.0,200.0,0.0,0.0
midpoint,costed,2026-03-04,200.0,200.0,200.0,0.0,0.0
midpoint,costed,2026-03-05,200.0,200.0,200.0,0.0,0.0
midpoint,costed,2026-03-06,200.0,200.0,200.0,0.0,0.0
midpoint,costed,2026-03-07,200.0,200.0,200.0,0.0,0.0
midpoint,costed,2026-03-08,200.0,200.0,200.0,0.0,0.0
midpoint,costed,2026-03-09,200.0,200.0,200.0,0.0,0.0
midpoint,costed,2026-03-10,200.0,200.0,200.0,0.0,0.0
midpoint,costed,2026-03-11,200.0,200.0,200.0,0.0,0.0
midpoint,costed,2026-03-12,200.0,200.0,200.0,0.0,0.0
midpoint,costed,2026-03-13,200.0,200.0,200.0,0.0,0.0
midpoint,costed,2026-03-14,200.0,200.0,200.0,0.0,0.0
midpoint,costed,2026-03-15,200.0,200.0,200.0,0.0,0.0
midpoint,costed,2026-03-16,200.0,200.0,200.0,0.0,0.0
midpoint,costed,2026-03-17,200.0,200.0,200.0,0.0,0.0
midpoint,costed,2026-03-18,200.0,200.0,200.0,0.0,0.0
midpoint,costed,2026-03-19,200.0,200.0,200.0,0.0,0.0
midpoint,costed,2026-03-20,200.0,200.0,200.0,0.0,0.0
midpoint,costed,2026-03-21,200.0,200.0,200.0,0.0,0.0
midpoint,costed,2026-03-22,200.0,200.0,200.0,0.0,0.0
midpoint,costed,2026-03-23,200.0,200.0,200.0,0.0,0.0
midpoint,costed,2026-03-24,200.0,200.0,200.0,0.0,0.0
midpoint,costed,2026-03-25,200.0,200.0,200.0,0.0,0.0
midpoint,costed,2026-03-26,200.0,200.0,200.0,0.0,0.0
midpoint,costed,2026-03-27,200.0,200.0,200.0,0.0,0.0
midpoint,costed,2026-03-28,200.0,200.0,200.0,0.0,0.0
midpoint,costed,2026-03-29,200.0,200.0,200.0,0.0,0.0
midpoint,costed,2026-03-30,200.0,200.0,200.0,0.0,0.0
midpoint,costed,2026-03-31,200.0,200.0,200.0,0.0,0.0
midpoint,costed,2026-04-01,200.0,200.0,200.0,0.0,0.0
midpoint,costed,2026-04-02,200.0,200.0,200.0,0.0,0.0
midpoint,costed,2026-04-03,200.0,200.0,200.0,0.0,0.0
midpoint,costed,2026-04-04,200.0,200.0,200.0,0.0,0.0
midpoint,costed,2026-04-05,200.0,200.0,200.0,0.0,0.0
midpoint,costed,2026-04-06,200.0,200.0,200.0,0.0,0.0
midpoint,costed,2026-04-07,200.0,200.0,200.0,0.0,0.0
midpoint,costed,2026-04-08,200.0,200.0,200.0,0.0,0.0
midpoint,costed,2026-04-09,200.0,200.0,200.0,0.0,0.0
midpoint,costed,2026-04-10,200.0,200.0,200.0,0.0,0.0
midpoint,costed,2026-04-11,200.0,200.0,200.0,0.0,0.0
midpoint,costed,2026-04-12,200.0,200.0,200.0,0.0,0.0
midpoint,costed,2026-04-13,200.0,200.0,200.0,0.0,0.0
midpoint,costed,2026-04-14,200.0,200.0,200.0,0.0,0.0
midpoint,costed,2026-04-15,200.0,200.0,200.0,0.0,0.0
midpoint,costed,2026-04-16,200.0,200.0,200.0,0.0,0.0
midpoint,costed,2026-04-17,200.0,200.0,200.0,0.0,0.0
midpoint,costed,2026-04-18,200.0,200.0,200.0,0.0,0.0
midpoint,costed,2026-04-19,200.0,200.0,200.0,0.0,0.0
midpoint,costed,2026-04-20,200.0,200.0,200.0,0.0,0.0
midpoint,costed,2026-04-21,200.0,200.0,200.0,0.0,0.0
midpoint,costed,2026-04-22,200.0,200.0,200.0,0.0,0.0
midpoint,costed,2026-04-23,200.0,200.0,200.0,0.0,0.0
midpoint,costed,2026-04-24,200.0,200.0,200.0,0.0,0.0
midpoint,costed,2026-04-25,200.0,200.0,200.0,0.0,0.0
midpoint,costed,2026-04-26,200.0,200.0,200.0,0.0,0.0
midpoint,costed,2026-04-27,200.0,200.0,200.0,0.0,0.0
midpoint,costed,2026-04-28,200.0,200.0,200.0,0.0,0.0
midpoint,costed,2026-04-29,200.0,200.0,200.0,0.0,0.0
midpoint,costed,2026-04-30,200.0,200.0,200.0,0.0,0.0
midpoint,costed,2026-05-01,200.0,200.0,200.0,0.0,0.0
midpoint,costed,2026-05-02,200.0,200.0,200.0,0.0,0.0
midpoint,costed,2026-05-03,200.0,200.0,200.0,0.0,0.0
midpoint,costed,2026-05-04,200.0,200.0,200.0,0.0,0.0
midpoint,costed,2026-05-05,200.0,200.0,200.0,0.0,0.0
midpoint,costed,2026-05-06,200.0,200.0,200.0,0.0,0.0
midpoint,costed,2026-05-07,200.0,200.0,200.0,0.0,0.0
midpoint,costed,2026-05-08,200.0,200.0,200.0,0.0,0.0
midpoint,costed,2026-05-09,200.0,200.0,200.0,0.0,0.0
midpoint,costed,2026-05-10,200.0,200.0,200.0,0.0,0.0
midpoint,costed,2026-05-11,200.0,200.0,200.0,0.0,0.0
midpoint,costed,2026-05-12,200.0,200.0,200.0,0.0,0.0
midpoint,costed,2026-05-13,200.0,200.0,200.0,0.0,0.0
midpoint,costed,2026-05-14,200.0,200.0,200.0,0.0,0.0
midpoint,costed,2026-05-15,200.0,200.0,200.0,0.0,0.0
midpoint,costed,2026-05-16,200.0,200.0,200.0,0.0,0.0
midpoint,costed,2026-05-17,200.0,200.0,200.0,0.0,0.0
midpoint,costed,2026-05-18,200.0,200.0,200.0,0.0,0.0
midpoint,costed,2026-05-19,200.0,200.0,200.0,0.0,0.0
midpoint,costed,2026-05-20,200.0,200.0,200.0,0.0,0.0
midpoint,costed,2026-05-21,200.0,200.0,200.0,0.0,0.0
midpoint,costed,2026-05-22,200.0,200.0,200.0,0.0,0.0
midpoint,costed,2026-05-23,200.0,200.0,200.0,0.0,0.0
midpoint,costed,2026-05-24,200.0,200.0,200.0,0.0,0.0
midpoint,costed,2026-05-25,200.0,200.0,200.0,0.0,0.0
midpoint,costed,2026-05-26,200.0,200.0,200.0,0.0,0.0
midpoint,costed,2026-05-27,200.0,200.0,200.0,0.0,0.0
midpoint,costed,2026-05-28,200.0,200.0,200.0,0.0,0.0
midpoint,costed,2026-05-29,200.0,200.0,200.0,0.0,0.0
midpoint,costed,2026-05-30,200.0,200.0,200.0,0.0,0.0
midpoint,costed,2026-05-31,200.0,200.0,200.0,0.0,0.0
midpoint,costed,2026-06-01,200.0,200.0,200.0,0.0,0.0
midpoint,costed,2026-06-02,200.0,200.0,200.0,0.0,0.0
midpoint,costed,2026-06-03,200.0,200.0,200.0,0.0,0.0
midpoint,costed,2026-06-04,200.0,200.0,200.0,0.0,0.0
midpoint,costed,2026-06-05,200.0,200.0,200.0,0.0,0.0
midpoint,costed,2026-06-06,200.0,200.0,200.0,0.0,0.0
midpoint,costed,2026-06-07,200.0,200.0,200.0,0.0,0.0
midpoint,costed,2026-06-08,200.0,200.0,200.0,0.0,0.0
midpoint,costed,2026-06-09,200.0,200.0,200.0,0.0,0.0
midpoint,costed,2026-06-10,200.0,200.0,200.0,0.0,0.0
midpoint,costed,2026-06-11,200.0,200.0,200.0,0.0,0.0
midpoint,costed,2026-06-12,200.0,200.0,200.0,0.0,0.0
midpoint,costed,2026-06-13,200.0,200.0,200.0,0.0,0.0
midpoint,costed,2026-06-14,200.0,200.0,200.0,0.0,0.0
midpoint,costed,2026-06-15,200.0,200.0,200.0,0.0,0.0
midpoint,costed,2026-06-16,200.0,200.0,200.0,0.0,0.0
midpoint,costed,2026-06-17,200.0,200.0,200.0,0.0,0.0
midpoint,costed,2026-06-18,200.0,200.0,200.0,0.0,0.0
midpoint,costed,2026-06-19,200.0,200.0,200.0,0.0,0.0
midpoint,costed,2026-06-20,200.0,200.0,200.0,0.0,0.0
midpoint,costed,2026-06-21,200.0,200.0,200.0,0.0,0.0
midpoint,costed,2026-06-22,200.0,200.0,200.0,0.0,0.0
midpoint,costed,2026-06-23,200.0,200.0,200.0,0.0,0.0
midpoint,costed,2026-06-24,200.0,200.0,200.0,0.0,0.0
midpoint,costed,2026-06-25,200.0,200.0,200.0,0.0,0.0
midpoint,costed,2026-06-26,200.0,200.0,200.0,0.0,0.0
midpoint,costed,2026-06-27,200.0,200.0,200.0,0.0,0.0
midpoint,costed,2026-06-28,200.0,200.0,200.0,0.0,0.0
midpoint,costed,2026-06-29,200.0,200.0,200.0,0.0,0.0
midpoint,costed,2026-06-30,200.0,200.0,200.0,0.0,0.0
midpoint,costed,2026-07-01,200.0,200.0,200.0,0.0,0.0
midpoint,costed,2026-07-02,200.0,200.0,200.0,0.0,0.0
midpoint,costed,2026-07-03,200.0,200.0,200.0,0.0,0.0
midpoint,costed,2026-07-04,200.0,200.0,200.0,0.0,0.0
midpoint,costed,2026-07-05,200.0,200.0,200.0,0.0,0.0
midpoint,costed,2026-07-06,200.0,200.0,200.0,0.0,0.0
midpoint,costed,2026-07-07,200.0,200.0,200.0,0.0,0.0
midpoint,costed,2026-07-08,200.0,200.0,200.0,0.0,0.0
midpoint,costed,2026-07-09,200.0,200.0,200.0,0.0,0.0
midpoint,costed,2026-07-10,200.0,200.0,200.0,0.0,0.0
midpoint,costed,2026-07-11,200.0,200.0,200.0,0.0,0.0
midpoint,costed,2026-07-12,200.0,200.0,200.0,0.0,0.0
midpoint,costed,2026-07-13,200.0,200.0,200.0,0.0,0.0
midpoint,costed,2026-07-14,200.0,200.0,200.0,0.0,0.0
midpoint,costed,2026-07-15,200.0,200.0,200.0,0.0,0.0
midpoint,costed,2026-07-16,200.0,200.0,200.0,0.0,0.0
midpoint,costed,2026-07-17,200.0,200.0,200.0,0.0,0.0
midpoint,costed,2026-07-18,200.0,200.0,200.0,0.0,0.0
midpoint,costed,2026-07-19,200.0,200.0,200.0,0.0,0.0
midpoint,costed,2026-07-20,200.0,200.0,200.0,0.0,0.0
midpoint,costed,2026-07-21,200.0,200.0,200.0,0.0,0.0
midpoint,costed,2026-07-22,200.0,200.0,200.0,0.0,0.0
midpoint,costed,2026-07-23,200.0,200.0,200.0,0.0,0.0
midpoint,costed,2026-07-24,200.0,200.0,200.0,0.0,0.0
midpoint,costed,2026-07-25,200.0,200.0,200.0,0.0,0.0
midpoint,costed,2026-07-26,200.0,200.0,200.0,0.0,0.0
midpoint,costed,2026-07-27,200.0,200.0,200.0,0.0,0.0
midpoint,costed,2026-07-28,200.0,200.0,200.0,0.0,0.0
midpoint,costed,2026-07-29,200.0,200.0,200.0,0.0,0.0
midpoint,costed,2026-07-30,200.0,200.0,200.0,0.0,0.0
midpoint,costed,2026-07-31,200.0,200.0,200.0,0.0,0.0
midpoint,costed,2026-08-01,200.0,200.0,200.0,0.0,0.0
midpoint,costed,2026-08-02,200.0,200.0,200.0,0.0,0.0
midpoint,costed,2026-08-03,200.0,200.0,200.0,0.0,0.0
midpoint,costed,2026-08-04,200.0,200.0,200.0,0.0,0.0
midpoint,costed,2026-08-05,200.0,200.0,200.0,0.0,0.0
midpoint,costed,2026-08-06,200.0,200.0,200.0,0.0,0.0
midpoint,costed,2026-08-07,200.0,200.0,200.0,0.0,0.0
midpoint,costed,2026-08-08,200.0,200.0,200.0,0.0,0.0
midpoint,costed,2026-08-09,200.0,200.0,200.0,0.0,0.0
midpoint,costed,2026-08-10,200.0,200.0,200.0,0.0,0.0
midpoint,costed,2026-08-11,200.0,200.0,200.0,0.0,0.0
midpoint,costed,2026-08-12,200.0,200.0,200.0,0.0,0.0
midpoint,costed,2026-08-13,200.0,200.0,200.0,0.0,0.0
midpoint,costed,2026-08-14,200.0,200.0,200.0,0.0,0.0
midpoint,costed,2026-08-15,200.0,200.0,200.0,0.0,0.0
midpoint,costed,2026-08-16,200.0,200.0,200.0,0.0,0.0
midpoint,costed,2026-08-17,200.0,200.0,200.0,0.0,0.0
midpoint,costed,2026-08-18,200.0,200.0,200.0,0.0,0.0
midpoint,costed,2026-08-19,200.0,200.0,200.0,0.0,0.0
midpoint,costed,2026-08-20,200.0,200.0,200.0,0.0,0.0
midpoint,costed,2026-08-21,200.0,200.0,200.0,0.0,0.0
midpoint,costed,2026-08-22,200.0,200.0,200.0,0.0,0.0
midpoint,costed,2026-08-23,200.0,200.0,200.0,0.0,0.0
midpoint,costed,2026-08-24,200.0,200.0,200.0,0.0,0.0
midpoint,costed,2026-08-25,200.0,200.0,200.0,0.0,0.0
midpoint,costed,2026-08-26,200.0,200.0,200.0,0.0,0.0
midpoint,costed,2026-08-27,200.0,200.0,200.0,0.0,0.0
midpoint,costed,2026-08-28,200.0,200.0,200.0,0.0,0.0
midpoint,costed,2026-08-29,200.0,200.0,200.0,0.0,0.0
midpoint,costed,2026-08-30,200.0,200.0,200.0,0.0,0.0
midpoint,costed,2026-08-31,200.0,200.0,200.0,0.0,0.0
midpoint,costed,2026-09-01,200.0,200.0,200.0,0.0,0.0
midpoint,costed,2026-09-02,200.0,200.0,200.0,0.0,0.0
midpoint,costed,2026-09-03,200.0,200.0,200.0,0.0,0.0
midpoint,costed,2026-09-04,200.0,200.0,200.0,0.0,0.0
midpoint,costed,2026-09-05,200.0,200.0,200.0,0.0,0.0
midpoint,stress,2025-09-06,200.0,200.0,200.0,0.0,0.0
midpoint,stress,2025-09-07,200.0,200.0,200.0,0.0,0.0
midpoint,stress,2025-09-08,200.0,200.0,200.0,0.0,0.0
midpoint,stress,2025-09-09,200.0,200.0,200.0,0.0,0.0
midpoint,stress,2025-09-10,200.0,200.0,200.0,0.0,0.0
midpoint,stress,2025-09-11,200.0,200.0,200.0,0.0,0.0
midpoint,stress,2025-09-12,200.0,200.0,200.0,0.0,0.0
midpoint,stress,2025-09-13,200.0,200.0,200.0,0.0,0.0
midpoint,stress,2025-09-14,200.0,200.0,200.0,0.0,0.0
midpoint,stress,2025-09-15,200.0,200.0,200.0,0.0,0.0
midpoint,stress,2025-09-16,200.0,200.0,200.0,0.0,0.0
midpoint,stress,2025-09-17,200.0,200.0,200.0,0.0,0.0
midpoint,stress,2025-09-18,200.0,200.0,200.0,0.0,0.0
midpoint,stress,2025-09-19,200.0,200.0,200.0,0.0,0.0
midpoint,stress,2025-09-20,200.0,200.0,200.0,0.0,0.0
midpoint,stress,2025-09-21,200.0,200.0,200.0,0.0,0.0
midpoint,stress,2025-09-22,200.0,200.0,200.0,0.0,0.0
midpoint,stress,2025-09-23,200.0,200.0,200.0,0.0,0.0
midpoint,stress,2025-09-24,200.0,200.0,200.0,0.0,0.0
midpoint,stress,2025-09-25,200.0,200.0,200.0,0.0,0.0
midpoint,stress,2025-09-26,200.0,200.0,200.0,0.0,0.0
midpoint,stress,2025-09-27,200.0,200.0,200.0,0.0,0.0
midpoint,stress,2025-09-28,200.0,200.0,200.0,0.0,0.0
midpoint,stress,2025-09-29,200.0,200.0,200.0,0.0,0.0
midpoint,stress,2025-09-30,200.0,200.0,200.0,0.0,0.0
midpoint,stress,2025-10-01,200.0,200.0,200.0,0.0,0.0
midpoint,stress,2025-10-02,200.0,200.0,200.0,0.0,0.0
midpoint,stress,2025-10-03,200.0,200.0,200.0,0.0,0.0
midpoint,stress,2025-10-04,200.0,200.0,200.0,0.0,0.0
midpoint,stress,2025-10-05,200.0,200.0,200.0,0.0,0.0
midpoint,stress,2025-10-06,200.0,200.0,200.0,0.0,0.0
midpoint,stress,2025-10-07,200.0,200.0,200.0,0.0,0.0
midpoint,stress,2025-10-08,200.0,200.0,200.0,0.0,0.0
midpoint,stress,2025-10-09,200.0,200.0,200.0,0.0,0.0
midpoint,stress,2025-10-10,200.0,200.0,200.0,0.0,0.0
midpoint,stress,2025-10-11,200.0,200.0,200.0,0.0,0.0
midpoint,stress,2025-10-12,200.0,200.0,200.0,0.0,0.0
midpoint,stress,2025-10-13,200.0,200.0,200.0,0.0,0.0
midpoint,stress,2025-10-14,200.0,200.0,200.0,0.0,0.0
midpoint,stress,2025-10-15,200.0,200.0,200.0,0.0,0.0
midpoint,stress,2025-10-16,200.0,200.0,200.0,0.0,0.0
midpoint,stress,2025-10-17,200.0,200.0,200.0,0.0,0.0
midpoint,stress,2025-10-18,200.0,200.0,200.0,0.0,0.0
midpoint,stress,2025-10-19,200.0,200.0,200.0,0.0,0.0
midpoint,stress,2025-10-20,200.0,200.0,200.0,0.0,0.0
midpoint,stress,2025-10-21,200.0,200.0,200.0,0.0,0.0
midpoint,stress,2025-10-22,200.0,200.0,200.0,0.0,0.0
midpoint,stress,2025-10-23,200.0,200.0,200.0,0.0,0.0
midpoint,stress,2025-10-24,200.0,200.0,200.0,0.0,0.0
midpoint,stress,2025-10-25,200.0,200.0,200.0,0.0,0.0
midpoint,stress,2025-10-26,200.0,200.0,200.0,0.0,0.0
midpoint,stress,2025-10-27,200.0,200.0,200.0,0.0,0.0
midpoint,stress,2025-10-28,200.0,200.0,200.0,0.0,0.0
midpoint,stress,2025-10-29,200.0,200.0,200.0,0.0,0.0
midpoint,stress,2025-10-30,200.0,200.0,200.0,0.0,0.0
midpoint,stress,2025-10-31,200.0,200.0,200.0,0.0,0.0
midpoint,stress,2025-11-01,200.0,200.0,200.0,0.0,0.0
midpoint,stress,2025-11-02,200.0,200.0,200.0,0.0,0.0
midpoint,stress,2025-11-03,200.0,200.0,200.0,0.0,0.0
midpoint,stress,2025-11-04,200.0,200.0,200.0,0.0,0.0
midpoint,stress,2025-11-05,200.0,200.0,200.0,0.0,0.0
midpoint,stress,2025-11-06,200.0,200.0,200.0,0.0,0.0
midpoint,stress,2025-11-07,200.0,200.0,200.0,0.0,0.0
midpoint,stress,2025-11-08,200.0,200.0,200.0,0.0,0.0
midpoint,stress,2025-11-09,200.0,200.0,200.0,0.0,0.0
midpoint,stress,2025-11-10,200.0,200.0,200.0,0.0,0.0
midpoint,stress,2025-11-11,200.0,200.0,200.0,0.0,0.0
midpoint,stress,2025-11-12,200.0,200.0,200.0,0.0,0.0
midpoint,stress,2025-11-13,200.0,200.0,200.0,0.0,0.0
midpoint,stress,2025-11-14,200.0,200.0,200.0,0.0,0.0
midpoint,stress,2025-11-15,200.0,200.0,200.0,0.0,0.0
midpoint,stress,2025-11-16,200.0,200.0,200.0,0.0,0.0
midpoint,stress,2025-11-17,200.0,200.0,200.0,0.0,0.0
midpoint,stress,2025-11-18,200.0,200.0,200.0,0.0,0.0
midpoint,stress,2025-11-19,200.0,200.0,200.0,0.0,0.0
midpoint,stress,2025-11-20,200.0,200.0,200.0,0.0,0.0
midpoint,stress,2025-11-21,200.0,200.0,200.0,0.0,0.0
midpoint,stress,2025-11-22,200.0,200.0,200.0,0.0,0.0
midpoint,stress,2025-11-23,200.0,200.0,200.0,0.0,0.0
midpoint,stress,2025-11-24,200.0,200.0,200.0,0.0,0.0
midpoint,stress,2025-11-25,200.0,200.0,200.0,0.0,0.0
midpoint,stress,2025-11-26,200.0,200.0,200.0,0.0,0.0
midpoint,stress,2025-11-27,200.0,200.0,200.0,0.0,0.0
midpoint,stress,2025-11-28,200.0,200.0,200.0,0.0,0.0
midpoint,stress,2025-11-29,200.0,200.0,200.0,0.0,0.0
midpoint,stress,2025-11-30,200.0,200.0,200.0,0.0,0.0
midpoint,stress,2025-12-01,200.0,200.0,200.0,0.0,0.0
midpoint,stress,2025-12-02,200.0,200.0,200.0,0.0,0.0
midpoint,stress,2025-12-03,200.0,200.0,200.0,0.0,0.0
midpoint,stress,2025-12-04,200.0,200.0,200.0,0.0,0.0
midpoint,stress,2025-12-05,200.0,200.0,200.0,0.0,0.0
midpoint,stress,2025-12-06,200.0,200.0,200.0,0.0,0.0
midpoint,stress,2025-12-07,200.0,200.0,200.0,0.0,0.0
midpoint,stress,2025-12-08,200.0,200.0,200.0,0.0,0.0
midpoint,stress,2025-12-09,200.0,200.0,200.0,0.0,0.0
midpoint,stress,2025-12-10,200.0,200.0,200.0,0.0,0.0
midpoint,stress,2025-12-11,200.0,200.0,200.0,0.0,0.0
midpoint,stress,2025-12-12,200.0,200.0,200.0,0.0,0.0
midpoint,stress,2025-12-13,200.0,200.0,200.0,0.0,0.0
midpoint,stress,2025-12-14,200.0,200.0,200.0,0.0,0.0
midpoint,stress,2025-12-15,200.0,200.0,200.0,0.0,0.0
midpoint,stress,2025-12-16,200.0,200.0,200.0,0.0,0.0
midpoint,stress,2025-12-17,200.0,200.0,200.0,0.0,0.0
midpoint,stress,2025-12-18,200.0,200.0,200.0,0.0,0.0
midpoint,stress,2025-12-19,200.0,200.0,200.0,0.0,0.0
midpoint,stress,2025-12-20,200.0,200.0,200.0,0.0,0.0
midpoint,stress,2025-12-21,200.0,200.0,200.0,0.0,0.0
midpoint,stress,2025-12-22,200.0,200.0,200.0,0.0,0.0
midpoint,stress,2025-12-23,200.0,200.0,200.0,0.0,0.0
midpoint,stress,2025-12-24,200.0,200.0,200.0,0.0,0.0
midpoint,stress,2025-12-25,200.0,200.0,200.0,0.0,0.0
midpoint,stress,2025-12-26,200.0,200.0,200.0,0.0,0.0
midpoint,stress,2025-12-27,200.0,200.0,200.0,0.0,0.0
midpoint,stress,2025-12-28,200.0,200.0,200.0,0.0,0.0
midpoint,stress,2025-12-29,200.0,200.0,200.0,0.0,0.0
midpoint,stress,2025-12-30,200.0,200.0,200.0,0.0,0.0
midpoint,stress,2025-12-31,200.0,200.0,200.0,0.0,0.0
midpoint,stress,2026-01-01,200.0,200.0,200.0,0.0,0.0
midpoint,stress,2026-01-02,200.0,200.0,200.0,0.0,0.0
midpoint,stress,2026-01-03,200.0,200.0,200.0,0.0,0.0
midpoint,stress,2026-01-04,200.0,200.0,200.0,0.0,0.0
midpoint,stress,2026-01-05,200.0,200.0,200.0,0.0,0.0
midpoint,stress,2026-01-06,200.0,200.0,200.0,0.0,0.0
midpoint,stress,2026-01-07,200.0,200.0,200.0,0.0,0.0
midpoint,stress,2026-01-08,200.0,200.0,200.0,0.0,0.0
midpoint,stress,2026-01-09,200.0,200.0,200.0,0.0,0.0
midpoint,stress,2026-01-10,200.0,200.0,200.0,0.0,0.0
midpoint,stress,2026-01-11,200.0,200.0,200.0,0.0,0.0
midpoint,stress,2026-01-12,200.0,200.0,200.0,0.0,0.0
midpoint,stress,2026-01-13,200.0,200.0,200.0,0.0,0.0
midpoint,stress,2026-01-14,200.0,200.0,200.0,0.0,0.0
midpoint,stress,2026-01-15,200.0,200.0,200.0,0.0,0.0
midpoint,stress,2026-01-16,200.0,200.0,200.0,0.0,0.0
midpoint,stress,2026-01-17,200.0,200.0,200.0,0.0,0.0
midpoint,stress,2026-01-18,200.0,200.0,200.0,0.0,0.0
midpoint,stress,2026-01-19,200.0,200.0,200.0,0.0,0.0
midpoint,stress,2026-01-20,200.0,200.0,200.0,0.0,0.0
midpoint,stress,2026-01-21,200.0,200.0,200.0,0.0,0.0
midpoint,stress,2026-01-22,200.0,200.0,200.0,0.0,0.0
midpoint,stress,2026-01-23,200.0,200.0,200.0,0.0,0.0
midpoint,stress,2026-01-24,200.0,200.0,200.0,0.0,0.0
midpoint,stress,2026-01-25,200.0,200.0,200.0,0.0,0.0
midpoint,stress,2026-01-26,200.0,200.0,200.0,0.0,0.0
midpoint,stress,2026-01-27,200.0,200.0,200.0,0.0,0.0
midpoint,stress,2026-01-28,200.0,200.0,200.0,0.0,0.0
midpoint,stress,2026-01-29,200.0,200.0,200.0,0.0,0.0
midpoint,stress,2026-01-30,200.0,200.0,200.0,0.0,0.0
midpoint,stress,2026-01-31,200.0,200.0,200.0,0.0,0.0
midpoint,stress,2026-02-01,200.0,200.0,200.0,0.0,0.0
midpoint,stress,2026-02-02,200.0,200.0,200.0,0.0,0.0
midpoint,stress,2026-02-03,200.0,200.0,200.0,0.0,0.0
midpoint,stress,2026-02-04,200.0,200.0,200.0,0.0,0.0
midpoint,stress,2026-02-05,200.0,200.0,200.0,0.0,0.0
midpoint,stress,2026-02-06,200.0,200.0,200.0,0.0,0.0
midpoint,stress,2026-02-07,200.0,200.0,200.0,0.0,0.0
midpoint,stress,2026-02-08,200.0,200.0,200.0,0.0,0.0
midpoint,stress,2026-02-09,200.0,200.0,200.0,0.0,0.0
midpoint,stress,2026-02-10,200.0,200.0,200.0,0.0,0.0
midpoint,stress,2026-02-11,200.0,200.0,200.0,0.0,0.0
midpoint,stress,2026-02-12,200.0,200.0,200.0,0.0,0.0
midpoint,stress,2026-02-13,200.0,200.0,200.0,0.0,0.0
midpoint,stress,2026-02-14,200.0,200.0,200.0,0.0,0.0
midpoint,stress,2026-02-15,200.0,200.0,200.0,0.0,0.0
midpoint,stress,2026-02-16,200.0,200.0,200.0,0.0,0.0
midpoint,stress,2026-02-17,200.0,200.0,200.0,0.0,0.0
midpoint,stress,2026-02-18,200.0,200.0,200.0,0.0,0.0
midpoint,stress,2026-02-19,200.0,200.0,200.0,0.0,0.0
midpoint,stress,2026-02-20,200.0,200.0,200.0,0.0,0.0
midpoint,stress,2026-02-21,200.0,200.0,200.0,0.0,0.0
midpoint,stress,2026-02-22,200.0,200.0,200.0,0.0,0.0
midpoint,stress,2026-02-23,200.0,200.0,200.0,0.0,0.0
midpoint,stress,2026-02-24,200.0,200.0,200.0,0.0,0.0
midpoint,stress,2026-02-25,200.0,200.0,200.0,0.0,0.0
midpoint,stress,2026-02-26,200.0,200.0,200.0,0.0,0.0
midpoint,stress,2026-02-27,200.0,200.0,200.0,0.0,0.0
midpoint,stress,2026-02-28,200.0,200.0,200.0,0.0,0.0
midpoint,stress,2026-03-01,200.0,200.0,200.0,0.0,0.0
midpoint,stress,2026-03-02,200.0,200.0,200.0,0.0,0.0
midpoint,stress,2026-03-03,200.0,200.0,200.0,0.0,0.0
midpoint,stress,2026-03-04,200.0,200.0,200.0,0.0,0.0
midpoint,stress,2026-03-05,200.0,200.0,200.0,0.0,0.0
midpoint,stress,2026-03-06,200.0,200.0,200.0,0.0,0.0
midpoint,stress,2026-03-07,200.0,200.0,200.0,0.0,0.0
midpoint,stress,2026-03-08,200.0,200.0,200.0,0.0,0.0
midpoint,stress,2026-03-09,200.0,200.0,200.0,0.0,0.0
midpoint,stress,2026-03-10,200.0,200.0,200.0,0.0,0.0
midpoint,stress,2026-03-11,200.0,200.0,200.0,0.0,0.0
midpoint,stress,2026-03-12,200.0,200.0,200.0,0.0,0.0
midpoint,stress,2026-03-13,200.0,200.0,200.0,0.0,0.0
midpoint,stress,2026-03-14,200.0,200.0,200.0,0.0,0.0
midpoint,stress,2026-03-15,200.0,200.0,200.0,0.0,0.0
midpoint,stress,2026-03-16,200.0,200.0,200.0,0.0,0.0
midpoint,stress,2026-03-17,200.0,200.0,200.0,0.0,0.0
midpoint,stress,2026-03-18,200.0,200.0,200.0,0.0,0.0
midpoint,stress,2026-03-19,200.0,200.0,200.0,0.0,0.0
midpoint,stress,2026-03-20,200.0,200.0,200.0,0.0,0.0
midpoint,stress,2026-03-21,200.0,200.0,200.0,0.0,0.0
midpoint,stress,2026-03-22,200.0,200.0,200.0,0.0,0.0
midpoint,stress,2026-03-23,200.0,200.0,200.0,0.0,0.0
midpoint,stress,2026-03-24,200.0,200.0,200.0,0.0,0.0
midpoint,stress,2026-03-25,200.0,200.0,200.0,0.0,0.0
midpoint,stress,2026-03-26,200.0,200.0,200.0,0.0,0.0
midpoint,stress,2026-03-27,200.0,200.0,200.0,0.0,0.0
midpoint,stress,2026-03-28,200.0,200.0,200.0,0.0,0.0
midpoint,stress,2026-03-29,200.0,200.0,200.0,0.0,0.0
midpoint,stress,2026-03-30,200.0,200.0,200.0,0.0,0.0
midpoint,stress,2026-03-31,200.0,200.0,200.0,0.0,0.0
midpoint,stress,2026-04-01,200.0,200.0,200.0,0.0,0.0
midpoint,stress,2026-04-02,200.0,200.0,200.0,0.0,0.0
midpoint,stress,2026-04-03,200.0,200.0,200.0,0.0,0.0
midpoint,stress,2026-04-04,200.0,200.0,200.0,0.0,0.0
midpoint,stress,2026-04-05,200.0,200.0,200.0,0.0,0.0
midpoint,stress,2026-04-06,200.0,200.0,200.0,0.0,0.0
midpoint,stress,2026-04-07,200.0,200.0,200.0,0.0,0.0
midpoint,stress,2026-04-08,200.0,200.0,200.0,0.0,0.0
midpoint,stress,2026-04-09,200.0,200.0,200.0,0.0,0.0
midpoint,stress,2026-04-10,200.0,200.0,200.0,0.0,0.0
midpoint,stress,2026-04-11,200.0,200.0,200.0,0.0,0.0
midpoint,stress,2026-04-12,200.0,200.0,200.0,0.0,0.0
midpoint,stress,2026-04-13,200.0,200.0,200.0,0.0,0.0
midpoint,stress,2026-04-14,200.0,200.0,200.0,0.0,0.0
midpoint,stress,2026-04-15,200.0,200.0,200.0,0.0,0.0
midpoint,stress,2026-04-16,200.0,200.0,200.0,0.0,0.0
midpoint,stress,2026-04-17,200.0,200.0,200.0,0.0,0.0
midpoint,stress,2026-04-18,200.0,200.0,200.0,0.0,0.0
midpoint,stress,2026-04-19,200.0,200.0,200.0,0.0,0.0
midpoint,stress,2026-04-20,200.0,200.0,200.0,0.0,0.0
midpoint,stress,2026-04-21,200.0,200.0,200.0,0.0,0.0
midpoint,stress,2026-04-22,200.0,200.0,200.0,0.0,0.0
midpoint,stress,2026-04-23,200.0,200.0,200.0,0.0,0.0
midpoint,stress,2026-04-24,200.0,200.0,200.0,0.0,0.0
midpoint,stress,2026-04-25,200.0,200.0,200.0,0.0,0.0
midpoint,stress,2026-04-26,200.0,200.0,200.0,0.0,0.0
midpoint,stress,2026-04-27,200.0,200.0,200.0,0.0,0.0
midpoint,stress,2026-04-28,200.0,200.0,200.0,0.0,0.0
midpoint,stress,2026-04-29,200.0,200.0,200.0,0.0,0.0
midpoint,stress,2026-04-30,200.0,200.0,200.0,0.0,0.0
midpoint,stress,2026-05-01,200.0,200.0,200.0,0.0,0.0
midpoint,stress,2026-05-02,200.0,200.0,200.0,0.0,0.0
midpoint,stress,2026-05-03,200.0,200.0,200.0,0.0,0.0
midpoint,stress,2026-05-04,200.0,200.0,200.0,0.0,0.0
midpoint,stress,2026-05-05,200.0,200.0,200.0,0.0,0.0
midpoint,stress,2026-05-06,200.0,200.0,200.0,0.0,0.0
midpoint,stress,2026-05-07,200.0,200.0,200.0,0.0,0.0
midpoint,stress,2026-05-08,200.0,200.0,200.0,0.0,0.0
midpoint,stress,2026-05-09,200.0,200.0,200.0,0.0,0.0
midpoint,stress,2026-05-10,200.0,200.0,200.0,0.0,0.0
midpoint,stress,2026-05-11,200.0,200.0,200.0,0.0,0.0
midpoint,stress,2026-05-12,200.0,200.0,200.0,0.0,0.0
midpoint,stress,2026-05-13,200.0,200.0,200.0,0.0,0.0
midpoint,stress,2026-05-14,200.0,200.0,200.0,0.0,0.0
midpoint,stress,2026-05-15,200.0,200.0,200.0,0.0,0.0
midpoint,stress,2026-05-16,200.0,200.0,200.0,0.0,0.0
midpoint,stress,2026-05-17,200.0,200.0,200.0,0.0,0.0
midpoint,stress,2026-05-18,200.0,200.0,200.0,0.0,0.0
midpoint,stress,2026-05-19,200.0,200.0,200.0,0.0,0.0
midpoint,stress,2026-05-20,200.0,200.0,200.0,0.0,0.0
midpoint,stress,2026-05-21,200.0,200.0,200.0,0.0,0.0
midpoint,stress,2026-05-22,200.0,200.0,200.0,0.0,0.0
midpoint,stress,2026-05-23,200.0,200.0,200.0,0.0,0.0
midpoint,stress,2026-05-24,200.0,200.0,200.0,0.0,0.0
midpoint,stress,2026-05-25,200.0,200.0,200.0,0.0,0.0
midpoint,stress,2026-05-26,200.0,200.0,200.0,0.0,0.0
midpoint,stress,2026-05-27,200.0,200.0,200.0,0.0,0.0
midpoint,stress,2026-05-28,200.0,200.0,200.0,0.0,0.0
midpoint,stress,2026-05-29,200.0,200.0,200.0,0.0,0.0
midpoint,stress,2026-05-30,200.0,200.0,200.0,0.0,0.0
midpoint,stress,2026-05-31,200.0,200.0,200.0,0.0,0.0
midpoint,stress,2026-06-01,200.0,200.0,200.0,0.0,0.0
midpoint,stress,2026-06-02,200.0,200.0,200.0,0.0,0.0
midpoint,stress,2026-06-03,200.0,200.0,200.0,0.0,0.0
midpoint,stress,2026-06-04,200.0,200.0,200.0,0.0,0.0
midpoint,stress,2026-06-05,200.0,200.0,200.0,0.0,0.0
midpoint,stress,2026-06-06,200.0,200.0,200.0,0.0,0.0
midpoint,stress,2026-06-07,200.0,200.0,200.0,0.0,0.0
midpoint,stress,2026-06-08,200.0,200.0,200.0,0.0,0.0
midpoint,stress,2026-06-09,200.0,200.0,200.0,0.0,0.0
midpoint,stress,2026-06-10,200.0,200.0,200.0,0.0,0.0
midpoint,stress,2026-06-11,200.0,200.0,200.0,0.0,0.0
midpoint,stress,2026-06-12,200.0,200.0,200.0,0.0,0.0
midpoint,stress,2026-06-13,200.0,200.0,200.0,0.0,0.0
midpoint,stress,2026-06-14,200.0,200.0,200.0,0.0,0.0
midpoint,stress,2026-06-15,200.0,200.0,200.0,0.0,0.0
midpoint,stress,2026-06-16,200.0,200.0,200.0,0.0,0.0
midpoint,stress,2026-06-17,200.0,200.0,200.0,0.0,0.0
midpoint,stress,2026-06-18,200.0,200.0,200.0,0.0,0.0
midpoint,stress,2026-06-19,200.0,200.0,200.0,0.0,0.0
midpoint,stress,2026-06-20,200.0,200.0,200.0,0.0,0.0
midpoint,stress,2026-06-21,200.0,200.0,200.0,0.0,0.0
midpoint,stress,2026-06-22,200.0,200.0,200.0,0.0,0.0
midpoint,stress,2026-06-23,200.0,200.0,200.0,0.0,0.0
midpoint,stress,2026-06-24,200.0,200.0,200.0,0.0,0.0
midpoint,stress,2026-06-25,200.0,200.0,200.0,0.0,0.0
midpoint,stress,2026-06-26,200.0,200.0,200.0,0.0,0.0
midpoint,stress,2026-06-27,200.0,200.0,200.0,0.0,0.0
midpoint,stress,2026-06-28,200.0,200.0,200.0,0.0,0.0
midpoint,stress,2026-06-29,200.0,200.0,200.0,0.0,0.0
midpoint,stress,2026-06-30,200.0,200.0,200.0,0.0,0.0
midpoint,stress,2026-07-01,200.0,200.0,200.0,0.0,0.0
midpoint,stress,2026-07-02,200.0,200.0,200.0,0.0,0.0
midpoint,stress,2026-07-03,200.0,200.0,200.0,0.0,0.0
midpoint,stress,2026-07-04,200.0,200.0,200.0,0.0,0.0
midpoint,stress,2026-07-05,200.0,200.0,200.0,0.0,0.0
midpoint,stress,2026-07-06,200.0,200.0,200.0,0.0,0.0
midpoint,stress,2026-07-07,200.0,200.0,200.0,0.0,0.0
midpoint,stress,2026-07-08,200.0,200.0,200.0,0.0,0.0
midpoint,stress,2026-07-09,200.0,200.0,200.0,0.0,0.0
midpoint,stress,2026-07-10,200.0,200.0,200.0,0.0,0.0
midpoint,stress,2026-07-11,200.0,200.0,200.0,0.0,0.0
midpoint,stress,2026-07-12,200.0,200.0,200.0,0.0,0.0
midpoint,stress,2026-07-13,200.0,200.0,200.0,0.0,0.0
midpoint,stress,2026-07-14,200.0,200.0,200.0,0.0,0.0
midpoint,stress,2026-07-15,200.0,200.0,200.0,0.0,0.0
midpoint,stress,2026-07-16,200.0,200.0,200.0,0.0,0.0
midpoint,stress,2026-07-17,200.0,200.0,200.0,0.0,0.0
midpoint,stress,2026-07-18,200.0,200.0,200.0,0.0,0.0
midpoint,stress,2026-07-19,200.0,200.0,200.0,0.0,0.0
midpoint,stress,2026-07-20,200.0,200.0,200.0,0.0,0.0
midpoint,stress,2026-07-21,200.0,200.0,200.0,0.0,0.0
midpoint,stress,2026-07-22,200.0,200.0,200.0,0.0,0.0
midpoint,stress,2026-07-23,200.0,200.0,200.0,0.0,0.0
midpoint,stress,2026-07-24,200.0,200.0,200.0,0.0,0.0
midpoint,stress,2026-07-25,200.0,200.0,200.0,0.0,0.0
midpoint,stress,2026-07-26,200.0,200.0,200.0,0.0,0.0
midpoint,stress,2026-07-27,200.0,200.0,200.0,0.0,0.0
midpoint,stress,2026-07-28,200.0,200.0,200.0,0.0,0.0
midpoint,stress,2026-07-29,200.0,200.0,200.0,0.0,0.0
midpoint,stress,2026-07-30,200.0,200.0,200.0,0.0,0.0
midpoint,stress,2026-07-31,200.0,200.0,200.0,0.0,0.0
midpoint,stress,2026-08-01,200.0,200.0,200.0,0.0,0.0
midpoint,stress,2026-08-02,200.0,200.0,200.0,0.0,0.0
midpoint,stress,2026-08-03,200.0,200.0,200.0,0.0,0.0
midpoint,stress,2026-08-04,200.0,200.0,200.0,0.0,0.0
midpoint,stress,2026-08-05,200.0,200.0,200.0,0.0,0.0
midpoint,stress,2026-08-06,200.0,200.0,200.0,0.0,0.0
midpoint,stress,2026-08-07,200.0,200.0,200.0,0.0,0.0
midpoint,stress,2026-08-08,200.0,200.0,200.0,0.0,0.0
midpoint,stress,2026-08-09,200.0,200.0,200.0,0.0,0.0
midpoint,stress,2026-08-10,200.0,200.0,200.0,0.0,0.0
midpoint,stress,2026-08-11,200.0,200.0,200.0,0.0,0.0
midpoint,stress,2026-08-12,200.0,200.0,200.0,0.0,0.0
midpoint,stress,2026-08-13,200.0,200.0,200.0,0.0,0.0
midpoint,stress,2026-08-14,200.0,200.0,200.0,0.0,0.0
midpoint,stress,2026-08-15,200.0,200.0,200.0,0.0,0.0
midpoint,stress,2026-08-16,200.0,200.0,200.0,0.0,0.0
midpoint,stress,2026-08-17,200.0,200.0,200.0,0.0,0.0
midpoint,stress,2026-08-18,200.0,200.0,200.0,0.0,0.0
midpoint,stress,2026-08-19,200.0,200.0,200.0,0.0,0.0
midpoint,stress,2026-08-20,200.0,200.0,200.0,0.0,0.0
midpoint,stress,2026-08-21,200.0,200.0,200.0,0.0,0.0
midpoint,stress,2026-08-22,200.0,200.0,200.0,0.0,0.0
midpoint,stress,2026-08-23,200.0,200.0,200.0,0.0,0.0
midpoint,stress,2026-08-24,200.0,200.0,200.0,0.0,0.0
midpoint,stress,2026-08-25,200.0,200.0,200.0,0.0,0.0
midpoint,stress,2026-08-26,200.0,200.0,200.0,0.0,0.0
midpoint,stress,2026-08-27,200.0,200.0,200.0,0.0,0.0
midpoint,stress,2026-08-28,200.0,200.0,200.0,0.0,0.0
midpoint,stress,2026-08-29,200.0,200.0,200.0,0.0,0.0
midpoint,stress,2026-08-30,200.0,200.0,200.0,0.0,0.0
midpoint,stress,2026-08-31,200.0,200.0,200.0,0.0,0.0
midpoint,stress,2026-09-01,200.0,200.0,200.0,0.0,0.0
midpoint,stress,2026-09-02,200.0,200.0,200.0,0.0,0.0
midpoint,stress,2026-09-03,200.0,200.0,200.0,0.0,0.0
midpoint,stress,2026-09-04,200.0,200.0,200.0,0.0,0.0
midpoint,stress,2026-09-05,200.0,200.0,200.0,0.0,0.0
logistic_offset,costed,2025-09-06,200.0,200.0,200.0,0.0,0.0
logistic_offset,costed,2025-09-07,200.0,200.0,200.0,0.0,0.0
logistic_offset,costed,2025-09-08,200.0,200.0,200.0,0.0,0.0
logistic_offset,costed,2025-09-09,200.0,200.0,200.0,0.0,0.0
logistic_offset,costed,2025-09-10,200.0,200.0,200.0,0.0,0.0
logistic_offset,costed,2025-09-11,200.0,200.0,200.0,0.0,0.0
logistic_offset,costed,2025-09-12,200.0,200.0,200.0,0.0,0.0
logistic_offset,costed,2025-09-13,200.0,200.0,200.0,0.0,0.0
logistic_offset,costed,2025-09-14,200.0,200.0,200.0,0.0,0.0
logistic_offset,costed,2025-09-15,200.0,200.0,200.0,0.0,0.0
logistic_offset,costed,2025-09-16,200.0,200.0,200.0,0.0,0.0
logistic_offset,costed,2025-09-17,200.0,200.0,200.0,0.0,0.0
logistic_offset,costed,2025-09-18,200.0,200.0,200.0,0.0,0.0
logistic_offset,costed,2025-09-19,200.0,200.0,200.0,0.0,0.0
logistic_offset,costed,2025-09-20,200.0,200.0,200.0,0.0,0.0
logistic_offset,costed,2025-09-21,200.0,200.0,200.0,0.0,0.0
logistic_offset,costed,2025-09-22,200.0,200.0,200.0,0.0,0.0
logistic_offset,costed,2025-09-23,200.0,200.0,200.0,0.0,0.0
logistic_offset,costed,2025-09-24,200.0,200.0,200.0,0.0,0.0
logistic_offset,costed,2025-09-25,200.0,200.0,200.0,0.0,0.0
logistic_offset,costed,2025-09-26,200.0,200.0,200.0,0.0,0.0
logistic_offset,costed,2025-09-27,200.0,200.0,200.0,0.0,0.0
logistic_offset,costed,2025-09-28,200.0,200.0,200.0,0.0,0.0
logistic_offset,costed,2025-09-29,200.0,200.0,200.0,0.0,0.0
logistic_offset,costed,2025-09-30,200.0,200.0,200.0,0.0,0.0
logistic_offset,costed,2025-10-01,200.0,200.0,200.0,0.0,0.0
logistic_offset,costed,2025-10-02,200.0,200.0,200.0,0.0,0.0
logistic_offset,costed,2025-10-03,200.0,200.0,200.0,0.0,0.0
logistic_offset,costed,2025-10-04,200.0,200.0,200.0,0.0,0.0
logistic_offset,costed,2025-10-05,200.0,200.0,200.0,0.0,0.0
logistic_offset,costed,2025-10-06,200.0,200.0,200.0,0.0,0.0
logistic_offset,costed,2025-10-07,200.0,200.0,200.0,0.0,0.0
logistic_offset,costed,2025-10-08,200.0,200.0,200.0,0.0,0.0
logistic_offset,costed,2025-10-09,200.0,200.0,200.0,0.0,0.0
logistic_offset,costed,2025-10-10,200.0,200.0,200.0,0.0,0.0
logistic_offset,costed,2025-10-11,200.0,200.0,200.0,0.0,0.0
logistic_offset,costed,2025-10-12,200.0,200.0,200.0,0.0,0.0
logistic_offset,costed,2025-10-13,200.0,200.0,200.0,0.0,0.0
logistic_offset,costed,2025-10-14,200.0,200.0,200.0,0.0,0.0
logistic_offset,costed,2025-10-15,200.0,200.0,200.0,0.0,0.0
logistic_offset,costed,2025-10-16,200.0,200.0,200.0,0.0,0.0
logistic_offset,costed,2025-10-17,200.0,200.0,200.0,0.0,0.0
logistic_offset,costed,2025-10-18,200.0,200.0,200.0,0.0,0.0
logistic_offset,costed,2025-10-19,200.0,200.0,200.0,0.0,0.0
logistic_offset,costed,2025-10-20,200.0,200.0,200.0,0.0,0.0
logistic_offset,costed,2025-10-21,200.0,200.0,200.0,0.0,0.0
logistic_offset,costed,2025-10-22,200.0,200.0,200.0,0.0,0.0
logistic_offset,costed,2025-10-23,200.0,200.0,200.0,0.0,0.0
logistic_offset,costed,2025-10-24,200.0,200.0,200.0,0.0,0.0
logistic_offset,costed,2025-10-25,200.0,200.0,200.0,0.0,0.0
logistic_offset,costed,2025-10-26,200.0,200.0,200.0,0.0,0.0
logistic_offset,costed,2025-10-27,200.0,200.0,200.0,0.0,0.0
logistic_offset,costed,2025-10-28,200.0,200.0,200.0,0.0,0.0
logistic_offset,costed,2025-10-29,200.0,200.0,200.0,0.0,0.0
logistic_offset,costed,2025-10-30,200.0,200.0,200.0,0.0,0.0
logistic_offset,costed,2025-10-31,200.0,200.0,200.0,0.0,0.0
logistic_offset,costed,2025-11-01,200.0,200.0,200.0,0.0,0.0
logistic_offset,costed,2025-11-02,200.0,200.0,200.0,0.0,0.0
logistic_offset,costed,2025-11-03,200.0,200.0,200.0,0.0,0.0
logistic_offset,costed,2025-11-04,200.0,200.0,200.0,0.0,0.0
logistic_offset,costed,2025-11-05,200.0,200.0,200.0,0.0,0.0
logistic_offset,costed,2025-11-06,200.0,200.0,200.0,0.0,0.0
logistic_offset,costed,2025-11-07,200.0,200.0,200.0,0.0,0.0
logistic_offset,costed,2025-11-08,200.0,200.0,200.0,0.0,0.0
logistic_offset,costed,2025-11-09,200.0,200.0,200.0,0.0,0.0
logistic_offset,costed,2025-11-10,200.0,200.0,200.0,0.0,0.0
logistic_offset,costed,2025-11-11,200.0,200.0,200.0,0.0,0.0
logistic_offset,costed,2025-11-12,200.0,200.0,200.0,0.0,0.0
logistic_offset,costed,2025-11-13,200.0,200.0,200.0,0.0,0.0
logistic_offset,costed,2025-11-14,200.0,200.0,200.0,0.0,0.0
logistic_offset,costed,2025-11-15,200.0,200.0,200.0,0.0,0.0
logistic_offset,costed,2025-11-16,200.0,200.0,200.0,0.0,0.0
logistic_offset,costed,2025-11-17,200.0,200.0,200.0,0.0,0.0
logistic_offset,costed,2025-11-18,200.0,200.0,200.0,0.0,0.0
logistic_offset,costed,2025-11-19,200.0,200.0,200.0,0.0,0.0
logistic_offset,costed,2025-11-20,200.0,200.0,200.0,0.0,0.0
logistic_offset,costed,2025-11-21,200.0,200.0,200.0,0.0,0.0
logistic_offset,costed,2025-11-22,200.0,200.0,200.0,0.0,0.0
logistic_offset,costed,2025-11-23,200.0,200.0,200.0,0.0,0.0
logistic_offset,costed,2025-11-24,200.0,200.0,200.0,0.0,0.0
logistic_offset,costed,2025-11-25,200.0,200.0,200.0,0.0,0.0
logistic_offset,costed,2025-11-26,200.0,200.0,200.0,0.0,0.0
logistic_offset,costed,2025-11-27,200.0,200.0,200.0,0.0,0.0
logistic_offset,costed,2025-11-28,200.0,200.0,200.0,0.0,0.0
logistic_offset,costed,2025-11-29,200.0,200.0,200.0,0.0,0.0
logistic_offset,costed,2025-11-30,200.0,200.0,200.0,0.0,0.0
logistic_offset,costed,2025-12-01,200.0,200.0,200.0,0.0,0.0
logistic_offset,costed,2025-12-02,200.0,200.0,200.0,0.0,0.0
logistic_offset,costed,2025-12-03,200.0,200.0,200.0,0.0,0.0
logistic_offset,costed,2025-12-04,200.0,200.0,200.0,0.0,0.0
logistic_offset,costed,2025-12-05,200.0,200.0,200.0,0.0,0.0
logistic_offset,costed,2025-12-06,200.0,200.0,200.0,0.0,0.0
logistic_offset,costed,2025-12-07,200.0,200.0,200.0,0.0,0.0
logistic_offset,costed,2025-12-08,200.0,200.0,200.0,0.0,0.0
logistic_offset,costed,2025-12-09,200.0,200.0,200.0,0.0,0.0
logistic_offset,costed,2025-12-10,200.0,200.0,200.0,0.0,0.0
logistic_offset,costed,2025-12-11,200.0,200.0,200.0,0.0,0.0
logistic_offset,costed,2025-12-12,200.0,200.0,200.0,0.0,0.0
logistic_offset,costed,2025-12-13,200.0,200.0,200.0,0.0,0.0
logistic_offset,costed,2025-12-14,200.0,200.0,200.0,0.0,0.0
logistic_offset,costed,2025-12-15,200.0,200.0,200.0,0.0,0.0
logistic_offset,costed,2025-12-16,200.0,200.0,200.0,0.0,0.0
logistic_offset,costed,2025-12-17,200.0,200.0,200.0,0.0,0.0
logistic_offset,costed,2025-12-18,200.0,200.0,200.0,0.0,0.0
logistic_offset,costed,2025-12-19,200.0,200.0,200.0,0.0,0.0
logistic_offset,costed,2025-12-20,200.0,200.0,200.0,0.0,0.0
logistic_offset,costed,2025-12-21,200.0,200.0,200.0,0.0,0.0
logistic_offset,costed,2025-12-22,200.0,200.0,200.0,0.0,0.0
logistic_offset,costed,2025-12-23,200.0,200.0,200.0,0.0,0.0
logistic_offset,costed,2025-12-24,200.0,200.0,200.0,0.0,0.0
logistic_offset,costed,2025-12-25,200.0,200.0,200.0,0.0,0.0
logistic_offset,costed,2025-12-26,200.0,200.0,200.0,0.0,0.0
logistic_offset,costed,2025-12-27,200.0,200.0,200.0,0.0,0.0
logistic_offset,costed,2025-12-28,200.0,200.0,200.0,0.0,0.0
logistic_offset,costed,2025-12-29,200.0,200.0,200.0,0.0,0.0
logistic_offset,costed,2025-12-30,200.0,200.0,200.0,0.0,0.0
logistic_offset,costed,2025-12-31,200.0,200.0,200.0,0.0,0.0
logistic_offset,costed,2026-01-01,200.0,200.0,200.0,0.0,0.0
logistic_offset,costed,2026-01-02,200.0,200.0,200.0,0.0,0.0
logistic_offset,costed,2026-01-03,200.0,200.0,200.0,0.0,0.0
logistic_offset,costed,2026-01-04,200.0,200.0,200.0,0.0,0.0
logistic_offset,costed,2026-01-05,200.0,200.0,200.0,0.0,0.0
logistic_offset,costed,2026-01-06,200.0,200.0,200.0,0.0,0.0
logistic_offset,costed,2026-01-07,200.0,200.0,200.0,0.0,0.0
logistic_offset,costed,2026-01-08,200.0,200.0,200.0,0.0,0.0
logistic_offset,costed,2026-01-09,200.0,200.0,200.0,0.0,0.0
logistic_offset,costed,2026-01-10,200.0,200.0,200.0,0.0,0.0
logistic_offset,costed,2026-01-11,200.0,200.0,200.0,0.0,0.0
logistic_offset,costed,2026-01-12,200.0,200.0,200.0,0.0,0.0
logistic_offset,costed,2026-01-13,200.0,200.0,200.0,0.0,0.0
logistic_offset,costed,2026-01-14,200.0,200.0,200.0,0.0,0.0
logistic_offset,costed,2026-01-15,200.0,200.0,200.0,0.0,0.0
logistic_offset,costed,2026-01-16,200.0,200.0,200.0,0.0,0.0
logistic_offset,costed,2026-01-17,200.0,200.0,200.0,0.0,0.0
logistic_offset,costed,2026-01-18,200.0,200.0,200.0,0.0,0.0
logistic_offset,costed,2026-01-19,200.0,200.0,200.0,0.0,0.0
logistic_offset,costed,2026-01-20,200.0,200.0,200.0,0.0,0.0
logistic_offset,costed,2026-01-21,200.0,200.0,200.0,0.0,0.0
logistic_offset,costed,2026-01-22,200.0,200.0,200.0,0.0,0.0
logistic_offset,costed,2026-01-23,200.0,200.0,200.0,0.0,0.0
logistic_offset,costed,2026-01-24,200.0,200.0,200.0,0.0,0.0
logistic_offset,costed,2026-01-25,200.0,200.0,200.0,0.0,0.0
logistic_offset,costed,2026-01-26,200.0,200.0,200.0,0.0,0.0
logistic_offset,costed,2026-01-27,200.0,200.0,200.0,0.0,0.0
logistic_offset,costed,2026-01-28,200.0,200.0,200.0,0.0,0.0
logistic_offset,costed,2026-01-29,200.0,200.0,200.0,0.0,0.0
logistic_offset,costed,2026-01-30,200.0,200.0,200.0,0.0,0.0
logistic_offset,costed,2026-01-31,200.0,200.0,200.0,0.0,0.0
logistic_offset,costed,2026-02-01,200.0,200.0,200.0,0.0,0.0
logistic_offset,costed,2026-02-02,200.0,200.0,200.0,0.0,0.0
logistic_offset,costed,2026-02-03,200.0,200.0,200.0,0.0,0.0
logistic_offset,costed,2026-02-04,200.0,200.0,200.0,0.0,0.0
logistic_offset,costed,2026-02-05,200.0,200.0,200.0,0.0,0.0
logistic_offset,costed,2026-02-06,200.0,200.0,200.0,0.0,0.0
logistic_offset,costed,2026-02-07,200.0,200.0,200.0,0.0,0.0
logistic_offset,costed,2026-02-08,200.0,200.0,200.0,0.0,0.0
logistic_offset,costed,2026-02-09,200.0,200.0,200.0,0.0,0.0
logistic_offset,costed,2026-02-10,200.0,200.0,200.0,0.0,0.0
logistic_offset,costed,2026-02-11,200.0,200.0,200.0,0.0,0.0
logistic_offset,costed,2026-02-12,200.0,200.0,200.0,0.0,0.0
logistic_offset,costed,2026-02-13,200.0,200.0,200.0,0.0,0.0
logistic_offset,costed,2026-02-14,200.0,200.0,200.0,0.0,0.0
logistic_offset,costed,2026-02-15,200.0,200.0,200.0,0.0,0.0
logistic_offset,costed,2026-02-16,200.0,200.0,200.0,0.0,0.0
logistic_offset,costed,2026-02-17,200.0,200.0,200.0,0.0,0.0
logistic_offset,costed,2026-02-18,200.0,200.0,200.0,0.0,0.0
logistic_offset,costed,2026-02-19,200.0,200.0,200.0,0.0,0.0
logistic_offset,costed,2026-02-20,200.0,200.0,200.0,0.0,0.0
logistic_offset,costed,2026-02-21,200.0,200.0,200.0,0.0,0.0
logistic_offset,costed,2026-02-22,200.0,200.0,200.0,0.0,0.0
logistic_offset,costed,2026-02-23,200.0,200.0,200.0,0.0,0.0
logistic_offset,costed,2026-02-24,200.0,200.0,200.0,0.0,0.0
logistic_offset,costed,2026-02-25,200.0,200.0,200.0,0.0,0.0
logistic_offset,costed,2026-02-26,200.0,200.0,200.0,0.0,0.0
logistic_offset,costed,2026-02-27,200.0,200.0,200.0,0.0,0.0
logistic_offset,costed,2026-02-28,200.0,200.0,200.0,0.0,0.0
logistic_offset,costed,2026-03-01,200.0,200.0,200.0,0.0,0.0
logistic_offset,costed,2026-03-02,200.0,200.0,200.0,0.0,0.0
logistic_offset,costed,2026-03-03,200.0,200.0,200.0,0.0,0.0
logistic_offset,costed,2026-03-04,198.07,199.94,198.07,0.06,0.0
logistic_offset,costed,2026-03-05,200.07,200.07,200.07,0.0,0.07
logistic_offset,costed,2026-03-06,200.07,200.07,200.07,0.0,0.0
logistic_offset,costed,2026-03-07,200.07,200.07,200.07,0.0,0.0
logistic_offset,costed,2026-03-08,200.07,200.07,200.07,0.0,0.0
logistic_offset,costed,2026-03-09,200.07,200.07,200.07,0.0,0.0
logistic_offset,costed,2026-03-10,200.07,200.07,200.07,0.0,0.0
logistic_offset,costed,2026-03-11,200.07,200.07,200.07,0.0,0.0
logistic_offset,costed,2026-03-12,200.07,200.07,200.07,0.0,0.0
logistic_offset,costed,2026-03-13,200.07,200.07,200.07,0.0,0.0
logistic_offset,costed,2026-03-14,199.15,200.02,199.15,0.05,0.0
logistic_offset,costed,2026-03-15,199.15,199.15,199.15,0.0,-0.92
logistic_offset,costed,2026-03-16,197.74,199.12,197.74,0.03,0.0
logistic_offset,costed,2026-03-17,197.74,197.74,197.74,0.0,-1.41
logistic_offset,costed,2026-03-18,197.74,197.74,197.74,0.0,0.0
logistic_offset,costed,2026-03-19,197.74,197.74,197.74,0.0,0.0
logistic_offset,costed,2026-03-20,197.74,197.74,197.74,0.0,0.0
logistic_offset,costed,2026-03-21,197.74,197.74,197.74,0.0,0.0
logistic_offset,costed,2026-03-22,197.74,197.74,197.74,0.0,0.0
logistic_offset,costed,2026-03-23,197.74,197.74,197.74,0.0,0.0
logistic_offset,costed,2026-03-24,197.74,197.74,197.74,0.0,0.0
logistic_offset,costed,2026-03-25,197.74,197.74,197.74,0.0,0.0
logistic_offset,costed,2026-03-26,197.74,197.74,197.74,0.0,0.0
logistic_offset,costed,2026-03-27,197.74,197.74,197.74,0.0,0.0
logistic_offset,costed,2026-03-28,197.74,197.74,197.74,0.0,0.0
logistic_offset,costed,2026-03-29,196.18,197.68,196.18,0.06,0.0
logistic_offset,costed,2026-03-30,196.18,196.18,196.18,0.0,-1.56
logistic_offset,costed,2026-03-31,196.18,196.18,196.18,0.0,0.0
logistic_offset,costed,2026-04-01,196.18,196.18,196.18,0.0,0.0
logistic_offset,costed,2026-04-02,196.18,196.18,196.18,0.0,0.0
logistic_offset,costed,2026-04-03,196.18,196.18,196.18,0.0,0.0
logistic_offset,costed,2026-04-04,196.18,196.18,196.18,0.0,0.0
logistic_offset,costed,2026-04-05,196.18,196.18,196.18,0.0,0.0
logistic_offset,costed,2026-04-06,196.18,196.18,196.18,0.0,0.0
logistic_offset,costed,2026-04-07,196.18,196.18,196.18,0.0,0.0
logistic_offset,costed,2026-04-08,196.18,196.18,196.18,0.0,0.0
logistic_offset,costed,2026-04-09,196.18,196.18,196.18,0.0,0.0
logistic_offset,costed,2026-04-10,196.18,196.18,196.18,0.0,0.0
logistic_offset,costed,2026-04-11,196.18,196.18,196.18,0.0,0.0
logistic_offset,costed,2026-04-12,194.65,196.12,194.65,0.06,0.0
logistic_offset,costed,2026-04-13,197.65,197.65,197.65,0.0,1.47
logistic_offset,costed,2026-04-14,197.65,197.65,197.65,0.0,0.0
logistic_offset,costed,2026-04-15,197.65,197.65,197.65,0.0,0.0
logistic_offset,costed,2026-04-16,197.65,197.65,197.65,0.0,0.0
logistic_offset,costed,2026-04-17,197.65,197.65,197.65,0.0,0.0
logistic_offset,costed,2026-04-18,197.65,197.65,197.65,0.0,0.0
logistic_offset,costed,2026-04-19,197.65,197.65,197.65,0.0,0.0
logistic_offset,costed,2026-04-20,197.65,197.65,197.65,0.0,0.0
logistic_offset,costed,2026-04-21,197.65,197.65,197.65,0.0,0.0
logistic_offset,costed,2026-04-22,197.65,197.65,197.65,0.0,0.0
logistic_offset,costed,2026-04-23,197.65,197.65,197.65,0.0,0.0
logistic_offset,costed,2026-04-24,197.65,197.65,197.65,0.0,0.0
logistic_offset,costed,2026-04-25,197.65,197.65,197.65,0.0,0.0
logistic_offset,costed,2026-04-26,197.65,197.65,197.65,0.0,0.0
logistic_offset,costed,2026-04-27,197.65,197.65,197.65,0.0,0.0
logistic_offset,costed,2026-04-28,197.65,197.65,197.65,0.0,0.0
logistic_offset,costed,2026-04-29,197.65,197.65,197.65,0.0,0.0
logistic_offset,costed,2026-04-30,197.65,197.65,197.65,0.0,0.0
logistic_offset,costed,2026-05-01,197.65,197.65,197.65,0.0,0.0
logistic_offset,costed,2026-05-02,197.65,197.65,197.65,0.0,0.0
logistic_offset,costed,2026-05-03,197.65,197.65,197.65,0.0,0.0
logistic_offset,costed,2026-05-04,197.65,197.65,197.65,0.0,0.0
logistic_offset,costed,2026-05-05,197.65,197.65,197.65,0.0,0.0
logistic_offset,costed,2026-05-06,197.65,197.65,197.65,0.0,0.0
logistic_offset,costed,2026-05-07,197.65,197.65,197.65,0.0,0.0
logistic_offset,costed,2026-05-08,197.65,197.65,197.65,0.0,0.0
logistic_offset,costed,2026-05-09,196.7,197.6,196.7,0.05,0.0
logistic_offset,costed,2026-05-10,199.7,199.7,199.7,0.0,2.05
logistic_offset,costed,2026-05-11,198.58,199.66,198.58,0.04,0.0
logistic_offset,costed,2026-05-12,198.58,198.58,198.58,0.0,-1.12
logistic_offset,costed,2026-05-13,198.58,198.58,198.58,0.0,0.0
logistic_offset,costed,2026-05-14,198.58,198.58,198.58,0.0,0.0
logistic_offset,costed,2026-05-15,198.58,198.58,198.58,0.0,0.0
logistic_offset,costed,2026-05-16,198.58,198.58,198.58,0.0,0.0
logistic_offset,costed,2026-05-17,197.58,198.54,197.58,0.04,0.0
logistic_offset,costed,2026-05-18,197.58,197.58,197.58,0.0,-1.0
logistic_offset,costed,2026-05-19,197.58,197.58,197.58,0.0,0.0
logistic_offset,costed,2026-05-20,197.58,197.58,197.58,0.0,0.0
logistic_offset,costed,2026-05-21,197.58,197.58,197.58,0.0,0.0
logistic_offset,costed,2026-05-22,197.58,197.58,197.58,0.0,0.0
logistic_offset,costed,2026-05-23,197.58,197.58,197.58,0.0,0.0
logistic_offset,costed,2026-05-24,197.58,197.58,197.58,0.0,0.0
logistic_offset,costed,2026-05-25,197.58,197.58,197.58,0.0,0.0
logistic_offset,costed,2026-05-26,196.56,197.54,196.56,0.04,0.0
logistic_offset,costed,2026-05-27,195.37,196.49,195.37,0.07,-1.02
logistic_offset,costed,2026-05-28,195.37,195.37,195.37,0.0,-1.19
logistic_offset,costed,2026-05-29,195.37,195.37,195.37,0.0,0.0
logistic_offset,costed,2026-05-30,195.37,195.37,195.37,0.0,0.0
logistic_offset,costed,2026-05-31,194.79,195.33,194.79,0.04,0.0
logistic_offset,costed,2026-06-01,197.79,197.79,197.79,0.0,2.42
logistic_offset,costed,2026-06-02,197.79,197.79,197.79,0.0,0.0
logistic_offset,costed,2026-06-03,197.79,197.79,197.79,0.0,0.0
logistic_offset,costed,2026-06-04,197.1,197.74,197.1,0.05,0.0
logistic_offset,costed,2026-06-05,197.1,197.1,197.1,0.0,-0.69
logistic_offset,costed,2026-06-06,197.1,197.1,197.1,0.0,0.0
logistic_offset,costed,2026-06-07,197.1,197.1,197.1,0.0,0.0
logistic_offset,costed,2026-06-08,197.1,197.1,197.1,0.0,0.0
logistic_offset,costed,2026-06-09,197.1,197.1,197.1,0.0,0.0
logistic_offset,costed,2026-06-10,197.1,197.1,197.1,0.0,0.0
logistic_offset,costed,2026-06-11,197.1,197.1,197.1,0.0,0.0
logistic_offset,costed,2026-06-12,197.1,197.1,197.1,0.0,0.0
logistic_offset,costed,2026-06-13,197.1,197.1,197.1,0.0,0.0
logistic_offset,costed,2026-06-14,197.1,197.1,197.1,0.0,0.0
logistic_offset,costed,2026-06-15,197.1,197.1,197.1,0.0,0.0
logistic_offset,costed,2026-06-16,196.09,197.05,196.09,0.05,0.0
logistic_offset,costed,2026-06-17,196.09,196.09,196.09,0.0,-1.01
logistic_offset,costed,2026-06-18,196.09,196.09,196.09,0.0,0.0
logistic_offset,costed,2026-06-19,194.74,196.02,194.74,0.07,0.0
logistic_offset,costed,2026-06-20,194.74,194.74,194.74,0.0,-1.35
logistic_offset,costed,2026-06-21,194.51,194.72,194.51,0.02,0.0
logistic_offset,costed,2026-06-22,194.51,194.51,194.51,0.0,-0.23
logistic_offset,costed,2026-06-23,194.51,194.51,194.51,0.0,0.0
logistic_offset,costed,2026-06-24,193.07,194.45,193.07,0.06,0.0
logistic_offset,costed,2026-06-25,194.54,196.04,194.54,0.03,1.56
logistic_offset,costed,2026-06-26,194.54,194.54,194.54,0.0,-1.53
logistic_offset,costed,2026-06-27,194.54,194.54,194.54,0.0,0.0
logistic_offset,costed,2026-06-28,194.54,194.54,194.54,0.0,0.0
logistic_offset,costed,2026-06-29,194.26,194.52,194.26,0.02,0.0
logistic_offset,costed,2026-06-30,194.26,194.26,194.26,0.0,-0.28
logistic_offset,costed,2026-07-01,194.26,194.26,194.26,0.0,0.0
logistic_offset,costed,2026-07-02,194.26,194.26,194.26,0.0,0.0
logistic_offset,costed,2026-07-03,194.26,194.26,194.26,0.0,0.0
logistic_offset,costed,2026-07-04,194.26,194.26,194.26,0.0,0.0
logistic_offset,costed,2026-07-05,194.26,194.26,194.26,0.0,0.0
logistic_offset,costed,2026-07-06,194.26,194.26,194.26,0.0,0.0
logistic_offset,costed,2026-07-07,194.26,194.26,194.26,0.0,0.0
logistic_offset,costed,2026-07-08,194.26,194.26,194.26,0.0,0.0
logistic_offset,costed,2026-07-09,194.26,194.26,194.26,0.0,0.0
logistic_offset,costed,2026-07-10,194.26,194.26,194.26,0.0,0.0
logistic_offset,costed,2026-07-11,194.26,194.26,194.26,0.0,0.0
logistic_offset,costed,2026-07-12,194.26,194.26,194.26,0.0,0.0
logistic_offset,costed,2026-07-13,194.26,194.26,194.26,0.0,0.0
logistic_offset,costed,2026-07-14,194.26,194.26,194.26,0.0,0.0
logistic_offset,costed,2026-07-15,194.26,194.26,194.26,0.0,0.0
logistic_offset,costed,2026-07-16,194.26,194.26,194.26,0.0,0.0
logistic_offset,costed,2026-07-17,194.26,194.26,194.26,0.0,0.0
logistic_offset,costed,2026-07-18,194.26,194.26,194.26,0.0,0.0
logistic_offset,costed,2026-07-19,194.26,194.26,194.26,0.0,0.0
logistic_offset,costed,2026-07-20,194.26,194.26,194.26,0.0,0.0
logistic_offset,costed,2026-07-21,194.26,194.26,194.26,0.0,0.0
logistic_offset,costed,2026-07-22,194.26,194.26,194.26,0.0,0.0
logistic_offset,costed,2026-07-23,194.26,194.26,194.26,0.0,0.0
logistic_offset,costed,2026-07-24,194.26,194.26,194.26,0.0,0.0
logistic_offset,costed,2026-07-25,194.26,194.26,194.26,0.0,0.0
logistic_offset,costed,2026-07-26,194.26,194.26,194.26,0.0,0.0
logistic_offset,costed,2026-07-27,194.26,194.26,194.26,0.0,0.0
logistic_offset,costed,2026-07-28,194.26,194.26,194.26,0.0,0.0
logistic_offset,costed,2026-07-29,194.26,194.26,194.26,0.0,0.0
logistic_offset,costed,2026-07-30,194.26,194.26,194.26,0.0,0.0
logistic_offset,costed,2026-07-31,194.26,194.26,194.26,0.0,0.0
logistic_offset,costed,2026-08-01,194.26,194.26,194.26,0.0,0.0
logistic_offset,costed,2026-08-02,194.26,194.26,194.26,0.0,0.0
logistic_offset,costed,2026-08-03,194.26,194.26,194.26,0.0,0.0
logistic_offset,costed,2026-08-04,194.26,194.26,194.26,0.0,0.0
logistic_offset,costed,2026-08-05,194.26,194.26,194.26,0.0,0.0
logistic_offset,costed,2026-08-06,194.26,194.26,194.26,0.0,0.0
logistic_offset,costed,2026-08-07,194.26,194.26,194.26,0.0,0.0
logistic_offset,costed,2026-08-08,194.26,194.26,194.26,0.0,0.0
logistic_offset,costed,2026-08-09,194.26,194.26,194.26,0.0,0.0
logistic_offset,costed,2026-08-10,194.26,194.26,194.26,0.0,0.0
logistic_offset,costed,2026-08-11,194.26,194.26,194.26,0.0,0.0
logistic_offset,costed,2026-08-12,194.26,194.26,194.26,0.0,0.0
logistic_offset,costed,2026-08-13,194.26,194.26,194.26,0.0,0.0
logistic_offset,costed,2026-08-14,194.26,194.26,194.26,0.0,0.0
logistic_offset,costed,2026-08-15,194.26,194.26,194.26,0.0,0.0
logistic_offset,costed,2026-08-16,194.26,194.26,194.26,0.0,0.0
logistic_offset,costed,2026-08-17,194.26,194.26,194.26,0.0,0.0
logistic_offset,costed,2026-08-18,194.26,194.26,194.26,0.0,0.0
logistic_offset,costed,2026-08-19,194.26,194.26,194.26,0.0,0.0
logistic_offset,costed,2026-08-20,194.26,194.26,194.26,0.0,0.0
logistic_offset,costed,2026-08-21,194.26,194.26,194.26,0.0,0.0
logistic_offset,costed,2026-08-22,194.26,194.26,194.26,0.0,0.0
logistic_offset,costed,2026-08-23,194.26,194.26,194.26,0.0,0.0
logistic_offset,costed,2026-08-24,194.26,194.26,194.26,0.0,0.0
logistic_offset,costed,2026-08-25,194.26,194.26,194.26,0.0,0.0
logistic_offset,costed,2026-08-26,194.26,194.26,194.26,0.0,0.0
logistic_offset,costed,2026-08-27,194.26,194.26,194.26,0.0,0.0
logistic_offset,costed,2026-08-28,194.26,194.26,194.26,0.0,0.0
logistic_offset,costed,2026-08-29,194.26,194.26,194.26,0.0,0.0
logistic_offset,costed,2026-08-30,194.26,194.26,194.26,0.0,0.0
logistic_offset,costed,2026-08-31,194.26,194.26,194.26,0.0,0.0
logistic_offset,costed,2026-09-01,194.26,194.26,194.26,0.0,0.0
logistic_offset,costed,2026-09-02,194.26,194.26,194.26,0.0,0.0
logistic_offset,costed,2026-09-03,194.26,194.26,194.26,0.0,0.0
logistic_offset,costed,2026-09-04,194.26,194.26,194.26,0.0,0.0
logistic_offset,costed,2026-09-05,194.26,194.26,194.26,0.0,0.0
logistic_offset,stress,2025-09-06,200.0,200.0,200.0,0.0,0.0
logistic_offset,stress,2025-09-07,200.0,200.0,200.0,0.0,0.0
logistic_offset,stress,2025-09-08,200.0,200.0,200.0,0.0,0.0
logistic_offset,stress,2025-09-09,200.0,200.0,200.0,0.0,0.0
logistic_offset,stress,2025-09-10,200.0,200.0,200.0,0.0,0.0
logistic_offset,stress,2025-09-11,200.0,200.0,200.0,0.0,0.0
logistic_offset,stress,2025-09-12,200.0,200.0,200.0,0.0,0.0
logistic_offset,stress,2025-09-13,200.0,200.0,200.0,0.0,0.0
logistic_offset,stress,2025-09-14,200.0,200.0,200.0,0.0,0.0
logistic_offset,stress,2025-09-15,200.0,200.0,200.0,0.0,0.0
logistic_offset,stress,2025-09-16,200.0,200.0,200.0,0.0,0.0
logistic_offset,stress,2025-09-17,200.0,200.0,200.0,0.0,0.0
logistic_offset,stress,2025-09-18,200.0,200.0,200.0,0.0,0.0
logistic_offset,stress,2025-09-19,200.0,200.0,200.0,0.0,0.0
logistic_offset,stress,2025-09-20,200.0,200.0,200.0,0.0,0.0
logistic_offset,stress,2025-09-21,200.0,200.0,200.0,0.0,0.0
logistic_offset,stress,2025-09-22,200.0,200.0,200.0,0.0,0.0
logistic_offset,stress,2025-09-23,200.0,200.0,200.0,0.0,0.0
logistic_offset,stress,2025-09-24,200.0,200.0,200.0,0.0,0.0
logistic_offset,stress,2025-09-25,200.0,200.0,200.0,0.0,0.0
logistic_offset,stress,2025-09-26,200.0,200.0,200.0,0.0,0.0
logistic_offset,stress,2025-09-27,200.0,200.0,200.0,0.0,0.0
logistic_offset,stress,2025-09-28,200.0,200.0,200.0,0.0,0.0
logistic_offset,stress,2025-09-29,200.0,200.0,200.0,0.0,0.0
logistic_offset,stress,2025-09-30,200.0,200.0,200.0,0.0,0.0
logistic_offset,stress,2025-10-01,200.0,200.0,200.0,0.0,0.0
logistic_offset,stress,2025-10-02,200.0,200.0,200.0,0.0,0.0
logistic_offset,stress,2025-10-03,200.0,200.0,200.0,0.0,0.0
logistic_offset,stress,2025-10-04,200.0,200.0,200.0,0.0,0.0
logistic_offset,stress,2025-10-05,200.0,200.0,200.0,0.0,0.0
logistic_offset,stress,2025-10-06,200.0,200.0,200.0,0.0,0.0
logistic_offset,stress,2025-10-07,200.0,200.0,200.0,0.0,0.0
logistic_offset,stress,2025-10-08,200.0,200.0,200.0,0.0,0.0
logistic_offset,stress,2025-10-09,200.0,200.0,200.0,0.0,0.0
logistic_offset,stress,2025-10-10,200.0,200.0,200.0,0.0,0.0
logistic_offset,stress,2025-10-11,200.0,200.0,200.0,0.0,0.0
logistic_offset,stress,2025-10-12,200.0,200.0,200.0,0.0,0.0
logistic_offset,stress,2025-10-13,200.0,200.0,200.0,0.0,0.0
logistic_offset,stress,2025-10-14,200.0,200.0,200.0,0.0,0.0
logistic_offset,stress,2025-10-15,200.0,200.0,200.0,0.0,0.0
logistic_offset,stress,2025-10-16,200.0,200.0,200.0,0.0,0.0
logistic_offset,stress,2025-10-17,200.0,200.0,200.0,0.0,0.0
logistic_offset,stress,2025-10-18,200.0,200.0,200.0,0.0,0.0
logistic_offset,stress,2025-10-19,200.0,200.0,200.0,0.0,0.0
logistic_offset,stress,2025-10-20,200.0,200.0,200.0,0.0,0.0
logistic_offset,stress,2025-10-21,200.0,200.0,200.0,0.0,0.0
logistic_offset,stress,2025-10-22,200.0,200.0,200.0,0.0,0.0
logistic_offset,stress,2025-10-23,200.0,200.0,200.0,0.0,0.0
logistic_offset,stress,2025-10-24,200.0,200.0,200.0,0.0,0.0
logistic_offset,stress,2025-10-25,200.0,200.0,200.0,0.0,0.0
logistic_offset,stress,2025-10-26,200.0,200.0,200.0,0.0,0.0
logistic_offset,stress,2025-10-27,200.0,200.0,200.0,0.0,0.0
logistic_offset,stress,2025-10-28,200.0,200.0,200.0,0.0,0.0
logistic_offset,stress,2025-10-29,200.0,200.0,200.0,0.0,0.0
logistic_offset,stress,2025-10-30,200.0,200.0,200.0,0.0,0.0
logistic_offset,stress,2025-10-31,200.0,200.0,200.0,0.0,0.0
logistic_offset,stress,2025-11-01,200.0,200.0,200.0,0.0,0.0
logistic_offset,stress,2025-11-02,200.0,200.0,200.0,0.0,0.0
logistic_offset,stress,2025-11-03,200.0,200.0,200.0,0.0,0.0
logistic_offset,stress,2025-11-04,200.0,200.0,200.0,0.0,0.0
logistic_offset,stress,2025-11-05,200.0,200.0,200.0,0.0,0.0
logistic_offset,stress,2025-11-06,200.0,200.0,200.0,0.0,0.0
logistic_offset,stress,2025-11-07,200.0,200.0,200.0,0.0,0.0
logistic_offset,stress,2025-11-08,200.0,200.0,200.0,0.0,0.0
logistic_offset,stress,2025-11-09,200.0,200.0,200.0,0.0,0.0
logistic_offset,stress,2025-11-10,200.0,200.0,200.0,0.0,0.0
logistic_offset,stress,2025-11-11,200.0,200.0,200.0,0.0,0.0
logistic_offset,stress,2025-11-12,200.0,200.0,200.0,0.0,0.0
logistic_offset,stress,2025-11-13,200.0,200.0,200.0,0.0,0.0
logistic_offset,stress,2025-11-14,200.0,200.0,200.0,0.0,0.0
logistic_offset,stress,2025-11-15,200.0,200.0,200.0,0.0,0.0
logistic_offset,stress,2025-11-16,200.0,200.0,200.0,0.0,0.0
logistic_offset,stress,2025-11-17,200.0,200.0,200.0,0.0,0.0
logistic_offset,stress,2025-11-18,200.0,200.0,200.0,0.0,0.0
logistic_offset,stress,2025-11-19,200.0,200.0,200.0,0.0,0.0
logistic_offset,stress,2025-11-20,200.0,200.0,200.0,0.0,0.0
logistic_offset,stress,2025-11-21,200.0,200.0,200.0,0.0,0.0
logistic_offset,stress,2025-11-22,200.0,200.0,200.0,0.0,0.0
logistic_offset,stress,2025-11-23,200.0,200.0,200.0,0.0,0.0
logistic_offset,stress,2025-11-24,200.0,200.0,200.0,0.0,0.0
logistic_offset,stress,2025-11-25,200.0,200.0,200.0,0.0,0.0
logistic_offset,stress,2025-11-26,200.0,200.0,200.0,0.0,0.0
logistic_offset,stress,2025-11-27,200.0,200.0,200.0,0.0,0.0
logistic_offset,stress,2025-11-28,200.0,200.0,200.0,0.0,0.0
logistic_offset,stress,2025-11-29,200.0,200.0,200.0,0.0,0.0
logistic_offset,stress,2025-11-30,200.0,200.0,200.0,0.0,0.0
logistic_offset,stress,2025-12-01,200.0,200.0,200.0,0.0,0.0
logistic_offset,stress,2025-12-02,200.0,200.0,200.0,0.0,0.0
logistic_offset,stress,2025-12-03,200.0,200.0,200.0,0.0,0.0
logistic_offset,stress,2025-12-04,200.0,200.0,200.0,0.0,0.0
logistic_offset,stress,2025-12-05,200.0,200.0,200.0,0.0,0.0
logistic_offset,stress,2025-12-06,200.0,200.0,200.0,0.0,0.0
logistic_offset,stress,2025-12-07,200.0,200.0,200.0,0.0,0.0
logistic_offset,stress,2025-12-08,200.0,200.0,200.0,0.0,0.0
logistic_offset,stress,2025-12-09,200.0,200.0,200.0,0.0,0.0
logistic_offset,stress,2025-12-10,200.0,200.0,200.0,0.0,0.0
logistic_offset,stress,2025-12-11,200.0,200.0,200.0,0.0,0.0
logistic_offset,stress,2025-12-12,200.0,200.0,200.0,0.0,0.0
logistic_offset,stress,2025-12-13,200.0,200.0,200.0,0.0,0.0
logistic_offset,stress,2025-12-14,200.0,200.0,200.0,0.0,0.0
logistic_offset,stress,2025-12-15,200.0,200.0,200.0,0.0,0.0
logistic_offset,stress,2025-12-16,200.0,200.0,200.0,0.0,0.0
logistic_offset,stress,2025-12-17,200.0,200.0,200.0,0.0,0.0
logistic_offset,stress,2025-12-18,200.0,200.0,200.0,0.0,0.0
logistic_offset,stress,2025-12-19,200.0,200.0,200.0,0.0,0.0
logistic_offset,stress,2025-12-20,200.0,200.0,200.0,0.0,0.0
logistic_offset,stress,2025-12-21,200.0,200.0,200.0,0.0,0.0
logistic_offset,stress,2025-12-22,200.0,200.0,200.0,0.0,0.0
logistic_offset,stress,2025-12-23,200.0,200.0,200.0,0.0,0.0
logistic_offset,stress,2025-12-24,200.0,200.0,200.0,0.0,0.0
logistic_offset,stress,2025-12-25,200.0,200.0,200.0,0.0,0.0
logistic_offset,stress,2025-12-26,200.0,200.0,200.0,0.0,0.0
logistic_offset,stress,2025-12-27,200.0,200.0,200.0,0.0,0.0
logistic_offset,stress,2025-12-28,200.0,200.0,200.0,0.0,0.0
logistic_offset,stress,2025-12-29,200.0,200.0,200.0,0.0,0.0
logistic_offset,stress,2025-12-30,200.0,200.0,200.0,0.0,0.0
logistic_offset,stress,2025-12-31,200.0,200.0,200.0,0.0,0.0
logistic_offset,stress,2026-01-01,200.0,200.0,200.0,0.0,0.0
logistic_offset,stress,2026-01-02,200.0,200.0,200.0,0.0,0.0
logistic_offset,stress,2026-01-03,200.0,200.0,200.0,0.0,0.0
logistic_offset,stress,2026-01-04,200.0,200.0,200.0,0.0,0.0
logistic_offset,stress,2026-01-05,200.0,200.0,200.0,0.0,0.0
logistic_offset,stress,2026-01-06,200.0,200.0,200.0,0.0,0.0
logistic_offset,stress,2026-01-07,200.0,200.0,200.0,0.0,0.0
logistic_offset,stress,2026-01-08,200.0,200.0,200.0,0.0,0.0
logistic_offset,stress,2026-01-09,200.0,200.0,200.0,0.0,0.0
logistic_offset,stress,2026-01-10,200.0,200.0,200.0,0.0,0.0
logistic_offset,stress,2026-01-11,200.0,200.0,200.0,0.0,0.0
logistic_offset,stress,2026-01-12,200.0,200.0,200.0,0.0,0.0
logistic_offset,stress,2026-01-13,200.0,200.0,200.0,0.0,0.0
logistic_offset,stress,2026-01-14,200.0,200.0,200.0,0.0,0.0
logistic_offset,stress,2026-01-15,200.0,200.0,200.0,0.0,0.0
logistic_offset,stress,2026-01-16,200.0,200.0,200.0,0.0,0.0
logistic_offset,stress,2026-01-17,200.0,200.0,200.0,0.0,0.0
logistic_offset,stress,2026-01-18,200.0,200.0,200.0,0.0,0.0
logistic_offset,stress,2026-01-19,200.0,200.0,200.0,0.0,0.0
logistic_offset,stress,2026-01-20,200.0,200.0,200.0,0.0,0.0
logistic_offset,stress,2026-01-21,200.0,200.0,200.0,0.0,0.0
logistic_offset,stress,2026-01-22,200.0,200.0,200.0,0.0,0.0
logistic_offset,stress,2026-01-23,200.0,200.0,200.0,0.0,0.0
logistic_offset,stress,2026-01-24,200.0,200.0,200.0,0.0,0.0
logistic_offset,stress,2026-01-25,200.0,200.0,200.0,0.0,0.0
logistic_offset,stress,2026-01-26,200.0,200.0,200.0,0.0,0.0
logistic_offset,stress,2026-01-27,200.0,200.0,200.0,0.0,0.0
logistic_offset,stress,2026-01-28,200.0,200.0,200.0,0.0,0.0
logistic_offset,stress,2026-01-29,200.0,200.0,200.0,0.0,0.0
logistic_offset,stress,2026-01-30,200.0,200.0,200.0,0.0,0.0
logistic_offset,stress,2026-01-31,200.0,200.0,200.0,0.0,0.0
logistic_offset,stress,2026-02-01,200.0,200.0,200.0,0.0,0.0
logistic_offset,stress,2026-02-02,200.0,200.0,200.0,0.0,0.0
logistic_offset,stress,2026-02-03,200.0,200.0,200.0,0.0,0.0
logistic_offset,stress,2026-02-04,200.0,200.0,200.0,0.0,0.0
logistic_offset,stress,2026-02-05,200.0,200.0,200.0,0.0,0.0
logistic_offset,stress,2026-02-06,200.0,200.0,200.0,0.0,0.0
logistic_offset,stress,2026-02-07,200.0,200.0,200.0,0.0,0.0
logistic_offset,stress,2026-02-08,200.0,200.0,200.0,0.0,0.0
logistic_offset,stress,2026-02-09,200.0,200.0,200.0,0.0,0.0
logistic_offset,stress,2026-02-10,200.0,200.0,200.0,0.0,0.0
logistic_offset,stress,2026-02-11,200.0,200.0,200.0,0.0,0.0
logistic_offset,stress,2026-02-12,200.0,200.0,200.0,0.0,0.0
logistic_offset,stress,2026-02-13,200.0,200.0,200.0,0.0,0.0
logistic_offset,stress,2026-02-14,200.0,200.0,200.0,0.0,0.0
logistic_offset,stress,2026-02-15,200.0,200.0,200.0,0.0,0.0
logistic_offset,stress,2026-02-16,200.0,200.0,200.0,0.0,0.0
logistic_offset,stress,2026-02-17,200.0,200.0,200.0,0.0,0.0
logistic_offset,stress,2026-02-18,200.0,200.0,200.0,0.0,0.0
logistic_offset,stress,2026-02-19,200.0,200.0,200.0,0.0,0.0
logistic_offset,stress,2026-02-20,200.0,200.0,200.0,0.0,0.0
logistic_offset,stress,2026-02-21,200.0,200.0,200.0,0.0,0.0
logistic_offset,stress,2026-02-22,200.0,200.0,200.0,0.0,0.0
logistic_offset,stress,2026-02-23,200.0,200.0,200.0,0.0,0.0
logistic_offset,stress,2026-02-24,200.0,200.0,200.0,0.0,0.0
logistic_offset,stress,2026-02-25,200.0,200.0,200.0,0.0,0.0
logistic_offset,stress,2026-02-26,200.0,200.0,200.0,0.0,0.0
logistic_offset,stress,2026-02-27,200.0,200.0,200.0,0.0,0.0
logistic_offset,stress,2026-02-28,200.0,200.0,200.0,0.0,0.0
logistic_offset,stress,2026-03-01,200.0,200.0,200.0,0.0,0.0
logistic_offset,stress,2026-03-02,200.0,200.0,200.0,0.0,0.0
logistic_offset,stress,2026-03-03,200.0,200.0,200.0,0.0,0.0
logistic_offset,stress,2026-03-04,200.0,200.0,200.0,0.0,0.0
logistic_offset,stress,2026-03-05,198.53,199.97,198.53,0.03,0.0
logistic_offset,stress,2026-03-06,200.53,200.53,200.53,0.0,0.53
logistic_offset,stress,2026-03-07,200.53,200.53,200.53,0.0,0.0
logistic_offset,stress,2026-03-08,200.53,200.53,200.53,0.0,0.0
logistic_offset,stress,2026-03-09,200.53,200.53,200.53,0.0,0.0
logistic_offset,stress,2026-03-10,200.53,200.53,200.53,0.0,0.0
logistic_offset,stress,2026-03-11,200.53,200.53,200.53,0.0,0.0
logistic_offset,stress,2026-03-12,200.53,200.53,200.53,0.0,0.0
logistic_offset,stress,2026-03-13,200.53,200.53,200.53,0.0,0.0
logistic_offset,stress,2026-03-14,199.86,200.49,199.86,0.04,0.0
logistic_offset,stress,2026-03-15,199.86,199.86,199.86,0.0,-0.67
logistic_offset,stress,2026-03-16,199.52,199.84,199.52,0.02,0.0
logistic_offset,stress,2026-03-17,199.52,199.52,199.52,0.0,-0.34
logistic_offset,stress,2026-03-18,199.52,199.52,199.52,0.0,0.0
logistic_offset,stress,2026-03-19,199.52,199.52,199.52,0.0,0.0
logistic_offset,stress,2026-03-20,198.34,199.48,198.34,0.04,0.0
logistic_offset,stress,2026-03-21,200.34,200.34,200.34,0.0,0.82
logistic_offset,stress,2026-03-22,200.34,200.34,200.34,0.0,0.0
logistic_offset,stress,2026-03-23,200.34,200.34,200.34,0.0,0.0
logistic_offset,stress,2026-03-24,200.34,200.34,200.34,0.0,0.0
logistic_offset,stress,2026-03-25,200.34,200.34,200.34,0.0,0.0
logistic_offset,stress,2026-03-26,200.34,200.34,200.34,0.0,0.0
logistic_offset,stress,2026-03-27,200.34,200.34,200.34,0.0,0.0
logistic_offset,stress,2026-03-28,198.6,200.28,198.6,0.06,0.0
logistic_offset,stress,2026-03-29,201.12,201.57,201.12,0.03,1.26
logistic_offset,stress,2026-03-30,201.12,201.12,201.12,0.0,-0.48
logistic_offset,stress,2026-03-31,201.12,201.12,201.12,0.0,0.0
logistic_offset,stress,2026-04-01,201.12,201.12,201.12,0.0,0.0
logistic_offset,stress,2026-04-02,201.12,201.12,201.12,0.0,0.0
logistic_offset,stress,2026-04-03,199.5,201.06,199.5,0.06,0.0
logistic_offset,stress,2026-04-04,202.5,202.5,202.5,0.0,1.38
logistic_offset,stress,2026-04-05,202.5,202.5,202.5,0.0,0.0
logistic_offset,stress,2026-04-06,202.5,202.5,202.5,0.0,0.0
logistic_offset,stress,2026-04-07,202.5,202.5,202.5,0.0,0.0
logistic_offset,stress,2026-04-08,202.5,202.5,202.5,0.0,0.0
logistic_offset,stress,2026-04-09,202.5,202.5,202.5,0.0,0.0
logistic_offset,stress,2026-04-10,202.5,202.5,202.5,0.0,0.0
logistic_offset,stress,2026-04-11,202.5,202.5,202.5,0.0,0.0
logistic_offset,stress,2026-04-12,202.5,202.5,202.5,0.0,0.0
logistic_offset,stress,2026-04-13,202.5,202.5,202.5,0.0,0.0
logistic_offset,stress,2026-04-14,202.5,202.5,202.5,0.0,0.0
logistic_offset,stress,2026-04-15,202.5,202.5,202.5,0.0,0.0
logistic_offset,stress,2026-04-16,202.5,202.5,202.5,0.0,0.0
logistic_offset,stress,2026-04-17,202.5,202.5,202.5,0.0,0.0
logistic_offset,stress,2026-04-18,202.5,202.5,202.5,0.0,0.0
logistic_offset,stress,2026-04-19,202.5,202.5,202.5,0.0,0.0
logistic_offset,stress,2026-04-20,202.5,202.5,202.5,0.0,0.0
logistic_offset,stress,2026-04-21,202.5,202.5,202.5,0.0,0.0
logistic_offset,stress,2026-04-22,202.5,202.5,202.5,0.0,0.0
logistic_offset,stress,2026-04-23,202.5,202.5,202.5,0.0,0.0
logistic_offset,stress,2026-04-24,202.5,202.5,202.5,0.0,0.0
logistic_offset,stress,2026-04-25,202.5,202.5,202.5,0.0,0.0
logistic_offset,stress,2026-04-26,202.5,202.5,202.5,0.0,0.0
logistic_offset,stress,2026-04-27,202.5,202.5,202.5,0.0,0.0
logistic_offset,stress,2026-04-28,202.5,202.5,202.5,0.0,0.0
logistic_offset,stress,2026-04-29,202.5,202.5,202.5,0.0,0.0
logistic_offset,stress,2026-04-30,202.5,202.5,202.5,0.0,0.0
logistic_offset,stress,2026-05-01,202.5,202.5,202.5,0.0,0.0
logistic_offset,stress,2026-05-02,202.5,202.5,202.5,0.0,0.0
logistic_offset,stress,2026-05-03,202.5,202.5,202.5,0.0,0.0
logistic_offset,stress,2026-05-04,202.5,202.5,202.5,0.0,0.0
logistic_offset,stress,2026-05-05,202.5,202.5,202.5,0.0,0.0
logistic_offset,stress,2026-05-06,202.5,202.5,202.5,0.0,0.0
logistic_offset,stress,2026-05-07,202.5,202.5,202.5,0.0,0.0
logistic_offset,stress,2026-05-08,202.5,202.5,202.5,0.0,0.0
logistic_offset,stress,2026-05-09,201.03,202.44,201.03,0.06,0.0
logistic_offset,stress,2026-05-10,204.03,204.03,204.03,0.0,1.53
logistic_offset,stress,2026-05-11,201.61,203.93,201.61,0.1,0.0
logistic_offset,stress,2026-05-12,201.61,201.61,201.61,0.0,-2.42
logistic_offset,stress,2026-05-13,201.61,201.61,201.61,0.0,0.0
logistic_offset,stress,2026-05-14,201.61,201.61,201.61,0.0,0.0
logistic_offset,stress,2026-05-15,201.61,201.61,201.61,0.0,0.0
logistic_offset,stress,2026-05-16,201.61,201.61,201.61,0.0,0.0
logistic_offset,stress,2026-05-17,201.22,201.58,201.22,0.03,0.0
logistic_offset,stress,2026-05-18,201.22,201.22,201.22,0.0,-0.39
logistic_offset,stress,2026-05-19,201.22,201.22,201.22,0.0,0.0
logistic_offset,stress,2026-05-20,201.22,201.22,201.22,0.0,0.0
logistic_offset,stress,2026-05-21,201.22,201.22,201.22,0.0,0.0
logistic_offset,stress,2026-05-22,201.22,201.22,201.22,0.0,0.0
logistic_offset,stress,2026-05-23,201.22,201.22,201.22,0.0,0.0
logistic_offset,stress,2026-05-24,200.24,201.18,200.24,0.04,0.0
logistic_offset,stress,2026-05-25,202.24,202.24,202.24,0.0,1.02
logistic_offset,stress,2026-05-26,201.36,202.2,201.36,0.04,0.0
logistic_offset,stress,2026-05-27,199.65,201.3,199.65,0.06,-0.88
logistic_offset,stress,2026-05-28,199.65,199.65,199.65,0.0,-1.71
logistic_offset,stress,2026-05-29,199.65,199.65,199.65,0.0,0.0
logistic_offset,stress,2026-05-30,199.65,199.65,199.65,0.0,0.0
logistic_offset,stress,2026-05-31,199.65,199.65,199.65,0.0,0.0
logistic_offset,stress,2026-06-01,199.65,199.65,199.65,0.0,0.0
logistic_offset,stress,2026-06-02,199.65,199.65,199.65,0.0,0.0
logistic_offset,stress,2026-06-03,199.65,199.65,199.65,0.0,0.0
logistic_offset,stress,2026-06-04,199.65,199.65,199.65,0.0,0.0
logistic_offset,stress,2026-06-05,199.65,199.65,199.65,0.0,0.0
logistic_offset,stress,2026-06-06,198.29,199.61,198.29,0.04,0.0
logistic_offset,stress,2026-06-07,198.29,198.29,198.29,0.0,-1.36
logistic_offset,stress,2026-06-08,198.29,198.29,198.29,0.0,0.0
logistic_offset,stress,2026-06-09,198.29,198.29,198.29,0.0,0.0
logistic_offset,stress,2026-06-10,198.29,198.29,198.29,0.0,0.0
logistic_offset,stress,2026-06-11,198.29,198.29,198.29,0.0,0.0
logistic_offset,stress,2026-06-12,198.29,198.29,198.29,0.0,0.0
logistic_offset,stress,2026-06-13,198.29,198.29,198.29,0.0,0.0
logistic_offset,stress,2026-06-14,198.29,198.29,198.29,0.0,0.0
logistic_offset,stress,2026-06-15,198.29,198.29,198.29,0.0,0.0
logistic_offset,stress,2026-06-16,197.59,198.25,197.59,0.04,0.0
logistic_offset,stress,2026-06-17,197.59,197.59,197.59,0.0,-0.7
logistic_offset,stress,2026-06-18,197.59,197.59,197.59,0.0,0.0
logistic_offset,stress,2026-06-19,196.74,197.54,196.74,0.05,0.0
logistic_offset,stress,2026-06-20,196.74,196.74,196.74,0.0,-0.85
logistic_offset,stress,2026-06-21,196.45,196.72,196.45,0.02,0.0
logistic_offset,stress,2026-06-22,196.45,196.45,196.45,0.0,-0.29
logistic_offset,stress,2026-06-23,196.45,196.45,196.45,0.0,0.0
logistic_offset,stress,2026-06-24,194.74,196.39,194.74,0.06,0.0
logistic_offset,stress,2026-06-25,196.17,197.71,196.17,0.03,1.29
logistic_offset,stress,2026-06-26,196.17,196.17,196.17,0.0,-1.57
logistic_offset,stress,2026-06-27,196.17,196.17,196.17,0.0,0.0
logistic_offset,stress,2026-06-28,196.17,196.17,196.17,0.0,0.0
logistic_offset,stress,2026-06-29,196.17,196.17,196.17,0.0,0.0
logistic_offset,stress,2026-06-30,196.17,196.17,196.17,0.0,0.0
logistic_offset,stress,2026-07-01,196.17,196.17,196.17,0.0,0.0
logistic_offset,stress,2026-07-02,196.17,196.17,196.17,0.0,0.0
logistic_offset,stress,2026-07-03,196.17,196.17,196.17,0.0,0.0
logistic_offset,stress,2026-07-04,196.17,196.17,196.17,0.0,0.0
logistic_offset,stress,2026-07-05,196.17,196.17,196.17,0.0,0.0
logistic_offset,stress,2026-07-06,196.17,196.17,196.17,0.0,0.0
logistic_offset,stress,2026-07-07,196.17,196.17,196.17,0.0,0.0
logistic_offset,stress,2026-07-08,196.17,196.17,196.17,0.0,0.0
logistic_offset,stress,2026-07-09,196.17,196.17,196.17,0.0,0.0
logistic_offset,stress,2026-07-10,196.17,196.17,196.17,0.0,0.0
logistic_offset,stress,2026-07-11,196.17,196.17,196.17,0.0,0.0
logistic_offset,stress,2026-07-12,196.17,196.17,196.17,0.0,0.0
logistic_offset,stress,2026-07-13,196.17,196.17,196.17,0.0,0.0
logistic_offset,stress,2026-07-14,196.17,196.17,196.17,0.0,0.0
logistic_offset,stress,2026-07-15,196.17,196.17,196.17,0.0,0.0
logistic_offset,stress,2026-07-16,196.17,196.17,196.17,0.0,0.0
logistic_offset,stress,2026-07-17,196.17,196.17,196.17,0.0,0.0
logistic_offset,stress,2026-07-18,196.17,196.17,196.17,0.0,0.0
logistic_offset,stress,2026-07-19,196.17,196.17,196.17,0.0,0.0
logistic_offset,stress,2026-07-20,196.17,196.17,196.17,0.0,0.0
logistic_offset,stress,2026-07-21,196.17,196.17,196.17,0.0,0.0
logistic_offset,stress,2026-07-22,196.17,196.17,196.17,0.0,0.0
logistic_offset,stress,2026-07-23,196.17,196.17,196.17,0.0,0.0
logistic_offset,stress,2026-07-24,196.17,196.17,196.17,0.0,0.0
logistic_offset,stress,2026-07-25,196.17,196.17,196.17,0.0,0.0
logistic_offset,stress,2026-07-26,196.17,196.17,196.17,0.0,0.0
logistic_offset,stress,2026-07-27,196.17,196.17,196.17,0.0,0.0
logistic_offset,stress,2026-07-28,196.17,196.17,196.17,0.0,0.0
logistic_offset,stress,2026-07-29,196.17,196.17,196.17,0.0,0.0
logistic_offset,stress,2026-07-30,196.17,196.17,196.17,0.0,0.0
logistic_offset,stress,2026-07-31,196.17,196.17,196.17,0.0,0.0
logistic_offset,stress,2026-08-01,196.17,196.17,196.17,0.0,0.0
logistic_offset,stress,2026-08-02,196.17,196.17,196.17,0.0,0.0
logistic_offset,stress,2026-08-03,196.17,196.17,196.17,0.0,0.0
logistic_offset,stress,2026-08-04,196.17,196.17,196.17,0.0,0.0
logistic_offset,stress,2026-08-05,196.17,196.17,196.17,0.0,0.0
logistic_offset,stress,2026-08-06,196.17,196.17,196.17,0.0,0.0
logistic_offset,stress,2026-08-07,196.17,196.17,196.17,0.0,0.0
logistic_offset,stress,2026-08-08,196.17,196.17,196.17,0.0,0.0
logistic_offset,stress,2026-08-09,196.17,196.17,196.17,0.0,0.0
logistic_offset,stress,2026-08-10,196.17,196.17,196.17,0.0,0.0
logistic_offset,stress,2026-08-11,196.17,196.17,196.17,0.0,0.0
logistic_offset,stress,2026-08-12,196.17,196.17,196.17,0.0,0.0
logistic_offset,stress,2026-08-13,196.17,196.17,196.17,0.0,0.0
logistic_offset,stress,2026-08-14,196.17,196.17,196.17,0.0,0.0
logistic_offset,stress,2026-08-15,196.17,196.17,196.17,0.0,0.0
logistic_offset,stress,2026-08-16,196.17,196.17,196.17,0.0,0.0
logistic_offset,stress,2026-08-17,196.17,196.17,196.17,0.0,0.0
logistic_offset,stress,2026-08-18,196.17,196.17,196.17,0.0,0.0
logistic_offset,stress,2026-08-19,196.17,196.17,196.17,0.0,0.0
logistic_offset,stress,2026-08-20,196.17,196.17,196.17,0.0,0.0
logistic_offset,stress,2026-08-21,196.17,196.17,196.17,0.0,0.0
logistic_offset,stress,2026-08-22,196.17,196.17,196.17,0.0,0.0
logistic_offset,stress,2026-08-23,196.17,196.17,196.17,0.0,0.0
logistic_offset,stress,2026-08-24,196.17,196.17,196.17,0.0,0.0
logistic_offset,stress,2026-08-25,196.17,196.17,196.17,0.0,0.0
logistic_offset,stress,2026-08-26,196.17,196.17,196.17,0.0,0.0
logistic_offset,stress,2026-08-27,196.17,196.17,196.17,0.0,0.0
logistic_offset,stress,2026-08-28,196.17,196.17,196.17,0.0,0.0
logistic_offset,stress,2026-08-29,196.17,196.17,196.17,0.0,0.0
logistic_offset,stress,2026-08-30,196.17,196.17,196.17,0.0,0.0
logistic_offset,stress,2026-08-31,196.17,196.17,196.17,0.0,0.0
logistic_offset,stress,2026-09-01,196.17,196.17,196.17,0.0,0.0
logistic_offset,stress,2026-09-02,196.17,196.17,196.17,0.0,0.0
logistic_offset,stress,2026-09-03,196.17,196.17,196.17,0.0,0.0
logistic_offset,stress,2026-09-04,196.17,196.17,196.17,0.0,0.0
logistic_offset,stress,2026-09-05,196.17,196.17,196.17,0.0,0.0
ridge_net_return,costed,2025-09-06,200.0,200.0,200.0,0.0,0.0
ridge_net_return,costed,2025-09-07,200.0,200.0,200.0,0.0,0.0
ridge_net_return,costed,2025-09-08,200.0,200.0,200.0,0.0,0.0
ridge_net_return,costed,2025-09-09,200.0,200.0,200.0,0.0,0.0
ridge_net_return,costed,2025-09-10,200.0,200.0,200.0,0.0,0.0
ridge_net_return,costed,2025-09-11,200.0,200.0,200.0,0.0,0.0
ridge_net_return,costed,2025-09-12,200.0,200.0,200.0,0.0,0.0
ridge_net_return,costed,2025-09-13,200.0,200.0,200.0,0.0,0.0
ridge_net_return,costed,2025-09-14,200.0,200.0,200.0,0.0,0.0
ridge_net_return,costed,2025-09-15,200.0,200.0,200.0,0.0,0.0
ridge_net_return,costed,2025-09-16,200.0,200.0,200.0,0.0,0.0
ridge_net_return,costed,2025-09-17,200.0,200.0,200.0,0.0,0.0
ridge_net_return,costed,2025-09-18,200.0,200.0,200.0,0.0,0.0
ridge_net_return,costed,2025-09-19,200.0,200.0,200.0,0.0,0.0
ridge_net_return,costed,2025-09-20,200.0,200.0,200.0,0.0,0.0
ridge_net_return,costed,2025-09-21,200.0,200.0,200.0,0.0,0.0
ridge_net_return,costed,2025-09-22,200.0,200.0,200.0,0.0,0.0
ridge_net_return,costed,2025-09-23,200.0,200.0,200.0,0.0,0.0
ridge_net_return,costed,2025-09-24,200.0,200.0,200.0,0.0,0.0
ridge_net_return,costed,2025-09-25,200.0,200.0,200.0,0.0,0.0
ridge_net_return,costed,2025-09-26,200.0,200.0,200.0,0.0,0.0
ridge_net_return,costed,2025-09-27,200.0,200.0,200.0,0.0,0.0
ridge_net_return,costed,2025-09-28,200.0,200.0,200.0,0.0,0.0
ridge_net_return,costed,2025-09-29,200.0,200.0,200.0,0.0,0.0
ridge_net_return,costed,2025-09-30,200.0,200.0,200.0,0.0,0.0
ridge_net_return,costed,2025-10-01,200.0,200.0,200.0,0.0,0.0
ridge_net_return,costed,2025-10-02,200.0,200.0,200.0,0.0,0.0
ridge_net_return,costed,2025-10-03,200.0,200.0,200.0,0.0,0.0
ridge_net_return,costed,2025-10-04,200.0,200.0,200.0,0.0,0.0
ridge_net_return,costed,2025-10-05,200.0,200.0,200.0,0.0,0.0
ridge_net_return,costed,2025-10-06,200.0,200.0,200.0,0.0,0.0
ridge_net_return,costed,2025-10-07,200.0,200.0,200.0,0.0,0.0
ridge_net_return,costed,2025-10-08,200.0,200.0,200.0,0.0,0.0
ridge_net_return,costed,2025-10-09,200.0,200.0,200.0,0.0,0.0
ridge_net_return,costed,2025-10-10,200.0,200.0,200.0,0.0,0.0
ridge_net_return,costed,2025-10-11,200.0,200.0,200.0,0.0,0.0
ridge_net_return,costed,2025-10-12,200.0,200.0,200.0,0.0,0.0
ridge_net_return,costed,2025-10-13,200.0,200.0,200.0,0.0,0.0
ridge_net_return,costed,2025-10-14,200.0,200.0,200.0,0.0,0.0
ridge_net_return,costed,2025-10-15,200.0,200.0,200.0,0.0,0.0
ridge_net_return,costed,2025-10-16,200.0,200.0,200.0,0.0,0.0
ridge_net_return,costed,2025-10-17,200.0,200.0,200.0,0.0,0.0
ridge_net_return,costed,2025-10-18,200.0,200.0,200.0,0.0,0.0
ridge_net_return,costed,2025-10-19,200.0,200.0,200.0,0.0,0.0
ridge_net_return,costed,2025-10-20,200.0,200.0,200.0,0.0,0.0
ridge_net_return,costed,2025-10-21,200.0,200.0,200.0,0.0,0.0
ridge_net_return,costed,2025-10-22,200.0,200.0,200.0,0.0,0.0
ridge_net_return,costed,2025-10-23,200.0,200.0,200.0,0.0,0.0
ridge_net_return,costed,2025-10-24,200.0,200.0,200.0,0.0,0.0
ridge_net_return,costed,2025-10-25,200.0,200.0,200.0,0.0,0.0
ridge_net_return,costed,2025-10-26,200.0,200.0,200.0,0.0,0.0
ridge_net_return,costed,2025-10-27,200.0,200.0,200.0,0.0,0.0
ridge_net_return,costed,2025-10-28,200.0,200.0,200.0,0.0,0.0
ridge_net_return,costed,2025-10-29,200.0,200.0,200.0,0.0,0.0
ridge_net_return,costed,2025-10-30,200.0,200.0,200.0,0.0,0.0
ridge_net_return,costed,2025-10-31,200.0,200.0,200.0,0.0,0.0
ridge_net_return,costed,2025-11-01,200.0,200.0,200.0,0.0,0.0
ridge_net_return,costed,2025-11-02,200.0,200.0,200.0,0.0,0.0
ridge_net_return,costed,2025-11-03,200.0,200.0,200.0,0.0,0.0
ridge_net_return,costed,2025-11-04,200.0,200.0,200.0,0.0,0.0
ridge_net_return,costed,2025-11-05,200.0,200.0,200.0,0.0,0.0
ridge_net_return,costed,2025-11-06,200.0,200.0,200.0,0.0,0.0
ridge_net_return,costed,2025-11-07,200.0,200.0,200.0,0.0,0.0
ridge_net_return,costed,2025-11-08,200.0,200.0,200.0,0.0,0.0
ridge_net_return,costed,2025-11-09,200.0,200.0,200.0,0.0,0.0
ridge_net_return,costed,2025-11-10,200.0,200.0,200.0,0.0,0.0
ridge_net_return,costed,2025-11-11,200.0,200.0,200.0,0.0,0.0
ridge_net_return,costed,2025-11-12,200.0,200.0,200.0,0.0,0.0
ridge_net_return,costed,2025-11-13,200.0,200.0,200.0,0.0,0.0
ridge_net_return,costed,2025-11-14,200.0,200.0,200.0,0.0,0.0
ridge_net_return,costed,2025-11-15,200.0,200.0,200.0,0.0,0.0
ridge_net_return,costed,2025-11-16,200.0,200.0,200.0,0.0,0.0
ridge_net_return,costed,2025-11-17,200.0,200.0,200.0,0.0,0.0
ridge_net_return,costed,2025-11-18,200.0,200.0,200.0,0.0,0.0
ridge_net_return,costed,2025-11-19,200.0,200.0,200.0,0.0,0.0
ridge_net_return,costed,2025-11-20,200.0,200.0,200.0,0.0,0.0
ridge_net_return,costed,2025-11-21,200.0,200.0,200.0,0.0,0.0
ridge_net_return,costed,2025-11-22,200.0,200.0,200.0,0.0,0.0
ridge_net_return,costed,2025-11-23,200.0,200.0,200.0,0.0,0.0
ridge_net_return,costed,2025-11-24,200.0,200.0,200.0,0.0,0.0
ridge_net_return,costed,2025-11-25,200.0,200.0,200.0,0.0,0.0
ridge_net_return,costed,2025-11-26,200.0,200.0,200.0,0.0,0.0
ridge_net_return,costed,2025-11-27,200.0,200.0,200.0,0.0,0.0
ridge_net_return,costed,2025-11-28,200.0,200.0,200.0,0.0,0.0
ridge_net_return,costed,2025-11-29,200.0,200.0,200.0,0.0,0.0
ridge_net_return,costed,2025-11-30,200.0,200.0,200.0,0.0,0.0
ridge_net_return,costed,2025-12-01,200.0,200.0,200.0,0.0,0.0
ridge_net_return,costed,2025-12-02,200.0,200.0,200.0,0.0,0.0
ridge_net_return,costed,2025-12-03,200.0,200.0,200.0,0.0,0.0
ridge_net_return,costed,2025-12-04,200.0,200.0,200.0,0.0,0.0
ridge_net_return,costed,2025-12-05,200.0,200.0,200.0,0.0,0.0
ridge_net_return,costed,2025-12-06,200.0,200.0,200.0,0.0,0.0
ridge_net_return,costed,2025-12-07,200.0,200.0,200.0,0.0,0.0
ridge_net_return,costed,2025-12-08,200.0,200.0,200.0,0.0,0.0
ridge_net_return,costed,2025-12-09,200.0,200.0,200.0,0.0,0.0
ridge_net_return,costed,2025-12-10,200.0,200.0,200.0,0.0,0.0
ridge_net_return,costed,2025-12-11,200.0,200.0,200.0,0.0,0.0
ridge_net_return,costed,2025-12-12,200.0,200.0,200.0,0.0,0.0
ridge_net_return,costed,2025-12-13,200.0,200.0,200.0,0.0,0.0
ridge_net_return,costed,2025-12-14,200.0,200.0,200.0,0.0,0.0
ridge_net_return,costed,2025-12-15,200.0,200.0,200.0,0.0,0.0
ridge_net_return,costed,2025-12-16,200.0,200.0,200.0,0.0,0.0
ridge_net_return,costed,2025-12-17,200.0,200.0,200.0,0.0,0.0
ridge_net_return,costed,2025-12-18,200.0,200.0,200.0,0.0,0.0
ridge_net_return,costed,2025-12-19,200.0,200.0,200.0,0.0,0.0
ridge_net_return,costed,2025-12-20,200.0,200.0,200.0,0.0,0.0
ridge_net_return,costed,2025-12-21,200.0,200.0,200.0,0.0,0.0
ridge_net_return,costed,2025-12-22,200.0,200.0,200.0,0.0,0.0
ridge_net_return,costed,2025-12-23,200.0,200.0,200.0,0.0,0.0
ridge_net_return,costed,2025-12-24,200.0,200.0,200.0,0.0,0.0
ridge_net_return,costed,2025-12-25,200.0,200.0,200.0,0.0,0.0
ridge_net_return,costed,2025-12-26,200.0,200.0,200.0,0.0,0.0
ridge_net_return,costed,2025-12-27,200.0,200.0,200.0,0.0,0.0
ridge_net_return,costed,2025-12-28,200.0,200.0,200.0,0.0,0.0
ridge_net_return,costed,2025-12-29,200.0,200.0,200.0,0.0,0.0
ridge_net_return,costed,2025-12-30,200.0,200.0,200.0,0.0,0.0
ridge_net_return,costed,2025-12-31,200.0,200.0,200.0,0.0,0.0
ridge_net_return,costed,2026-01-01,200.0,200.0,200.0,0.0,0.0
ridge_net_return,costed,2026-01-02,200.0,200.0,200.0,0.0,0.0
ridge_net_return,costed,2026-01-03,200.0,200.0,200.0,0.0,0.0
ridge_net_return,costed,2026-01-04,200.0,200.0,200.0,0.0,0.0
ridge_net_return,costed,2026-01-05,200.0,200.0,200.0,0.0,0.0
ridge_net_return,costed,2026-01-06,200.0,200.0,200.0,0.0,0.0
ridge_net_return,costed,2026-01-07,200.0,200.0,200.0,0.0,0.0
ridge_net_return,costed,2026-01-08,200.0,200.0,200.0,0.0,0.0
ridge_net_return,costed,2026-01-09,200.0,200.0,200.0,0.0,0.0
ridge_net_return,costed,2026-01-10,200.0,200.0,200.0,0.0,0.0
ridge_net_return,costed,2026-01-11,200.0,200.0,200.0,0.0,0.0
ridge_net_return,costed,2026-01-12,200.0,200.0,200.0,0.0,0.0
ridge_net_return,costed,2026-01-13,200.0,200.0,200.0,0.0,0.0
ridge_net_return,costed,2026-01-14,200.0,200.0,200.0,0.0,0.0
ridge_net_return,costed,2026-01-15,200.0,200.0,200.0,0.0,0.0
ridge_net_return,costed,2026-01-16,200.0,200.0,200.0,0.0,0.0
ridge_net_return,costed,2026-01-17,200.0,200.0,200.0,0.0,0.0
ridge_net_return,costed,2026-01-18,200.0,200.0,200.0,0.0,0.0
ridge_net_return,costed,2026-01-19,200.0,200.0,200.0,0.0,0.0
ridge_net_return,costed,2026-01-20,200.0,200.0,200.0,0.0,0.0
ridge_net_return,costed,2026-01-21,200.0,200.0,200.0,0.0,0.0
ridge_net_return,costed,2026-01-22,200.0,200.0,200.0,0.0,0.0
ridge_net_return,costed,2026-01-23,200.0,200.0,200.0,0.0,0.0
ridge_net_return,costed,2026-01-24,200.0,200.0,200.0,0.0,0.0
ridge_net_return,costed,2026-01-25,200.0,200.0,200.0,0.0,0.0
ridge_net_return,costed,2026-01-26,200.0,200.0,200.0,0.0,0.0
ridge_net_return,costed,2026-01-27,200.0,200.0,200.0,0.0,0.0
ridge_net_return,costed,2026-01-28,200.0,200.0,200.0,0.0,0.0
ridge_net_return,costed,2026-01-29,200.0,200.0,200.0,0.0,0.0
ridge_net_return,costed,2026-01-30,200.0,200.0,200.0,0.0,0.0
ridge_net_return,costed,2026-01-31,200.0,200.0,200.0,0.0,0.0
ridge_net_return,costed,2026-02-01,200.0,200.0,200.0,0.0,0.0
ridge_net_return,costed,2026-02-02,200.0,200.0,200.0,0.0,0.0
ridge_net_return,costed,2026-02-03,200.0,200.0,200.0,0.0,0.0
ridge_net_return,costed,2026-02-04,200.0,200.0,200.0,0.0,0.0
ridge_net_return,costed,2026-02-05,200.0,200.0,200.0,0.0,0.0
ridge_net_return,costed,2026-02-06,200.0,200.0,200.0,0.0,0.0
ridge_net_return,costed,2026-02-07,200.0,200.0,200.0,0.0,0.0
ridge_net_return,costed,2026-02-08,200.0,200.0,200.0,0.0,0.0
ridge_net_return,costed,2026-02-09,200.0,200.0,200.0,0.0,0.0
ridge_net_return,costed,2026-02-10,200.0,200.0,200.0,0.0,0.0
ridge_net_return,costed,2026-02-11,200.0,200.0,200.0,0.0,0.0
ridge_net_return,costed,2026-02-12,200.0,200.0,200.0,0.0,0.0
ridge_net_return,costed,2026-02-13,200.0,200.0,200.0,0.0,0.0
ridge_net_return,costed,2026-02-14,200.0,200.0,200.0,0.0,0.0
ridge_net_return,costed,2026-02-15,200.0,200.0,200.0,0.0,0.0
ridge_net_return,costed,2026-02-16,200.0,200.0,200.0,0.0,0.0
ridge_net_return,costed,2026-02-17,200.0,200.0,200.0,0.0,0.0
ridge_net_return,costed,2026-02-18,200.0,200.0,200.0,0.0,0.0
ridge_net_return,costed,2026-02-19,200.0,200.0,200.0,0.0,0.0
ridge_net_return,costed,2026-02-20,200.0,200.0,200.0,0.0,0.0
ridge_net_return,costed,2026-02-21,200.0,200.0,200.0,0.0,0.0
ridge_net_return,costed,2026-02-22,200.0,200.0,200.0,0.0,0.0
ridge_net_return,costed,2026-02-23,200.0,200.0,200.0,0.0,0.0
ridge_net_return,costed,2026-02-24,200.0,200.0,200.0,0.0,0.0
ridge_net_return,costed,2026-02-25,200.0,200.0,200.0,0.0,0.0
ridge_net_return,costed,2026-02-26,200.0,200.0,200.0,0.0,0.0
ridge_net_return,costed,2026-02-27,200.0,200.0,200.0,0.0,0.0
ridge_net_return,costed,2026-02-28,200.0,200.0,200.0,0.0,0.0
ridge_net_return,costed,2026-03-01,200.0,200.0,200.0,0.0,0.0
ridge_net_return,costed,2026-03-02,198.55,199.97,198.55,0.03,0.0
ridge_net_return,costed,2026-03-03,198.55,198.55,198.55,0.0,-1.45
ridge_net_return,costed,2026-03-04,198.55,198.55,198.55,0.0,0.0
ridge_net_return,costed,2026-03-05,197.55,198.54,197.55,0.01,0.0
ridge_net_return,costed,2026-03-06,196.75,198.53,196.75,0.02,0.0
ridge_net_return,costed,2026-03-07,196.84,198.74,196.84,0.01,0.2
ridge_net_return,costed,2026-03-08,196.09,198.81,196.09,0.03,0.09
ridge_net_return,costed,2026-03-09,199.09,199.09,199.09,0.0,0.25
ridge_net_return,costed,2026-03-10,197.53,199.03,197.53,0.06,0.0
ridge_net_return,costed,2026-03-11,196.57,200.51,196.57,0.02,1.44
ridge_net_return,costed,2026-03-12,196.69,200.55,196.69,0.02,0.04
ridge_net_return,costed,2026-03-13,198.83,200.67,198.83,0.02,0.12
ridge_net_return,costed,2026-03-14,200.83,200.83,200.83,0.0,0.14
ridge_net_return,costed,2026-03-15,198.86,200.82,198.86,0.01,0.0
ridge_net_return,costed,2026-03-16,197.05,200.83,197.05,0.03,0.03
ridge_net_return,costed,2026-03-17,199.06,201.04,199.06,0.01,0.19
ridge_net_return,costed,2026-03-18,195.38,201.02,195.38,0.04,0.01
ridge_net_return,costed,2026-03-19,195.47,201.35,195.47,0.03,0.32
ridge_net_return,costed,2026-03-20,199.63,201.45,199.63,0.02,0.09
ridge_net_return,costed,2026-03-21,200.43,201.59,200.43,0.04,0.16
ridge_net_return,costed,2026-03-22,198.44,200.42,198.44,0.01,-1.2
ridge_net_return,costed,2026-03-23,200.44,200.44,200.44,0.0,0.01
ridge_net_return,costed,2026-03-24,196.58,200.42,196.58,0.02,0.0
ridge_net_return,costed,2026-03-25,196.93,200.55,196.93,0.03,0.14
ridge_net_return,costed,2026-03-26,200.93,200.93,200.93,0.0,0.35
ridge_net_return,costed,2026-03-27,198.01,200.87,198.01,0.06,0.0
ridge_net_return,costed,2026-03-28,195.39,199.95,195.39,0.06,-0.92
ridge_net_return,costed,2026-03-29,199.39,199.39,199.39,0.0,-0.62
ridge_net_return,costed,2026-03-30,197.42,199.38,197.42,0.01,0.0
ridge_net_return,costed,2026-03-31,197.64,199.4,197.64,0.02,0.03
ridge_net_return,costed,2026-04-01,195.87,199.61,195.87,0.03,0.22
ridge_net_return,costed,2026-04-02,195.9,197.85,195.9,0.02,-1.77
ridge_net_return,costed,2026-04-03,195.36,196.8,195.36,0.1,-0.97
ridge_net_return,costed,2026-04-04,195.36,195.36,195.36,0.0,-1.54
ridge_net_return,costed,2026-04-05,193.59,195.33,193.59,0.03,0.0
ridge_net_return,costed,2026-04-06,195.59,195.59,195.59,0.0,0.23
ridge_net_return,costed,2026-04-07,194.61,195.58,194.61,0.01,0.0
ridge_net_return,costed,2026-04-08,194.73,195.57,194.73,0.04,0.02
ridge_net_return,costed,2026-04-09,195.37,196.69,195.37,0.04,1.12
ridge_net_return,costed,2026-04-10,196.38,197.36,196.38,0.01,0.64
ridge_net_return,costed,2026-04-11,192.5,197.35,192.5,0.03,0.01
ridge_net_return,costed,2026-04-12,194.55,197.39,194.55,0.11,0.12
ridge_net_return,costed,2026-04-13,193.91,196.51,193.91,0.04,-0.95
ridge_net_return,costed,2026-04-14,195.04,196.8,195.04,0.11,0.36
ridge_net_return,costed,2026-04-15,191.35,194.95,191.35,0.09,-1.87
ridge_net_return,costed,2026-04-16,195.68,197.32,195.68,0.03,2.31
ridge_net_return,costed,2026-04-17,194.68,195.67,194.68,0.01,-1.67
ridge_net_return,costed,2026-04-18,195.68,195.68,195.68,0.0,0.0
ridge_net_return,costed,2026-04-19,191.11,195.61,191.11,0.07,0.0
ridge_net_return,costed,2026-04-20,195.11,195.11,195.11,0.0,-0.57
ridge_net_return,costed,2026-04-21,192.57,195.07,192.57,0.04,0.0
ridge_net_return,costed,2026-04-22,192.28,194.52,192.28,0.05,-0.54
ridge_net_return,costed,2026-04-23,195.28,195.28,195.28,0.0,0.71
ridge_net_return,costed,2026-04-24,193.32,195.26,193.32,0.02,0.0
ridge_net_return,costed,2026-04-25,192.44,195.3,192.44,0.02,0.04
ridge_net_return,costed,2026-04-26,190.96,195.38,190.96,0.06,0.12
ridge_net_return,costed,2026-04-27,192.05,193.95,192.05,0.01,-1.48
ridge_net_return,costed,2026-04-28,191.26,194.02,191.26,0.03,0.09
ridge_net_return,costed,2026-04-29,194.15,194.25,194.15,0.01,0.21
ridge_net_return,costed,2026-04-30,193.51,194.11,193.51,0.04,-0.11
ridge_net_return,costed,2026-05-01,193.51,193.51,193.51,0.0,-0.64
ridge_net_return,costed,2026-05-02,193.51,193.51,193.51,0.0,0.0
ridge_net_return,costed,2026-05-03,191.92,193.45,191.92,0.06,0.0
ridge_net_return,costed,2026-05-04,194.92,194.92,194.92,0.0,1.41
ridge_net_return,costed,2026-05-05,194.92,194.92,194.92,0.0,0.0
ridge_net_return,costed,2026-05-06,194.92,194.92,194.92,0.0,0.0
ridge_net_return,costed,2026-05-07,193.93,194.91,193.93,0.01,0.0
ridge_net_return,costed,2026-05-08,194.93,194.93,194.93,0.0,0.01
ridge_net_return,costed,2026-05-09,194.93,194.93,194.93,0.0,0.0
ridge_net_return,costed,2026-05-10,194.93,194.93,194.93,0.0,0.0
ridge_net_return,costed,2026-05-11,193.81,194.89,193.81,0.04,0.0
ridge_net_return,costed,2026-05-12,191.64,193.78,191.64,0.03,-1.12
ridge_net_return,costed,2026-05-13,193.64,193.64,193.64,0.0,-0.17
ridge_net_return,costed,2026-05-14,191.73,193.63,191.73,0.01,0.0
ridge_net_return,costed,2026-05-15,193.73,193.73,193.73,0.0,0.09
ridge_net_return,costed,2026-05-16,193.73,193.73,193.73,0.0,0.0
ridge_net_return,costed,2026-05-17,190.84,193.66,190.84,0.07,0.0
ridge_net_return,costed,2026-05-18,191.89,192.83,191.89,0.01,-0.89
ridge_net_return,costed,2026-05-19,191.94,192.88,191.94,0.01,0.05
ridge_net_return,costed,2026-05-20,192.94,192.94,192.94,0.0,0.05
ridge_net_return,costed,2026-05-21,191.94,192.93,191.94,0.01,0.0
ridge_net_return,costed,2026-05-22,191.8,192.88,191.8,0.06,0.0
ridge_net_return,costed,2026-05-23,189.81,191.78,189.81,0.02,-1.14
ridge_net_return,costed,2026-05-24,191.81,191.81,191.81,0.0,0.01
ridge_net_return,costed,2026-05-25,190.81,191.8,190.81,0.01,0.0
ridge_net_return,costed,2026-05-26,191.81,191.81,191.81,0.0,0.0
ridge_net_return,costed,2026-05-27,190.64,191.74,190.64,0.07,0.0
ridge_net_return,costed,2026-05-28,189.27,190.6,189.27,0.04,-1.17
ridge_net_return,costed,2026-05-29,190.27,190.27,190.27,0.0,-0.37
ridge_net_return,costed,2026-05-30,189.29,190.26,189.29,0.01,0.0
ridge_net_return,costed,2026-05-31,189.39,190.28,189.39,0.01,0.02
ridge_net_return,costed,2026-06-01,189.39,189.39,189.39,0.0,-0.9
ridge_net_return,costed,2026-06-02,189.39,189.39,189.39,0.0,0.0
ridge_net_return,costed,2026-06-03,189.39,189.39,189.39,0.0,0.0
ridge_net_return,costed,2026-06-04,188.7,189.34,188.7,0.05,0.0
ridge_net_return,costed,2026-06-05,188.7,188.7,188.7,0.0,-0.69
ridge_net_return,costed,2026-06-06,188.7,188.7,188.7,0.0,0.0
ridge_net_return,costed,2026-06-07,188.7,188.7,188.7,0.0,0.0
ridge_net_return,costed,2026-06-08,188.7,188.7,188.7,0.0,0.0
ridge_net_return,costed,2026-06-09,188.7,188.7,188.7,0.0,0.0
ridge_net_return,costed,2026-06-10,188.7,188.7,188.7,0.0,0.0
ridge_net_return,costed,2026-06-11,188.7,188.7,188.7,0.0,0.0
ridge_net_return,costed,2026-06-12,188.7,188.7,188.7,0.0,0.0
ridge_net_return,costed,2026-06-13,188.7,188.7,188.7,0.0,0.0
ridge_net_return,costed,2026-06-14,188.7,188.7,188.7,0.0,0.0
ridge_net_return,costed,2026-06-15,188.7,188.7,188.7,0.0,0.0
ridge_net_return,costed,2026-06-16,188.7,188.7,188.7,0.0,0.0
ridge_net_return,costed,2026-06-17,188.7,188.7,188.7,0.0,0.0
ridge_net_return,costed,2026-06-18,188.7,188.7,188.7,0.0,0.0
ridge_net_return,costed,2026-06-19,188.7,188.7,188.7,0.0,0.0
ridge_net_return,costed,2026-06-20,188.7,188.7,188.7,0.0,0.0
ridge_net_return,costed,2026-06-21,188.7,188.7,188.7,0.0,0.0
ridge_net_return,costed,2026-06-22,188.7,188.7,188.7,0.0,0.0
ridge_net_return,costed,2026-06-23,188.7,188.7,188.7,0.0,0.0
ridge_net_return,costed,2026-06-24,188.7,188.7,188.7,0.0,0.0
ridge_net_return,costed,2026-06-25,188.7,188.7,188.7,0.0,0.0
ridge_net_return,costed,2026-06-26,188.7,188.7,188.7,0.0,0.0
ridge_net_return,costed,2026-06-27,188.7,188.7,188.7,0.0,0.0
ridge_net_return,costed,2026-06-28,188.7,188.7,188.7,0.0,0.0
ridge_net_return,costed,2026-06-29,188.7,188.7,188.7,0.0,0.0
ridge_net_return,costed,2026-06-30,188.7,188.7,188.7,0.0,0.0
ridge_net_return,costed,2026-07-01,188.7,188.7,188.7,0.0,0.0
ridge_net_return,costed,2026-07-02,188.7,188.7,188.7,0.0,0.0
ridge_net_return,costed,2026-07-03,188.7,188.7,188.7,0.0,0.0
ridge_net_return,costed,2026-07-04,188.7,188.7,188.7,0.0,0.0
ridge_net_return,costed,2026-07-05,188.7,188.7,188.7,0.0,0.0
ridge_net_return,costed,2026-07-06,188.7,188.7,188.7,0.0,0.0
ridge_net_return,costed,2026-07-07,188.7,188.7,188.7,0.0,0.0
ridge_net_return,costed,2026-07-08,188.7,188.7,188.7,0.0,0.0
ridge_net_return,costed,2026-07-09,188.7,188.7,188.7,0.0,0.0
ridge_net_return,costed,2026-07-10,188.7,188.7,188.7,0.0,0.0
ridge_net_return,costed,2026-07-11,188.7,188.7,188.7,0.0,0.0
ridge_net_return,costed,2026-07-12,188.7,188.7,188.7,0.0,0.0
ridge_net_return,costed,2026-07-13,188.7,188.7,188.7,0.0,0.0
ridge_net_return,costed,2026-07-14,188.7,188.7,188.7,0.0,0.0
ridge_net_return,costed,2026-07-15,188.7,188.7,188.7,0.0,0.0
ridge_net_return,costed,2026-07-16,188.7,188.7,188.7,0.0,0.0
ridge_net_return,costed,2026-07-17,188.7,188.7,188.7,0.0,0.0
ridge_net_return,costed,2026-07-18,188.7,188.7,188.7,0.0,0.0
ridge_net_return,costed,2026-07-19,188.7,188.7,188.7,0.0,0.0
ridge_net_return,costed,2026-07-20,188.7,188.7,188.7,0.0,0.0
ridge_net_return,costed,2026-07-21,188.7,188.7,188.7,0.0,0.0
ridge_net_return,costed,2026-07-22,188.7,188.7,188.7,0.0,0.0
ridge_net_return,costed,2026-07-23,188.7,188.7,188.7,0.0,0.0
ridge_net_return,costed,2026-07-24,188.7,188.7,188.7,0.0,0.0
ridge_net_return,costed,2026-07-25,188.7,188.7,188.7,0.0,0.0
ridge_net_return,costed,2026-07-26,188.7,188.7,188.7,0.0,0.0
ridge_net_return,costed,2026-07-27,188.7,188.7,188.7,0.0,0.0
ridge_net_return,costed,2026-07-28,188.7,188.7,188.7,0.0,0.0
ridge_net_return,costed,2026-07-29,188.7,188.7,188.7,0.0,0.0
ridge_net_return,costed,2026-07-30,188.7,188.7,188.7,0.0,0.0
ridge_net_return,costed,2026-07-31,188.7,188.7,188.7,0.0,0.0
ridge_net_return,costed,2026-08-01,188.7,188.7,188.7,0.0,0.0
ridge_net_return,costed,2026-08-02,188.7,188.7,188.7,0.0,0.0
ridge_net_return,costed,2026-08-03,188.7,188.7,188.7,0.0,0.0
ridge_net_return,costed,2026-08-04,188.7,188.7,188.7,0.0,0.0
ridge_net_return,costed,2026-08-05,188.7,188.7,188.7,0.0,0.0
ridge_net_return,costed,2026-08-06,188.7,188.7,188.7,0.0,0.0
ridge_net_return,costed,2026-08-07,188.7,188.7,188.7,0.0,0.0
ridge_net_return,costed,2026-08-08,188.7,188.7,188.7,0.0,0.0
ridge_net_return,costed,2026-08-09,188.7,188.7,188.7,0.0,0.0
ridge_net_return,costed,2026-08-10,188.7,188.7,188.7,0.0,0.0
ridge_net_return,costed,2026-08-11,188.7,188.7,188.7,0.0,0.0
ridge_net_return,costed,2026-08-12,188.7,188.7,188.7,0.0,0.0
ridge_net_return,costed,2026-08-13,188.7,188.7,188.7,0.0,0.0
ridge_net_return,costed,2026-08-14,188.7,188.7,188.7,0.0,0.0
ridge_net_return,costed,2026-08-15,188.7,188.7,188.7,0.0,0.0
ridge_net_return,costed,2026-08-16,188.7,188.7,188.7,0.0,0.0
ridge_net_return,costed,2026-08-17,188.7,188.7,188.7,0.0,0.0
ridge_net_return,costed,2026-08-18,188.7,188.7,188.7,0.0,0.0
ridge_net_return,costed,2026-08-19,188.7,188.7,188.7,0.0,0.0
ridge_net_return,costed,2026-08-20,188.7,188.7,188.7,0.0,0.0
ridge_net_return,costed,2026-08-21,188.7,188.7,188.7,0.0,0.0
ridge_net_return,costed,2026-08-22,188.7,188.7,188.7,0.0,0.0
ridge_net_return,costed,2026-08-23,188.7,188.7,188.7,0.0,0.0
ridge_net_return,costed,2026-08-24,188.7,188.7,188.7,0.0,0.0
ridge_net_return,costed,2026-08-25,188.7,188.7,188.7,0.0,0.0
ridge_net_return,costed,2026-08-26,188.7,188.7,188.7,0.0,0.0
ridge_net_return,costed,2026-08-27,188.7,188.7,188.7,0.0,0.0
ridge_net_return,costed,2026-08-28,188.7,188.7,188.7,0.0,0.0
ridge_net_return,costed,2026-08-29,188.7,188.7,188.7,0.0,0.0
ridge_net_return,costed,2026-08-30,188.7,188.7,188.7,0.0,0.0
ridge_net_return,costed,2026-08-31,188.7,188.7,188.7,0.0,0.0
ridge_net_return,costed,2026-09-01,188.7,188.7,188.7,0.0,0.0
ridge_net_return,costed,2026-09-02,188.7,188.7,188.7,0.0,0.0
ridge_net_return,costed,2026-09-03,188.7,188.7,188.7,0.0,0.0
ridge_net_return,costed,2026-09-04,188.7,188.7,188.7,0.0,0.0
ridge_net_return,costed,2026-09-05,188.7,188.7,188.7,0.0,0.0
ridge_net_return,stress,2025-09-06,200.0,200.0,200.0,0.0,0.0
ridge_net_return,stress,2025-09-07,200.0,200.0,200.0,0.0,0.0
ridge_net_return,stress,2025-09-08,200.0,200.0,200.0,0.0,0.0
ridge_net_return,stress,2025-09-09,200.0,200.0,200.0,0.0,0.0
ridge_net_return,stress,2025-09-10,200.0,200.0,200.0,0.0,0.0
ridge_net_return,stress,2025-09-11,200.0,200.0,200.0,0.0,0.0
ridge_net_return,stress,2025-09-12,200.0,200.0,200.0,0.0,0.0
ridge_net_return,stress,2025-09-13,200.0,200.0,200.0,0.0,0.0
ridge_net_return,stress,2025-09-14,200.0,200.0,200.0,0.0,0.0
ridge_net_return,stress,2025-09-15,200.0,200.0,200.0,0.0,0.0
ridge_net_return,stress,2025-09-16,200.0,200.0,200.0,0.0,0.0
ridge_net_return,stress,2025-09-17,200.0,200.0,200.0,0.0,0.0
ridge_net_return,stress,2025-09-18,200.0,200.0,200.0,0.0,0.0
ridge_net_return,stress,2025-09-19,200.0,200.0,200.0,0.0,0.0
ridge_net_return,stress,2025-09-20,200.0,200.0,200.0,0.0,0.0
ridge_net_return,stress,2025-09-21,200.0,200.0,200.0,0.0,0.0
ridge_net_return,stress,2025-09-22,200.0,200.0,200.0,0.0,0.0
ridge_net_return,stress,2025-09-23,200.0,200.0,200.0,0.0,0.0
ridge_net_return,stress,2025-09-24,200.0,200.0,200.0,0.0,0.0
ridge_net_return,stress,2025-09-25,200.0,200.0,200.0,0.0,0.0
ridge_net_return,stress,2025-09-26,200.0,200.0,200.0,0.0,0.0
ridge_net_return,stress,2025-09-27,200.0,200.0,200.0,0.0,0.0
ridge_net_return,stress,2025-09-28,200.0,200.0,200.0,0.0,0.0
ridge_net_return,stress,2025-09-29,200.0,200.0,200.0,0.0,0.0
ridge_net_return,stress,2025-09-30,200.0,200.0,200.0,0.0,0.0
ridge_net_return,stress,2025-10-01,200.0,200.0,200.0,0.0,0.0
ridge_net_return,stress,2025-10-02,200.0,200.0,200.0,0.0,0.0
ridge_net_return,stress,2025-10-03,200.0,200.0,200.0,0.0,0.0
ridge_net_return,stress,2025-10-04,200.0,200.0,200.0,0.0,0.0
ridge_net_return,stress,2025-10-05,200.0,200.0,200.0,0.0,0.0
ridge_net_return,stress,2025-10-06,200.0,200.0,200.0,0.0,0.0
ridge_net_return,stress,2025-10-07,200.0,200.0,200.0,0.0,0.0
ridge_net_return,stress,2025-10-08,200.0,200.0,200.0,0.0,0.0
ridge_net_return,stress,2025-10-09,200.0,200.0,200.0,0.0,0.0
ridge_net_return,stress,2025-10-10,200.0,200.0,200.0,0.0,0.0
ridge_net_return,stress,2025-10-11,200.0,200.0,200.0,0.0,0.0
ridge_net_return,stress,2025-10-12,200.0,200.0,200.0,0.0,0.0
ridge_net_return,stress,2025-10-13,200.0,200.0,200.0,0.0,0.0
ridge_net_return,stress,2025-10-14,200.0,200.0,200.0,0.0,0.0
ridge_net_return,stress,2025-10-15,200.0,200.0,200.0,0.0,0.0
ridge_net_return,stress,2025-10-16,200.0,200.0,200.0,0.0,0.0
ridge_net_return,stress,2025-10-17,200.0,200.0,200.0,0.0,0.0
ridge_net_return,stress,2025-10-18,200.0,200.0,200.0,0.0,0.0
ridge_net_return,stress,2025-10-19,200.0,200.0,200.0,0.0,0.0
ridge_net_return,stress,2025-10-20,200.0,200.0,200.0,0.0,0.0
ridge_net_return,stress,2025-10-21,200.0,200.0,200.0,0.0,0.0
ridge_net_return,stress,2025-10-22,200.0,200.0,200.0,0.0,0.0
ridge_net_return,stress,2025-10-23,200.0,200.0,200.0,0.0,0.0
ridge_net_return,stress,2025-10-24,200.0,200.0,200.0,0.0,0.0
ridge_net_return,stress,2025-10-25,200.0,200.0,200.0,0.0,0.0
ridge_net_return,stress,2025-10-26,200.0,200.0,200.0,0.0,0.0
ridge_net_return,stress,2025-10-27,200.0,200.0,200.0,0.0,0.0
ridge_net_return,stress,2025-10-28,200.0,200.0,200.0,0.0,0.0
ridge_net_return,stress,2025-10-29,200.0,200.0,200.0,0.0,0.0
ridge_net_return,stress,2025-10-30,200.0,200.0,200.0,0.0,0.0
ridge_net_return,stress,2025-10-31,200.0,200.0,200.0,0.0,0.0
ridge_net_return,stress,2025-11-01,200.0,200.0,200.0,0.0,0.0
ridge_net_return,stress,2025-11-02,200.0,200.0,200.0,0.0,0.0
ridge_net_return,stress,2025-11-03,200.0,200.0,200.0,0.0,0.0
ridge_net_return,stress,2025-11-04,200.0,200.0,200.0,0.0,0.0
ridge_net_return,stress,2025-11-05,200.0,200.0,200.0,0.0,0.0
ridge_net_return,stress,2025-11-06,200.0,200.0,200.0,0.0,0.0
ridge_net_return,stress,2025-11-07,200.0,200.0,200.0,0.0,0.0
ridge_net_return,stress,2025-11-08,200.0,200.0,200.0,0.0,0.0
ridge_net_return,stress,2025-11-09,200.0,200.0,200.0,0.0,0.0
ridge_net_return,stress,2025-11-10,200.0,200.0,200.0,0.0,0.0
ridge_net_return,stress,2025-11-11,200.0,200.0,200.0,0.0,0.0
ridge_net_return,stress,2025-11-12,200.0,200.0,200.0,0.0,0.0
ridge_net_return,stress,2025-11-13,200.0,200.0,200.0,0.0,0.0
ridge_net_return,stress,2025-11-14,200.0,200.0,200.0,0.0,0.0
ridge_net_return,stress,2025-11-15,200.0,200.0,200.0,0.0,0.0
ridge_net_return,stress,2025-11-16,200.0,200.0,200.0,0.0,0.0
ridge_net_return,stress,2025-11-17,200.0,200.0,200.0,0.0,0.0
ridge_net_return,stress,2025-11-18,200.0,200.0,200.0,0.0,0.0
ridge_net_return,stress,2025-11-19,200.0,200.0,200.0,0.0,0.0
ridge_net_return,stress,2025-11-20,200.0,200.0,200.0,0.0,0.0
ridge_net_return,stress,2025-11-21,200.0,200.0,200.0,0.0,0.0
ridge_net_return,stress,2025-11-22,200.0,200.0,200.0,0.0,0.0
ridge_net_return,stress,2025-11-23,200.0,200.0,200.0,0.0,0.0
ridge_net_return,stress,2025-11-24,200.0,200.0,200.0,0.0,0.0
ridge_net_return,stress,2025-11-25,200.0,200.0,200.0,0.0,0.0
ridge_net_return,stress,2025-11-26,200.0,200.0,200.0,0.0,0.0
ridge_net_return,stress,2025-11-27,200.0,200.0,200.0,0.0,0.0
ridge_net_return,stress,2025-11-28,200.0,200.0,200.0,0.0,0.0
ridge_net_return,stress,2025-11-29,200.0,200.0,200.0,0.0,0.0
ridge_net_return,stress,2025-11-30,200.0,200.0,200.0,0.0,0.0
ridge_net_return,stress,2025-12-01,200.0,200.0,200.0,0.0,0.0
ridge_net_return,stress,2025-12-02,200.0,200.0,200.0,0.0,0.0
ridge_net_return,stress,2025-12-03,200.0,200.0,200.0,0.0,0.0
ridge_net_return,stress,2025-12-04,200.0,200.0,200.0,0.0,0.0
ridge_net_return,stress,2025-12-05,200.0,200.0,200.0,0.0,0.0
ridge_net_return,stress,2025-12-06,200.0,200.0,200.0,0.0,0.0
ridge_net_return,stress,2025-12-07,200.0,200.0,200.0,0.0,0.0
ridge_net_return,stress,2025-12-08,200.0,200.0,200.0,0.0,0.0
ridge_net_return,stress,2025-12-09,200.0,200.0,200.0,0.0,0.0
ridge_net_return,stress,2025-12-10,200.0,200.0,200.0,0.0,0.0
ridge_net_return,stress,2025-12-11,200.0,200.0,200.0,0.0,0.0
ridge_net_return,stress,2025-12-12,200.0,200.0,200.0,0.0,0.0
ridge_net_return,stress,2025-12-13,200.0,200.0,200.0,0.0,0.0
ridge_net_return,stress,2025-12-14,200.0,200.0,200.0,0.0,0.0
ridge_net_return,stress,2025-12-15,200.0,200.0,200.0,0.0,0.0
ridge_net_return,stress,2025-12-16,200.0,200.0,200.0,0.0,0.0
ridge_net_return,stress,2025-12-17,200.0,200.0,200.0,0.0,0.0
ridge_net_return,stress,2025-12-18,200.0,200.0,200.0,0.0,0.0
ridge_net_return,stress,2025-12-19,200.0,200.0,200.0,0.0,0.0
ridge_net_return,stress,2025-12-20,200.0,200.0,200.0,0.0,0.0
ridge_net_return,stress,2025-12-21,200.0,200.0,200.0,0.0,0.0
ridge_net_return,stress,2025-12-22,200.0,200.0,200.0,0.0,0.0
ridge_net_return,stress,2025-12-23,200.0,200.0,200.0,0.0,0.0
ridge_net_return,stress,2025-12-24,200.0,200.0,200.0,0.0,0.0
ridge_net_return,stress,2025-12-25,200.0,200.0,200.0,0.0,0.0
ridge_net_return,stress,2025-12-26,200.0,200.0,200.0,0.0,0.0
ridge_net_return,stress,2025-12-27,200.0,200.0,200.0,0.0,0.0
ridge_net_return,stress,2025-12-28,200.0,200.0,200.0,0.0,0.0
ridge_net_return,stress,2025-12-29,200.0,200.0,200.0,0.0,0.0
ridge_net_return,stress,2025-12-30,200.0,200.0,200.0,0.0,0.0
ridge_net_return,stress,2025-12-31,200.0,200.0,200.0,0.0,0.0
ridge_net_return,stress,2026-01-01,200.0,200.0,200.0,0.0,0.0
ridge_net_return,stress,2026-01-02,200.0,200.0,200.0,0.0,0.0
ridge_net_return,stress,2026-01-03,200.0,200.0,200.0,0.0,0.0
ridge_net_return,stress,2026-01-04,200.0,200.0,200.0,0.0,0.0
ridge_net_return,stress,2026-01-05,200.0,200.0,200.0,0.0,0.0
ridge_net_return,stress,2026-01-06,200.0,200.0,200.0,0.0,0.0
ridge_net_return,stress,2026-01-07,200.0,200.0,200.0,0.0,0.0
ridge_net_return,stress,2026-01-08,200.0,200.0,200.0,0.0,0.0
ridge_net_return,stress,2026-01-09,200.0,200.0,200.0,0.0,0.0
ridge_net_return,stress,2026-01-10,200.0,200.0,200.0,0.0,0.0
ridge_net_return,stress,2026-01-11,200.0,200.0,200.0,0.0,0.0
ridge_net_return,stress,2026-01-12,200.0,200.0,200.0,0.0,0.0
ridge_net_return,stress,2026-01-13,200.0,200.0,200.0,0.0,0.0
ridge_net_return,stress,2026-01-14,200.0,200.0,200.0,0.0,0.0
ridge_net_return,stress,2026-01-15,200.0,200.0,200.0,0.0,0.0
ridge_net_return,stress,2026-01-16,200.0,200.0,200.0,0.0,0.0
ridge_net_return,stress,2026-01-17,200.0,200.0,200.0,0.0,0.0
ridge_net_return,stress,2026-01-18,200.0,200.0,200.0,0.0,0.0
ridge_net_return,stress,2026-01-19,200.0,200.0,200.0,0.0,0.0
ridge_net_return,stress,2026-01-20,200.0,200.0,200.0,0.0,0.0
ridge_net_return,stress,2026-01-21,200.0,200.0,200.0,0.0,0.0
ridge_net_return,stress,2026-01-22,200.0,200.0,200.0,0.0,0.0
ridge_net_return,stress,2026-01-23,200.0,200.0,200.0,0.0,0.0
ridge_net_return,stress,2026-01-24,200.0,200.0,200.0,0.0,0.0
ridge_net_return,stress,2026-01-25,200.0,200.0,200.0,0.0,0.0
ridge_net_return,stress,2026-01-26,200.0,200.0,200.0,0.0,0.0
ridge_net_return,stress,2026-01-27,200.0,200.0,200.0,0.0,0.0
ridge_net_return,stress,2026-01-28,200.0,200.0,200.0,0.0,0.0
ridge_net_return,stress,2026-01-29,200.0,200.0,200.0,0.0,0.0
ridge_net_return,stress,2026-01-30,200.0,200.0,200.0,0.0,0.0
ridge_net_return,stress,2026-01-31,200.0,200.0,200.0,0.0,0.0
ridge_net_return,stress,2026-02-01,200.0,200.0,200.0,0.0,0.0
ridge_net_return,stress,2026-02-02,200.0,200.0,200.0,0.0,0.0
ridge_net_return,stress,2026-02-03,200.0,200.0,200.0,0.0,0.0
ridge_net_return,stress,2026-02-04,200.0,200.0,200.0,0.0,0.0
ridge_net_return,stress,2026-02-05,200.0,200.0,200.0,0.0,0.0
ridge_net_return,stress,2026-02-06,200.0,200.0,200.0,0.0,0.0
ridge_net_return,stress,2026-02-07,200.0,200.0,200.0,0.0,0.0
ridge_net_return,stress,2026-02-08,200.0,200.0,200.0,0.0,0.0
ridge_net_return,stress,2026-02-09,200.0,200.0,200.0,0.0,0.0
ridge_net_return,stress,2026-02-10,200.0,200.0,200.0,0.0,0.0
ridge_net_return,stress,2026-02-11,200.0,200.0,200.0,0.0,0.0
ridge_net_return,stress,2026-02-12,200.0,200.0,200.0,0.0,0.0
ridge_net_return,stress,2026-02-13,200.0,200.0,200.0,0.0,0.0
ridge_net_return,stress,2026-02-14,200.0,200.0,200.0,0.0,0.0
ridge_net_return,stress,2026-02-15,200.0,200.0,200.0,0.0,0.0
ridge_net_return,stress,2026-02-16,200.0,200.0,200.0,0.0,0.0
ridge_net_return,stress,2026-02-17,200.0,200.0,200.0,0.0,0.0
ridge_net_return,stress,2026-02-18,200.0,200.0,200.0,0.0,0.0
ridge_net_return,stress,2026-02-19,200.0,200.0,200.0,0.0,0.0
ridge_net_return,stress,2026-02-20,200.0,200.0,200.0,0.0,0.0
ridge_net_return,stress,2026-02-21,200.0,200.0,200.0,0.0,0.0
ridge_net_return,stress,2026-02-22,200.0,200.0,200.0,0.0,0.0
ridge_net_return,stress,2026-02-23,200.0,200.0,200.0,0.0,0.0
ridge_net_return,stress,2026-02-24,200.0,200.0,200.0,0.0,0.0
ridge_net_return,stress,2026-02-25,200.0,200.0,200.0,0.0,0.0
ridge_net_return,stress,2026-02-26,200.0,200.0,200.0,0.0,0.0
ridge_net_return,stress,2026-02-27,200.0,200.0,200.0,0.0,0.0
ridge_net_return,stress,2026-02-28,200.0,200.0,200.0,0.0,0.0
ridge_net_return,stress,2026-03-01,200.0,200.0,200.0,0.0,0.0
ridge_net_return,stress,2026-03-02,198.59,199.97,198.59,0.03,0.0
ridge_net_return,stress,2026-03-03,196.73,198.57,196.73,0.02,-1.41
ridge_net_return,stress,2026-03-04,198.73,198.73,198.73,0.0,0.14
ridge_net_return,stress,2026-03-05,195.97,198.7,195.97,0.03,0.0
ridge_net_return,stress,2026-03-06,198.97,198.97,198.97,0.0,0.24
ridge_net_return,stress,2026-03-07,198.97,198.97,198.97,0.0,0.0
ridge_net_return,stress,2026-03-08,197.22,198.92,197.22,0.05,0.0
ridge_net_return,stress,2026-03-09,200.22,200.22,200.22,0.0,1.25
ridge_net_return,stress,2026-03-10,198.66,200.16,198.66,0.06,0.0
ridge_net_return,stress,2026-03-11,201.66,201.66,201.66,0.0,1.44
ridge_net_return,stress,2026-03-12,201.66,201.66,201.66,0.0,0.0
ridge_net_return,stress,2026-03-13,201.66,201.66,201.66,0.0,0.0
ridge_net_return,stress,2026-03-14,201.66,201.66,201.66,0.0,0.0
ridge_net_return,stress,2026-03-15,201.66,201.66,201.66,0.0,0.0
ridge_net_return,stress,2026-03-16,198.02,201.62,198.02,0.04,0.0
ridge_net_return,stress,2026-03-17,202.02,202.02,202.02,0.0,0.36
ridge_net_return,stress,2026-03-18,200.18,202.0,200.18,0.02,0.0
ridge_net_return,stress,2026-03-19,202.18,202.18,202.18,0.0,0.16
ridge_net_return,stress,2026-03-20,202.18,202.18,202.18,0.0,0.0
ridge_net_return,stress,2026-03-21,202.18,202.18,202.18,0.0,0.0
ridge_net_return,stress,2026-03-22,202.18,202.18,202.18,0.0,0.0
ridge_net_return,stress,2026-03-23,202.18,202.18,202.18,0.0,0.0
ridge_net_return,stress,2026-03-24,198.77,202.13,198.77,0.05,0.0
ridge_net_return,stress,2026-03-25,202.77,202.77,202.77,0.0,0.59
ridge_net_return,stress,2026-03-26,202.77,202.77,202.77,0.0,0.0
ridge_net_return,stress,2026-03-27,201.09,202.75,201.09,0.02,0.0
ridge_net_return,stress,2026-03-28,197.43,201.05,197.43,0.04,-1.68
ridge_net_return,stress,2026-03-29,199.43,199.43,199.43,0.0,-1.66
ridge_net_return,stress,2026-03-30,199.43,199.43,199.43,0.0,0.0
ridge_net_return,stress,2026-03-31,197.52,199.42,197.52,0.01,0.0
ridge_net_return,stress,2026-04-01,199.07,199.49,199.07,0.03,0.09
ridge_net_return,stress,2026-04-02,197.29,199.05,197.29,0.02,-0.45
ridge_net_return,stress,2026-04-03,197.29,197.29,197.29,0.0,-1.78
ridge_net_return,stress,2026-04-04,197.29,197.29,197.29,0.0,0.0
ridge_net_return,stress,2026-04-05,196.34,197.28,196.34,0.01,0.0
ridge_net_return,stress,2026-04-06,197.34,197.34,197.34,0.0,0.05
ridge_net_return,stress,2026-04-07,197.34,197.34,197.34,0.0,0.0
ridge_net_return,stress,2026-04-08,195.45,197.27,195.45,0.07,0.0
ridge_net_return,stress,2026-04-09,196.45,196.45,196.45,0.0,-0.89
ridge_net_return,stress,2026-04-10,196.45,196.45,196.45,0.0,0.0
ridge_net_return,stress,2026-04-11,196.45,196.45,196.45,0.0,0.0
ridge_net_return,stress,2026-04-12,194.98,196.38,194.98,0.07,0.0
ridge_net_return,stress,2026-04-13,193.23,194.95,193.23,0.03,-1.47
ridge_net_return,stress,2026-04-14,194.17,195.19,194.17,0.04,0.25
ridge_net_return,stress,2026-04-15,194.22,196.16,194.22,0.01,0.94
ridge_net_return,stress,2026-04-16,194.69,196.19,194.69,0.03,0.05
ridge_net_return,stress,2026-04-17,193.71,194.68,193.71,0.01,-1.53
ridge_net_return,stress,2026-04-18,194.71,194.71,194.71,0.0,0.02
ridge_net_return,stress,2026-04-19,191.43,194.61,191.43,0.1,0.0
ridge_net_return,stress,2026-04-20,193.43,193.43,193.43,0.0,-1.28
ridge_net_return,stress,2026-04-21,191.43,193.41,191.43,0.02,0.0
ridge_net_return,stress,2026-04-22,191.49,193.38,191.49,0.05,0.0
ridge_net_return,stress,2026-04-23,194.49,194.49,194.49,0.0,1.06
ridge_net_return,stress,2026-04-24,193.5,194.48,193.5,0.01,0.0
ridge_net_return,stress,2026-04-25,190.13,194.42,190.13,0.08,0.01
ridge_net_return,stress,2026-04-26,194.48,196.09,194.48,0.04,1.63
ridge_net_return,stress,2026-04-27,195.48,195.48,195.48,0.0,-0.65
ridge_net_return,stress,2026-04-28,194.5,195.47,194.5,0.01,0.0
ridge_net_return,stress,2026-04-29,195.39,195.49,195.39,0.01,0.02
ridge_net_return,stress,2026-04-30,195.13,195.37,195.13,0.02,-0.11
ridge_net_return,stress,2026-05-01,195.13,195.13,195.13,0.0,-0.26
ridge_net_return,stress,2026-05-02,195.13,195.13,195.13,0.0,0.0
ridge_net_return,stress,2026-05-03,195.13,195.13,195.13,0.0,0.0
ridge_net_return,stress,2026-05-04,195.13,195.13,195.13,0.0,0.0
ridge_net_return,stress,2026-05-05,195.13,195.13,195.13,0.0,0.0
ridge_net_return,stress,2026-05-06,195.13,195.13,195.13,0.0,0.0
ridge_net_return,stress,2026-05-07,195.13,195.13,195.13,0.0,0.0
ridge_net_return,stress,2026-05-08,195.13,195.13,195.13,0.0,0.0
ridge_net_return,stress,2026-05-09,195.13,195.13,195.13,0.0,0.0
ridge_net_return,stress,2026-05-10,193.3,195.07,193.3,0.06,0.0
ridge_net_return,stress,2026-05-11,192.18,193.26,192.18,0.04,-1.83
ridge_net_return,stress,2026-05-12,192.18,192.18,192.18,0.0,-1.12
ridge_net_return,stress,2026-05-13,192.18,192.18,192.18,0.0,0.0
ridge_net_return,stress,2026-05-14,192.18,192.18,192.18,0.0,0.0
ridge_net_return,stress,2026-05-15,192.18,192.18,192.18,0.0,0.0
ridge_net_return,stress,2026-05-16,192.18,192.18,192.18,0.0,0.0
ridge_net_return,stress,2026-05-17,191.02,192.15,191.02,0.03,0.0
ridge_net_return,stress,2026-05-18,191.04,192.01,191.04,0.01,-0.16
ridge_net_return,stress,2026-05-19,191.06,192.03,191.06,0.01,0.02
ridge_net_return,stress,2026-05-20,191.09,192.05,191.09,0.01,0.02
ridge_net_return,stress,2026-05-21,192.09,192.09,192.09,0.0,0.03
ridge_net_return,stress,2026-05-22,190.91,192.03,190.91,0.06,0.0
ridge_net_return,stress,2026-05-23,190.91,190.91,190.91,0.0,-1.18
ridge_net_return,stress,2026-05-24,190.91,190.91,190.91,0.0,0.0
ridge_net_return,stress,2026-05-25,190.91,190.91,190.91,0.0,0.0
ridge_net_return,stress,2026-05-26,190.91,190.91,190.91,0.0,0.0
ridge_net_return,stress,2026-05-27,190.91,190.91,190.91,0.0,0.0
ridge_net_return,stress,2026-05-28,190.78,190.9,190.78,0.01,0.0
ridge_net_return,stress,2026-05-29,189.79,190.77,189.79,0.01,-0.13
ridge_net_return,stress,2026-05-30,189.82,190.78,189.82,0.01,0.01
ridge_net_return,stress,2026-05-31,190.82,190.82,190.82,0.0,0.03
ridge_net_return,stress,2026-06-01,190.82,190.82,190.82,0.0,0.0
ridge_net_return,stress,2026-06-02,190.82,190.82,190.82,0.0,0.0
ridge_net_return,stress,2026-06-03,190.82,190.82,190.82,0.0,0.0
ridge_net_return,stress,2026-06-04,190.82,190.82,190.82,0.0,0.0
ridge_net_return,stress,2026-06-05,190.82,190.82,190.82,0.0,0.0
ridge_net_return,stress,2026-06-06,190.82,190.82,190.82,0.0,0.0
ridge_net_return,stress,2026-06-07,190.82,190.82,190.82,0.0,0.0
ridge_net_return,stress,2026-06-08,190.82,190.82,190.82,0.0,0.0
ridge_net_return,stress,2026-06-09,190.82,190.82,190.82,0.0,0.0
ridge_net_return,stress,2026-06-10,190.82,190.82,190.82,0.0,0.0
ridge_net_return,stress,2026-06-11,190.82,190.82,190.82,0.0,0.0
ridge_net_return,stress,2026-06-12,190.82,190.82,190.82,0.0,0.0
ridge_net_return,stress,2026-06-13,190.82,190.82,190.82,0.0,0.0
ridge_net_return,stress,2026-06-14,190.82,190.82,190.82,0.0,0.0
ridge_net_return,stress,2026-06-15,190.82,190.82,190.82,0.0,0.0
ridge_net_return,stress,2026-06-16,190.82,190.82,190.82,0.0,0.0
ridge_net_return,stress,2026-06-17,190.82,190.82,190.82,0.0,0.0
ridge_net_return,stress,2026-06-18,190.82,190.82,190.82,0.0,0.0
ridge_net_return,stress,2026-06-19,190.82,190.82,190.82,0.0,0.0
ridge_net_return,stress,2026-06-20,190.82,190.82,190.82,0.0,0.0
ridge_net_return,stress,2026-06-21,190.82,190.82,190.82,0.0,0.0
ridge_net_return,stress,2026-06-22,190.82,190.82,190.82,0.0,0.0
ridge_net_return,stress,2026-06-23,190.82,190.82,190.82,0.0,0.0
ridge_net_return,stress,2026-06-24,190.82,190.82,190.82,0.0,0.0
ridge_net_return,stress,2026-06-25,190.82,190.82,190.82,0.0,0.0
ridge_net_return,stress,2026-06-26,190.82,190.82,190.82,0.0,0.0
ridge_net_return,stress,2026-06-27,190.82,190.82,190.82,0.0,0.0
ridge_net_return,stress,2026-06-28,190.82,190.82,190.82,0.0,0.0
ridge_net_return,stress,2026-06-29,190.82,190.82,190.82,0.0,0.0
ridge_net_return,stress,2026-06-30,190.82,190.82,190.82,0.0,0.0
ridge_net_return,stress,2026-07-01,190.82,190.82,190.82,0.0,0.0
ridge_net_return,stress,2026-07-02,190.82,190.82,190.82,0.0,0.0
ridge_net_return,stress,2026-07-03,190.82,190.82,190.82,0.0,0.0
ridge_net_return,stress,2026-07-04,190.82,190.82,190.82,0.0,0.0
ridge_net_return,stress,2026-07-05,190.82,190.82,190.82,0.0,0.0
ridge_net_return,stress,2026-07-06,190.82,190.82,190.82,0.0,0.0
ridge_net_return,stress,2026-07-07,190.82,190.82,190.82,0.0,0.0
ridge_net_return,stress,2026-07-08,190.82,190.82,190.82,0.0,0.0
ridge_net_return,stress,2026-07-09,190.82,190.82,190.82,0.0,0.0
ridge_net_return,stress,2026-07-10,190.82,190.82,190.82,0.0,0.0
ridge_net_return,stress,2026-07-11,190.82,190.82,190.82,0.0,0.0
ridge_net_return,stress,2026-07-12,190.82,190.82,190.82,0.0,0.0
ridge_net_return,stress,2026-07-13,190.82,190.82,190.82,0.0,0.0
ridge_net_return,stress,2026-07-14,190.82,190.82,190.82,0.0,0.0
ridge_net_return,stress,2026-07-15,190.82,190.82,190.82,0.0,0.0
ridge_net_return,stress,2026-07-16,190.82,190.82,190.82,0.0,0.0
ridge_net_return,stress,2026-07-17,190.82,190.82,190.82,0.0,0.0
ridge_net_return,stress,2026-07-18,190.82,190.82,190.82,0.0,0.0
ridge_net_return,stress,2026-07-19,190.82,190.82,190.82,0.0,0.0
ridge_net_return,stress,2026-07-20,190.82,190.82,190.82,0.0,0.0
ridge_net_return,stress,2026-07-21,190.82,190.82,190.82,0.0,0.0
ridge_net_return,stress,2026-07-22,190.82,190.82,190.82,0.0,0.0
ridge_net_return,stress,2026-07-23,190.82,190.82,190.82,0.0,0.0
ridge_net_return,stress,2026-07-24,190.82,190.82,190.82,0.0,0.0
ridge_net_return,stress,2026-07-25,190.82,190.82,190.82,0.0,0.0
ridge_net_return,stress,2026-07-26,190.82,190.82,190.82,0.0,0.0
ridge_net_return,stress,2026-07-27,190.82,190.82,190.82,0.0,0.0
ridge_net_return,stress,2026-07-28,190.82,190.82,190.82,0.0,0.0
ridge_net_return,stress,2026-07-29,190.82,190.82,190.82,0.0,0.0
ridge_net_return,stress,2026-07-30,190.82,190.82,190.82,0.0,0.0
ridge_net_return,stress,2026-07-31,190.82,190.82,190.82,0.0,0.0
ridge_net_return,stress,2026-08-01,190.82,190.82,190.82,0.0,0.0
ridge_net_return,stress,2026-08-02,190.82,190.82,190.82,0.0,0.0
ridge_net_return,stress,2026-08-03,190.82,190.82,190.82,0.0,0.0
ridge_net_return,stress,2026-08-04,190.82,190.82,190.82,0.0,0.0
ridge_net_return,stress,2026-08-05,190.82,190.82,190.82,0.0,0.0
ridge_net_return,stress,2026-08-06,190.82,190.82,190.82,0.0,0.0
ridge_net_return,stress,2026-08-07,190.82,190.82,190.82,0.0,0.0
ridge_net_return,stress,2026-08-08,190.82,190.82,190.82,0.0,0.0
ridge_net_return,stress,2026-08-09,190.82,190.82,190.82,0.0,0.0
ridge_net_return,stress,2026-08-10,190.82,190.82,190.82,0.0,0.0
ridge_net_return,stress,2026-08-11,190.82,190.82,190.82,0.0,0.0
ridge_net_return,stress,2026-08-12,190.82,190.82,190.82,0.0,0.0
ridge_net_return,stress,2026-08-13,190.82,190.82,190.82,0.0,0.0
ridge_net_return,stress,2026-08-14,190.82,190.82,190.82,0.0,0.0
ridge_net_return,stress,2026-08-15,190.82,190.82,190.82,0.0,0.0
ridge_net_return,stress,2026-08-16,190.82,190.82,190.82,0.0,0.0
ridge_net_return,stress,2026-08-17,190.82,190.82,190.82,0.0,0.0
ridge_net_return,stress,2026-08-18,190.82,190.82,190.82,0.0,0.0
ridge_net_return,stress,2026-08-19,190.82,190.82,190.82,0.0,0.0
ridge_net_return,stress,2026-08-20,190.82,190.82,190.82,0.0,0.0
ridge_net_return,stress,2026-08-21,190.82,190.82,190.82,0.0,0.0
ridge_net_return,stress,2026-08-22,190.82,190.82,190.82,0.0,0.0
ridge_net_return,stress,2026-08-23,190.82,190.82,190.82,0.0,0.0
ridge_net_return,stress,2026-08-24,190.82,190.82,190.82,0.0,0.0
ridge_net_return,stress,2026-08-25,190.82,190.82,190.82,0.0,0.0
ridge_net_return,stress,2026-08-26,190.82,190.82,190.82,0.0,0.0
ridge_net_return,stress,2026-08-27,190.82,190.82,190.82,0.0,0.0
ridge_net_return,stress,2026-08-28,190.82,190.82,190.82,0.0,0.0
ridge_net_return,stress,2026-08-29,190.82,190.82,190.82,0.0,0.0
ridge_net_return,stress,2026-08-30,190.82,190.82,190.82,0.0,0.0
ridge_net_return,stress,2026-08-31,190.82,190.82,190.82,0.0,0.0
ridge_net_return,stress,2026-09-01,190.82,190.82,190.82,0.0,0.0
ridge_net_return,stress,2026-09-02,190.82,190.82,190.82,0.0,0.0
ridge_net_return,stress,2026-09-03,190.82,190.82,190.82,0.0,0.0
ridge_net_return,stress,2026-09-04,190.82,190.82,190.82,0.0,0.0
ridge_net_return,stress,2026-09-05,190.82,190.82,190.82,0.0,0.0
